-- phpMyAdmin SQL Dump
-- version 5.0.4
-- https://www.phpmyadmin.net/
--
-- Host: 127.0.0.1
-- Generation Time: Aug 30, 2022 at 05:02 PM
-- Server version: 10.4.17-MariaDB
-- PHP Version: 8.0.2

SET SQL_MODE = "NO_AUTO_VALUE_ON_ZERO";
START TRANSACTION;
SET time_zone = "+00:00";


/*!40101 SET @OLD_CHARACTER_SET_CLIENT=@@CHARACTER_SET_CLIENT */;
/*!40101 SET @OLD_CHARACTER_SET_RESULTS=@@CHARACTER_SET_RESULTS */;
/*!40101 SET @OLD_COLLATION_CONNECTION=@@COLLATION_CONNECTION */;
/*!40101 SET NAMES utf8mb4 */;

--
-- Database: `sbs_dev_db`
--

-- --------------------------------------------------------

--
-- Table structure for table `antrian`
--

CREATE TABLE `antrian` (
  `id` int(11) NOT NULL,
  `batch` varchar(25) NOT NULL,
  `antrian` int(11) NOT NULL
) ENGINE=MyISAM DEFAULT CHARSET=latin1;

--
-- Dumping data for table `antrian`
--

INSERT INTO `antrian` (`id`, `batch`, `antrian`) VALUES
(1, 'BATCH 01', 0),
(2, 'BATCH 02', 0),
(3, 'BATCH 03', 0);

-- --------------------------------------------------------

--
-- Table structure for table `cashes`
--

CREATE TABLE `cashes` (
  `id` int(10) UNSIGNED NOT NULL,
  `cash_number` varchar(255) COLLATE utf8mb4_unicode_ci NOT NULL,
  `trans_date` timestamp NOT NULL DEFAULT current_timestamp() ON UPDATE current_timestamp(),
  `category` int(11) NOT NULL,
  `description` varchar(255) COLLATE utf8mb4_unicode_ci NOT NULL,
  `cash_value` int(11) NOT NULL,
  `created_at` timestamp NULL DEFAULT NULL,
  `updated_at` timestamp NULL DEFAULT NULL
) ENGINE=InnoDB DEFAULT CHARSET=utf8mb4 COLLATE=utf8mb4_unicode_ci;

--
-- Dumping data for table `cashes`
--

INSERT INTO `cashes` (`id`, `cash_number`, `trans_date`, `category`, `description`, `cash_value`, `created_at`, `updated_at`) VALUES
(79, 'CH-000001', '2019-07-31 17:00:00', 1, 'Kas dari Danamon', 7763000, '2019-10-04 04:06:52', '2019-10-04 04:06:52'),
(80, 'CH-000080', '2019-07-31 17:00:00', 2, 'Uang makan 2 hari ke Forbo (bg rizal & bg roni)', 60000, '2019-10-04 04:07:36', '2019-10-04 04:07:36'),
(81, 'CH-000081', '2019-07-31 17:00:00', 2, 'Uang parkir & spsi', 20000, '2019-10-04 04:09:29', '2019-10-04 04:09:29'),
(82, 'CH-000082', '2019-07-31 17:00:00', 2, 'Matrai 3000 = 5 pc', 20000, '2019-10-04 04:10:55', '2019-10-04 04:10:55'),
(83, 'CH-000083', '2019-07-31 17:00:00', 2, 'Uang makan ke medisafe (bg gusti & bg doni)', 50000, '2019-10-04 04:12:00', '2019-10-04 04:12:00'),
(84, 'CH-000084', '2019-07-31 17:00:00', 2, 'Solar u/ karet', 300000, '2019-10-04 04:12:31', '2019-10-04 04:12:31'),
(85, 'CH-000085', '2019-07-31 17:00:00', 2, 'Beli silicon u/ karet', 250000, '2019-10-04 04:13:13', '2019-10-04 04:13:13'),
(86, 'CH-000086', '2019-07-31 17:00:00', 2, 'Multiplek untuk Forbo', 750000, '2019-10-04 04:13:42', '2019-10-04 04:13:42'),
(87, 'CH-000087', '2019-07-31 17:00:00', 2, 'Isi kartu tol', 50000, '2019-10-04 04:14:03', '2019-10-04 04:14:03'),
(88, 'CH-000088', '2019-07-31 17:00:00', 2, 'Bayar pengobatan Bg Budi', 150000, '2019-10-04 04:14:28', '2019-10-04 04:14:28'),
(89, 'CH-000089', '2019-07-31 17:00:00', 2, 'Uang koran', 170000, '2019-10-04 04:16:54', '2019-10-04 04:16:54'),
(90, 'CH-000090', '2019-07-31 17:00:00', 2, 'Uang solar Terios ke Putra tech', 50000, '2019-10-04 04:17:26', '2019-10-04 04:17:26'),
(91, 'CH-000091', '2019-07-31 17:00:00', 2, 'Uang parkir & spsi', 20000, '2019-10-04 04:17:51', '2019-10-04 04:17:51'),
(92, 'CH-000092', '2019-07-31 17:00:00', 2, 'Gorengan Indofood', 20000, '2019-10-04 04:18:50', '2019-10-04 04:18:50'),
(93, 'CH-000093', '2019-07-31 17:00:00', 2, 'Uang parkir', 10000, '2019-10-04 04:19:17', '2019-10-04 04:19:17'),
(94, 'CH-000094', '2019-07-31 17:00:00', 2, 'Bayar service kereta Supra', 330000, '2019-10-04 04:20:03', '2019-10-04 04:20:03'),
(95, 'CH-000095', '2019-07-31 17:00:00', 2, 'Beli pulpen 1 kotak', 20000, '2019-10-04 04:20:35', '2019-10-04 04:20:35'),
(96, 'CH-000096', '2019-08-01 17:00:00', 2, 'Beli bola lampu u/ kamar mandi kantor', 50000, '2019-10-04 04:21:56', '2019-10-04 04:21:56'),
(97, 'CH-000097', '2019-08-01 17:00:00', 2, 'Bayar Suminsurya', 690000, '2019-10-04 04:22:22', '2019-10-04 04:22:22'),
(98, 'CH-000098', '2019-08-01 17:00:00', 2, 'Beli A4', 50000, '2019-10-04 04:22:39', '2019-10-04 04:22:39'),
(99, 'CH-000099', '2019-08-01 17:00:00', 2, 'Beli aqua galon = 3 botol', 60000, '2019-10-04 04:23:05', '2019-10-04 04:23:05'),
(100, 'CH-000100', '2019-08-02 17:00:00', 2, 'Bayar minyak kantor sebelah', 177000, '2019-10-04 04:23:28', '2019-10-04 04:23:28'),
(101, 'CH-000101', '2019-08-02 17:00:00', 2, 'Beli matabor u/ KKM', 52000, '2019-10-04 04:23:56', '2019-10-04 04:23:56'),
(102, 'CH-000102', '2019-08-02 17:00:00', 2, 'Beli baut u/ Agitator KKM', 54000, '2019-10-04 04:24:34', '2019-10-04 04:24:34'),
(103, 'CH-000103', '2019-08-02 17:00:00', 2, 'Kekurangan gaji Bg Rizal lembur', 100000, '2019-10-04 04:25:11', '2019-10-04 04:25:11'),
(104, 'CH-000104', '2019-08-04 17:00:00', 2, 'Solar u/ karet', 300000, '2019-10-04 04:25:56', '2019-10-04 04:25:56'),
(105, 'CH-000105', '2019-08-04 17:00:00', 2, 'Isi angin ban pick up', 5000, '2019-10-04 04:28:36', '2019-10-04 04:28:36'),
(106, 'CH-000106', '2019-08-04 17:00:00', 2, 'Uang makan Bg rizal & Bg roni ke Forbo', 30000, '2019-10-04 04:29:14', '2019-10-04 04:29:14'),
(107, 'CH-000107', '2019-08-04 17:00:00', 2, 'Beli bendera merah putih', 35000, '2019-10-04 04:29:44', '2019-10-04 04:29:44'),
(108, 'CH-000108', '2019-08-04 17:00:00', 2, 'Solar Pick up', 100000, '2019-10-04 04:30:51', '2019-10-04 04:30:51'),
(109, 'CH-000109', '2019-08-04 17:00:00', 2, 'Bayar sampah', 150000, '2019-10-04 04:31:19', '2019-10-04 04:31:19'),
(110, 'CH-000110', '2019-08-04 17:00:00', 2, 'Uang jalan Bg rizal & bg roni ke forbo', 100000, '2019-10-04 04:33:34', '2019-10-04 04:33:34'),
(111, 'CH-000111', '2019-08-05 17:00:00', 2, 'Sumbangan 17an Gg sukamulia', 50000, '2019-10-04 04:40:48', '2019-10-04 04:40:48'),
(112, 'CH-000112', '2019-08-05 17:00:00', 2, 'Sumbangan 17an Gg Lokasi', 50000, '2019-10-04 04:41:35', '2019-10-04 04:41:35'),
(113, 'CH-000113', '2019-08-05 17:00:00', 2, 'Uang spsi, parkir & isi kartu tol', 50000, '2019-10-04 04:42:08', '2019-10-04 04:42:08'),
(114, 'CH-000114', '2019-08-06 17:00:00', 2, 'Beli Zinc Oxide', 100000, '2019-10-04 04:42:38', '2019-10-04 04:42:38'),
(115, 'CH-000115', '2019-08-06 17:00:00', 2, 'Spsi & parkir', 20000, '2019-10-04 04:43:02', '2019-10-04 04:43:02'),
(116, 'CH-000116', '2019-08-07 17:00:00', 2, 'Solar u/ karet', 300000, '2019-10-04 04:43:36', '2019-10-04 04:43:51'),
(117, 'CH-000117', '2019-08-07 17:00:00', 2, 'Uang parkir & spsi', 25000, '2019-10-04 04:45:46', '2019-10-04 04:45:46'),
(118, 'CH-000118', '2019-08-07 17:00:00', 2, 'Parkir', 10000, '2019-10-04 04:46:42', '2019-10-04 04:46:42'),
(119, 'CH-000119', '2019-08-07 17:00:00', 2, 'Matrai 6000 = 5 pcs', 35000, '2019-10-04 04:47:26', '2019-10-04 04:47:26'),
(120, 'CH-000120', '2019-08-07 17:00:00', 2, 'Solar pickup', 100000, '2019-10-04 04:48:10', '2019-10-04 04:48:10'),
(121, 'CH-000121', '2019-08-07 17:00:00', 2, 'Solar Terios', 50000, '2019-10-04 04:48:37', '2019-10-04 04:48:37'),
(122, 'CH-000122', '2019-08-07 17:00:00', 2, 'Beli Carbon Brush', 20000, '2019-10-04 04:49:16', '2019-10-04 04:49:16'),
(123, 'CH-000123', '2019-08-08 17:00:00', 2, 'Solar Terios', 50000, '2019-10-04 04:49:52', '2019-10-04 04:49:52'),
(124, 'CH-000124', '2019-08-08 17:00:00', 2, 'Uang parkir', 20000, '2019-10-04 04:50:17', '2019-10-04 04:50:17'),
(125, 'CH-000125', '2019-08-08 17:00:00', 2, 'Solar u/ karet', 300000, '2019-10-04 04:50:37', '2019-10-04 04:50:37'),
(126, 'CH-000126', '2019-08-08 17:00:00', 2, 'Beli mangga & jeruk u/ Pak Loli Sosro', 100000, '2019-10-04 04:51:24', '2019-10-04 04:51:24'),
(127, 'CH-000127', '2019-08-08 17:00:00', 1, 'Pembelian Pak Mistriono', 250000, '2019-10-04 04:51:54', '2019-10-04 04:51:54'),
(128, 'CH-000128', '2019-08-08 17:00:00', 2, 'Solar Pick up', 100000, '2019-10-04 04:57:34', '2019-10-04 04:57:34'),
(129, 'CH-000129', '2019-08-08 17:00:00', 2, 'Untuk Lek Edy', 50000, '2019-10-04 04:57:55', '2019-10-04 04:57:55'),
(130, 'CH-000130', '2019-08-08 17:00:00', 2, 'Bayar Prima Diesel', 150000, '2019-10-04 04:58:16', '2019-10-04 04:58:16'),
(131, 'CH-000131', '2019-08-08 17:00:00', 2, 'Bayar bajanas', 18000, '2019-10-04 04:58:35', '2019-10-04 04:58:35'),
(132, 'CH-000132', '2019-08-08 17:00:00', 2, 'Beli Pir u/ Pak Loli Sosro', 33000, '2019-10-04 04:59:04', '2019-10-04 04:59:04'),
(133, 'CH-000133', '2019-08-08 17:00:00', 2, 'Beli lakban coklat', 15000, '2019-10-04 04:59:25', '2019-10-04 04:59:25'),
(134, 'CH-000134', '2019-08-08 17:00:00', 2, 'Uang parkir', 20000, '2019-10-04 04:59:47', '2019-10-04 04:59:47'),
(136, 'CH-000135', '2019-08-11 17:00:00', 2, 'solar pickup', 50000, '2019-10-07 06:48:04', '2019-10-07 06:48:04'),
(137, 'CH-000137', '2019-08-11 17:00:00', 2, 'bayar sumbangan', 30000, '2019-10-07 06:52:05', '2019-10-07 06:52:05'),
(138, 'CH-000138', '2019-08-11 17:00:00', 2, 'minyak kereta dan minyak untuk mesin bengkel', 187000, '2019-10-07 06:54:52', '2019-10-07 06:54:52'),
(139, 'CH-000139', '2019-08-12 17:00:00', 2, 'sabun untuk  kantor', 78000, '2019-10-07 06:56:25', '2019-10-07 06:56:25'),
(140, 'CH-000140', '2019-08-12 17:00:00', 2, 'caco3 untuk rubber', 200000, '2019-10-07 06:57:28', '2019-10-07 08:43:26'),
(141, 'CH-000141', '2019-08-12 17:00:00', 2, 'beli solar', 300000, '2019-10-07 06:58:34', '2019-10-07 06:58:34'),
(142, 'CH-000142', '2019-08-12 17:00:00', 2, 'sumbangan 17 agustus', 50000, '2019-10-07 06:59:38', '2019-10-07 06:59:38'),
(143, 'CH-000143', '2019-08-12 17:00:00', 1, 'uang sisa dk', 45000, '2019-10-07 07:00:57', '2019-10-07 07:00:57'),
(145, 'CH-000145', '2019-08-13 17:00:00', 2, 'beli solar pickup', 50000, '2019-10-07 07:02:48', '2019-10-07 07:02:48'),
(146, 'CH-000146', '2019-08-13 17:00:00', 2, 'uang spsi dan parkir', 20000, '2019-10-07 07:03:34', '2019-10-07 07:03:34'),
(147, 'CH-000147', '2019-08-14 17:00:00', 2, 'uang spsi dan parkir', 20000, '2019-10-07 07:04:35', '2019-10-07 07:04:35'),
(148, 'CH-000148', '2019-08-14 17:00:00', 2, 'uang parkir', 10000, '2019-10-07 07:05:18', '2019-10-07 07:05:18'),
(149, 'CH-000149', '2019-08-14 17:00:00', 2, 'bayar indiehome', 489500, '2019-10-07 07:06:09', '2019-10-07 07:06:09'),
(150, 'CH-000150', '2019-08-14 17:00:00', 2, 'fax wakinara', 44000, '2019-10-07 07:07:27', '2019-10-07 07:07:27'),
(151, 'CH-000151', '2019-08-14 17:00:00', 2, 'telepon wakinara', 691000, '2019-10-07 07:08:17', '2019-10-07 07:08:17'),
(152, 'CH-000152', '2019-08-14 17:00:00', 2, 'listrik wakinara', 1313500, '2019-10-07 07:09:29', '2019-10-07 07:09:29'),
(153, 'CH-000153', '2019-08-14 17:00:00', 2, 'listrik bang jamil', 945000, '2019-10-07 07:10:41', '2019-10-07 07:10:41'),
(154, 'CH-000154', '2019-08-14 17:00:00', 2, 'listrik pak haji', 326000, '2019-10-07 07:11:32', '2019-10-07 07:11:32'),
(155, 'CH-000155', '2019-08-14 17:00:00', 2, 'bpjs kesehatan', 1032000, '2019-10-07 07:12:43', '2019-10-07 07:12:43'),
(156, 'CH-000156', '2019-08-14 17:00:00', 2, 'panel agitator KKM', 2000000, '2019-10-07 07:19:51', '2019-10-07 07:19:51'),
(157, 'CH-000157', '2019-08-14 17:00:00', 2, 'BPJS ketenagakerjaan', 2430000, '2019-10-07 07:22:30', '2019-10-07 07:22:30'),
(158, 'CH-000158', '2019-08-14 17:00:00', 2, 'kekurangan DK indofood', 600000, '2019-10-07 07:24:21', '2019-10-07 07:24:21'),
(159, 'CH-000159', '2019-08-14 17:00:00', 1, 'kas dari danamon', 15000000, '2019-10-07 07:25:12', '2019-10-07 07:25:12'),
(160, 'CH-000160', '2019-08-14 17:00:00', 2, 'solar', 300000, '2019-10-07 07:25:50', '2019-10-07 07:25:50'),
(161, 'CH-000161', '2019-08-14 17:00:00', 2, 'beli a4', 50000, '2019-10-07 07:26:38', '2019-10-07 07:26:38'),
(162, 'CH-000162', '2019-08-14 17:00:00', 2, 'beli plastik untuk rubber dan solar', 210000, '2019-10-07 07:27:42', '2019-10-07 07:37:33'),
(163, 'CH-000163', '2019-08-15 17:00:00', 2, 'bg topik bayar listrik bg alan', 700000, '2019-10-07 07:30:19', '2019-10-07 07:37:58'),
(164, 'CH-000164', '2019-08-15 17:00:00', 2, 'solar pick up', 100000, '2019-10-07 07:33:26', '2019-10-07 07:33:26'),
(165, 'CH-000165', '2019-08-15 17:00:00', 2, 'uang spsi+parkir', 20000, '2019-10-07 07:34:49', '2019-10-07 07:34:49'),
(166, 'CH-000166', '2019-08-15 17:00:00', 2, 'bayar mnyak kantor sebelah', 212000, '2019-10-07 07:35:24', '2019-10-07 07:35:24'),
(168, 'CH-000167', '2019-08-15 17:00:00', 2, 'bayar lpg tok + n2', 1835000, '2019-10-07 07:40:25', '2019-10-07 07:40:25'),
(169, 'CH-000169', '2019-08-18 17:00:00', 2, 'beli karet super', 580000, '2019-10-07 07:41:44', '2019-10-07 07:41:44'),
(170, 'CH-000170', '2019-08-18 17:00:00', 2, 'om misno kebelawan', 890000, '2019-10-07 07:45:10', '2019-10-07 07:45:10'),
(171, 'CH-000171', '2019-08-18 17:00:00', 2, 'bang beni untuk beli tv', 200000, '2019-10-07 07:46:34', '2019-10-07 07:46:34'),
(172, 'CH-000172', '2019-08-18 17:00:00', 2, 'solar terios+doorsmeer', 100000, '2019-10-07 07:47:41', '2019-10-07 07:47:41'),
(173, 'CH-000173', '2019-08-18 17:00:00', 2, 'beli baut stud', 100000, '2019-10-07 07:48:59', '2019-10-07 07:48:59'),
(174, 'CH-000174', '2019-08-18 17:00:00', 2, 'baterai pick up', 50000, '2019-10-07 07:49:44', '2019-10-07 07:49:44'),
(175, 'CH-000175', '2019-08-18 17:00:00', 2, 'uang parkir', 10000, '2019-10-07 07:50:29', '2019-10-07 07:50:29'),
(176, 'CH-000176', '2019-08-19 17:00:00', 2, 'solar pick up', 50000, '2019-10-07 07:51:20', '2019-10-07 07:51:20'),
(177, 'CH-000177', '2019-08-19 17:00:00', 2, 'untuk bayar pak sarkum plat tekuk', 210000, '2019-10-07 07:52:38', '2019-10-07 07:52:38'),
(178, 'CH-000178', '2019-08-19 17:00:00', 2, 'beli lakban', 20000, '2019-10-07 07:53:30', '2019-10-07 07:55:59'),
(179, 'CH-000179', '2019-08-19 17:00:00', 2, 'bayar mustla', 75000, '2019-10-07 07:54:58', '2019-10-07 07:54:58'),
(180, 'CH-000180', '2019-08-19 17:00:00', 2, 'solar', 300000, '2019-10-07 07:56:56', '2019-10-07 07:56:56'),
(181, 'CH-000181', '2019-08-20 17:00:00', 2, 'sumbangan masjid', 20000, '2019-10-07 07:57:41', '2019-10-07 07:57:41'),
(182, 'CH-000182', '2019-08-20 17:00:00', 1, 'Mistriono', 500000, '2019-10-07 07:59:07', '2019-10-07 07:59:07'),
(183, 'CH-000183', '2019-08-20 17:00:00', 2, 'beli spring roll gbh', 113000, '2019-10-07 08:00:11', '2019-10-07 08:00:11'),
(184, 'CH-000184', '2019-08-20 17:00:00', 2, 'uang parkir', 15000, '2019-10-07 08:00:52', '2019-10-07 08:00:52'),
(185, 'CH-000185', '2019-08-20 17:00:00', 2, 'beli baut untk pak suryadi', 200000, '2019-10-07 08:01:53', '2019-10-07 08:01:53'),
(186, 'CH-000186', '2019-08-21 17:00:00', 1, 'kas dari bang kiki', 300000, '2019-10-07 08:02:53', '2019-10-07 08:02:53'),
(187, 'CH-000187', '2019-08-21 17:00:00', 2, 'uang solar pickup', 50000, '2019-10-07 08:03:44', '2019-10-07 08:03:44'),
(188, 'CH-000188', '2019-08-21 17:00:00', 2, 'beli cat pilox 2pcs', 42000, '2019-10-07 08:05:48', '2019-10-07 08:05:48'),
(189, 'CH-000189', '2019-08-21 17:00:00', 2, 'uang parkir', 15000, '2019-10-07 08:06:29', '2019-10-07 08:06:29'),
(190, 'CH-000190', '2019-08-21 17:00:00', 2, 'beli dempul', 20000, '2019-10-07 08:08:08', '2019-10-07 08:08:08'),
(191, 'CH-000191', '2019-08-22 17:00:00', 2, 'uang parkir', 20000, '2019-10-07 08:11:28', '2019-10-07 08:11:28'),
(192, 'CH-000192', '2019-08-22 17:00:00', 1, 'uang kas dari bang kiki', 200000, '2019-10-07 08:12:10', '2019-10-07 08:12:10'),
(193, 'CH-000193', '2019-08-22 17:00:00', 2, 'bayar listrik bang alan', 50000, '2019-10-07 08:18:08', '2019-10-07 08:18:08'),
(194, 'CH-000194', '2019-08-22 17:00:00', 2, 'isi minyak supra', 15000, '2019-10-07 08:19:37', '2019-10-07 08:19:37'),
(195, 'CH-000195', '2019-08-22 17:00:00', 2, 'uang parkir', 6000, '2019-10-07 08:21:40', '2019-10-07 08:21:40'),
(196, 'CH-000196', '2019-08-22 17:00:00', 2, 'solar karet', 300000, '2019-10-07 08:22:09', '2019-10-07 08:22:09'),
(197, 'CH-000197', '2019-08-22 17:00:00', 2, 'solar pick up', 100000, '2019-10-07 08:24:11', '2019-10-07 08:24:11'),
(198, 'CH-000198', '2019-08-22 17:00:00', 2, 'spsi+parkir', 20000, '2019-10-07 08:25:16', '2019-10-07 08:25:16'),
(199, 'CH-000199', '2019-08-22 17:00:00', 2, 'kartu tol', 50000, '2019-10-07 08:25:50', '2019-10-07 08:25:50'),
(201, 'CH-000201', '2019-08-22 17:00:00', 2, 'ongkos becak untuk indofood proyek', 100000, '2019-10-07 08:27:32', '2019-10-07 08:27:32'),
(202, 'CH-000202', '2019-08-23 17:00:00', 1, 'kas dari bang kiki', 300000, '2019-10-07 08:29:41', '2019-10-07 08:29:41'),
(203, 'CH-000203', '2019-08-23 17:00:00', 2, 'beli solar', 300000, '2019-10-07 08:30:20', '2019-10-07 08:30:20'),
(204, 'CH-000204', '2019-08-23 17:00:00', 2, 'uang minum bang aidil,aji,beny untuk racun api', 30000, '2019-10-07 08:32:22', '2019-10-07 08:32:22'),
(206, 'CH-000206', '2019-08-25 17:00:00', 1, 'kas dari bang kiki', 1000000, '2019-10-07 08:34:27', '2019-10-07 08:34:27'),
(207, 'CH-000207', '2019-08-25 17:00:00', 2, 'bayar untuk pengangkutan als ambil plastik strip', 1000000, '2019-10-07 08:37:56', '2019-10-07 08:37:56'),
(209, 'CH-000209', '2019-08-25 17:00:00', 1, 'kas dari bang kiki', 590000, '2019-10-07 08:39:06', '2019-10-07 08:39:06'),
(210, 'CH-000210', '2019-08-25 17:00:00', 1, 'kas dari bang kiki', 500000, '2019-10-07 08:40:08', '2019-10-09 01:52:51'),
(211, 'CH-000211', '2019-08-25 17:00:00', 2, 'beli ca co3', 200000, '2019-10-07 08:41:36', '2019-10-07 08:41:36'),
(212, 'CH-000212', '2019-08-25 17:00:00', 2, 'beli matabor untuk indofood proyek', 113000, '2019-10-07 08:44:44', '2019-10-07 08:44:44'),
(213, 'CH-000213', '2019-08-25 17:00:00', 2, 'uang minyak pick up', 50000, '2019-10-07 08:45:22', '2019-10-07 08:45:22'),
(214, 'CH-000214', '2019-08-25 17:00:00', 2, 'uang parkir', 15000, '2019-10-07 08:47:08', '2019-10-07 08:47:08'),
(215, 'CH-000215', '2019-08-25 17:00:00', 1, 'kas dari bang kiki', 200000, '2019-10-07 08:47:56', '2019-10-07 08:47:56'),
(216, 'CH-000216', '2019-08-26 17:00:00', 1, 'uang kas dari bang kiki', 650000, '2019-10-07 08:48:44', '2019-10-07 08:48:44'),
(217, 'CH-000217', '2019-08-26 17:00:00', 2, 'beli baut untuk agitator', 50000, '2019-10-07 08:49:49', '2019-10-07 08:49:49'),
(218, 'CH-000218', '2019-08-26 17:00:00', 2, 'bayar pengangkutan chipstoker (pancasahabat)', 442000, '2019-10-07 08:52:05', '2019-10-07 08:52:05'),
(220, 'CH-000220', '2019-08-26 17:00:00', 2, 'beli bearing rapp', 250000, '2019-10-07 08:53:33', '2019-10-07 08:53:33'),
(221, 'CH-000221', '2019-08-26 17:00:00', 2, 'uang parkir', 15000, '2019-10-07 08:54:08', '2019-10-07 08:54:08'),
(222, 'CH-000222', '2019-08-26 17:00:00', 2, 'uang minyak ke kkm medisafe', 10000, '2019-10-07 08:55:49', '2019-10-07 08:55:49'),
(223, 'CH-000223', '2019-08-26 17:00:00', 2, 'solar', 300000, '2019-10-07 08:56:54', '2019-10-07 08:56:54'),
(224, 'CH-000224', '2019-08-26 17:00:00', 2, 'ke kkm    uang mkan 2 orang  bang rizal  5hari', 100000, '2019-10-07 08:59:18', '2019-10-07 08:59:18'),
(225, 'CH-000225', '2019-08-26 17:00:00', 2, 'uang solar pickup', 50000, '2019-10-07 08:59:53', '2019-10-07 08:59:53'),
(226, 'CH-000226', '2019-08-26 17:00:00', 2, 'parkir', 10000, '2019-10-07 09:00:34', '2019-10-07 09:00:34'),
(227, 'CH-000227', '2019-08-27 17:00:00', 2, 'solar pickup', 50000, '2019-10-07 09:01:47', '2019-10-07 09:01:47'),
(228, 'CH-000228', '2019-09-27 17:00:00', 2, 'uang spsi + parkir', 20000, '2019-10-07 09:03:49', '2019-10-07 09:06:30'),
(230, 'CH-000230', '2019-08-27 17:00:00', 2, 'beli kapur barus li kamar mandi', 18500, '2019-10-07 09:05:42', '2019-10-08 02:21:30'),
(231, 'CH-000231', '2019-08-27 17:00:00', 2, 'bayar minyak kereta dan minyak untuk mesin bengkel', 100000, '2019-10-07 09:07:22', '2019-10-07 09:11:36'),
(232, 'CH-000232', '2019-08-27 17:00:00', 2, 'uang beli soni', 20000, '2019-10-07 09:07:57', '2019-10-07 09:07:57'),
(233, 'CH-000233', '2019-08-27 17:00:00', 2, 'beli ring', 20000, '2019-10-07 09:08:24', '2019-10-08 02:22:21'),
(234, 'CH-000234', '2019-08-28 17:00:00', 2, 'uang minyak supra ke medan', 15000, '2019-10-07 09:12:48', '2019-10-07 09:12:48'),
(235, 'CH-000235', '2019-08-28 17:00:00', 1, 'kas dari bang kiki', 1127000, '2019-10-07 09:13:19', '2019-10-08 02:22:53'),
(236, 'CH-000236', '2019-08-28 17:00:00', 2, 'solar', 300000, '2019-10-07 09:14:46', '2019-10-08 02:20:58'),
(237, 'CH-000237', '2019-08-28 17:00:00', 2, 'beli sikat gigi', 5000, '2019-10-08 02:24:01', '2019-10-08 02:24:01'),
(238, 'CH-000238', '2019-08-28 17:00:00', 2, 'alkohol', 10000, '2019-10-08 02:24:42', '2019-10-09 01:54:29'),
(239, 'CH-000239', '2019-08-29 17:00:00', 2, 'solar pick up', 100000, '2019-10-08 02:25:20', '2019-10-08 02:25:20'),
(240, 'CH-000240', '2019-08-29 17:00:00', 2, 'beli kertas a4', 50000, '2019-10-08 02:25:59', '2019-10-08 02:25:59'),
(241, 'CH-000241', '2019-08-29 17:00:00', 2, 'uang spsi+parkir', 25000, '2019-10-08 02:26:35', '2019-10-08 02:26:35'),
(242, 'CH-000242', '2019-08-30 17:00:00', 2, 'uang parkir+spsi', 20000, '2019-10-08 02:27:10', '2019-10-08 02:29:08'),
(243, 'CH-000243', '2019-08-30 17:00:00', 2, 'bayar minyak kantor sebelah', 150000, '2019-10-08 02:27:53', '2019-10-08 02:28:44'),
(244, 'CH-000244', '2019-09-01 17:00:00', 1, 'sisa gaji', 460000, '2019-10-08 02:30:02', '2019-10-08 02:30:02'),
(245, 'CH-000245', '2019-09-01 17:00:00', 2, 'bayar koran', 170000, '2019-10-08 02:30:35', '2019-10-09 01:55:26'),
(246, 'CH-000246', '2019-09-01 17:00:00', 2, 'solar pickup', 100000, '2019-10-08 02:32:04', '2019-10-08 02:32:04'),
(247, 'CH-000247', '2019-09-01 17:00:00', 2, 'solar karet', 300000, '2019-10-08 02:32:39', '2019-10-08 02:32:39'),
(248, 'CH-000248', '2019-09-02 17:00:00', 2, 'solar pick up + parkir', 60000, '2019-10-08 02:33:23', '2019-10-08 02:33:23'),
(249, 'CH-000249', '2019-09-02 17:00:00', 2, 'bayar stiker racun api', 630000, '2019-10-08 02:34:32', '2019-10-08 02:34:32'),
(250, 'CH-000250', '2019-09-03 17:00:00', 1, 'kas dari bang kiki', 1000000, '2019-10-08 02:35:11', '2019-10-08 02:35:11'),
(251, 'CH-000251', '2019-09-03 17:00:00', 2, 'solar', 300000, '2019-10-08 02:35:40', '2019-10-08 02:35:40'),
(252, 'CH-000252', '2019-09-03 17:00:00', 2, 'bayar pisau untuk rubber', 50000, '2019-10-08 02:39:53', '2019-10-08 02:39:53'),
(253, 'CH-000253', '2019-09-03 17:00:00', 2, 'bayar uang sampah', 150000, '2019-10-08 02:40:44', '2019-10-08 02:40:44'),
(254, 'CH-000254', '2019-09-04 17:00:00', 2, 'isi minyak modal bg kiki ke PLN Belawan', 100000, '2019-10-08 02:44:57', '2019-10-08 02:44:57'),
(255, 'CH-000255', '2019-09-04 17:00:00', 2, 'isi kartu tol', 50000, '2019-10-08 02:46:37', '2019-10-08 02:46:37'),
(256, 'CH-000256', '2019-09-04 17:00:00', 2, 'uang makan ke Belawan', 30000, '2019-10-08 02:47:26', '2019-10-08 02:47:26'),
(257, 'CH-000257', '2019-09-04 17:00:00', 2, 'uang parkir spsi', 20000, '2019-10-08 02:48:06', '2019-10-09 01:57:48'),
(258, 'CH-000258', '2019-09-04 17:00:00', 2, 'uang gorengan orang karet', 20000, '2019-10-08 02:49:17', '2019-10-08 02:49:17'),
(259, 'CH-000259', '2019-09-04 17:00:00', 2, 'beli tisue+superpell+clint', 53000, '2019-10-08 02:50:30', '2019-10-08 02:50:30'),
(260, 'CH-000260', '2019-09-04 17:00:00', 2, 'beli materai 3', 21000, '2019-10-08 02:51:37', '2019-10-08 02:51:37'),
(261, 'CH-000261', '2019-09-05 17:00:00', 2, 'beli cat pilox', 21000, '2019-10-08 02:52:13', '2019-10-08 02:52:13'),
(262, 'CH-000262', '2019-09-06 17:00:00', 1, 'kelebihan gaji', 600000, '2019-10-08 02:53:16', '2019-10-08 02:53:16'),
(263, 'CH-000263', '2019-09-06 17:00:00', 2, 'beli solar', 250000, '2019-10-08 02:53:44', '2019-10-08 02:53:44'),
(264, 'CH-000264', '2019-09-06 17:00:00', 2, 'beli solar pick up', 50000, '2019-10-08 02:54:27', '2019-10-08 02:54:27'),
(265, 'CH-000265', '2019-09-06 17:00:00', 2, 'uang spsi + parkir', 20000, '2019-10-08 02:55:02', '2019-10-08 02:55:02'),
(266, 'CH-000266', '2019-09-06 17:00:00', 2, 'panca sahabat', 80000, '2019-10-08 02:56:16', '2019-10-08 02:56:16'),
(267, 'CH-000267', '2019-09-06 17:00:00', 2, 'beli plastik dan sablon', 200000, '2019-10-08 03:00:05', '2019-10-08 03:00:05'),
(269, 'CH-000269', '2019-09-06 17:00:00', 2, 'bayar pengangkutan pak Hasmadi makmur', 50000, '2019-10-08 03:02:25', '2019-10-08 03:02:25'),
(270, 'CH-000270', '2019-09-08 17:00:00', 1, 'kas dari bang kiki danamon', 2000000, '2019-10-08 03:03:26', '2019-10-08 03:03:26'),
(272, 'CH-000272', '2019-09-08 17:00:00', 2, 'solar pick up', 50000, '2019-10-08 03:03:54', '2019-10-08 03:03:54'),
(274, 'CH-000274', '2019-09-08 17:00:00', 2, 'beli karet norney', 100000, '2019-10-08 03:05:00', '2019-10-08 03:05:00'),
(275, 'CH-000275', '2019-09-08 17:00:00', 2, 'beli botton suitch untuk bengkel', 68000, '2019-10-08 03:05:46', '2019-10-08 03:05:46'),
(276, 'CH-000276', '2019-09-08 17:00:00', 2, 'uag parkir spsi', 30000, '2019-10-08 03:07:02', '2019-10-08 03:07:02'),
(278, 'CH-000278', '2019-09-08 17:00:00', 2, 'beli goni', 20000, '2019-10-08 03:07:27', '2019-10-08 03:07:27'),
(280, 'CH-000280', '2019-09-09 17:00:00', 2, 'bayar scan untuk proyek kkm', 20000, '2019-10-08 03:08:53', '2019-10-08 03:08:53'),
(281, 'CH-000281', '2019-09-09 17:00:00', 2, 'bayar buat karbu nama bang reza', 30000, '2019-10-08 03:10:18', '2019-10-08 03:11:31'),
(282, 'CH-000282', '2019-09-09 17:00:00', 2, 'beli solar karet', 300000, '2019-10-08 03:12:28', '2019-10-08 03:12:28'),
(283, 'CH-000283', '2019-09-09 17:00:00', 2, 'beli tepung  caco3', 210000, '2019-10-08 03:14:25', '2019-10-08 03:14:25'),
(284, 'CH-000284', '2019-09-09 17:00:00', 2, 'uang keamaman bg Alan', 80000, '2019-10-08 03:15:41', '2019-10-08 03:15:41'),
(285, 'CH-000285', '2019-09-09 17:00:00', 2, 'aerosol', 20000, '2019-10-08 03:17:04', '2019-10-08 03:17:04'),
(286, 'CH-000286', '2019-09-09 17:00:00', 2, 'uang parkir', 15000, '2019-10-08 03:17:41', '2019-10-08 03:17:41'),
(287, 'CH-000287', '2019-09-10 17:00:00', 2, 'bayar minyak kantor sebelah', 233000, '2019-10-08 03:18:35', '2019-10-08 03:18:35'),
(288, 'CH-000288', '2019-09-10 17:00:00', 2, 'uang parkir', 12000, '2019-10-08 03:19:16', '2019-10-09 02:01:55'),
(289, 'CH-000289', '2019-09-10 17:00:00', 2, 'uang parkir', 15000, '2019-10-08 03:19:17', '2019-10-08 03:19:17'),
(290, 'CH-000290', '2019-09-10 17:00:00', 2, 'solar u/ karet', 300000, '2019-10-08 03:20:21', '2019-10-09 02:02:42'),
(291, 'CH-000291', '2019-09-10 17:00:00', 2, 'uang minyak bg kiki', 100000, '2019-10-08 03:22:11', '2019-10-08 03:22:11'),
(292, 'CH-000292', '2019-09-11 17:00:00', 2, 'uang minyak bg kiki', 100000, '2019-10-08 03:41:12', '2019-10-08 03:41:12'),
(293, 'CH-000293', '2019-09-11 17:00:00', 2, 'uang spsi + parkir', 25000, '2019-10-08 03:41:57', '2019-10-08 03:41:57'),
(294, 'CH-000294', '2019-09-11 17:00:00', 2, 'uang solar pick up', 50000, '2019-10-08 03:42:33', '2019-10-08 03:42:33'),
(295, 'CH-000295', '2019-09-11 17:00:00', 2, 'beli as hancuran', 43000, '2019-10-08 03:43:08', '2019-10-08 03:43:08'),
(296, 'CH-000296', '2019-09-11 17:00:00', 2, 'uang makan bg hendra', 10000, '2019-10-08 03:43:52', '2019-10-08 03:43:52'),
(297, 'CH-000297', '2019-09-12 17:00:00', 2, 'beli matrai 6000 4 buah', 28000, '2019-10-08 03:44:37', '2019-10-08 03:44:37'),
(298, 'CH-000298', '2019-09-12 17:00:00', 2, 'uang pakir + uang makan bg topik', 20000, '2019-10-08 03:45:23', '2019-10-08 03:45:23'),
(299, 'CH-000299', '2019-09-12 17:00:00', 1, 'kas dari danamon', 2000000, '2019-10-08 03:46:04', '2019-10-08 03:46:04'),
(300, 'CH-000300', '2019-09-12 17:00:00', 2, 'beli solar', 300000, '2019-10-08 03:46:35', '2019-10-08 03:46:35'),
(301, 'CH-000301', '2019-09-12 17:00:00', 2, 'bayar riski kawan bang hendra', 200000, '2019-10-08 03:48:01', '2019-10-08 03:48:01'),
(302, 'CH-000302', '2019-09-13 17:00:00', 1, 'sisa gaji', 14000, '2019-10-08 03:49:18', '2019-10-08 03:49:18'),
(303, 'CH-000303', '2019-09-13 17:00:00', 1, 'kas dari danamon untuk bayar gaji', 3455000, '2019-10-08 03:49:52', '2019-10-08 03:49:52'),
(304, 'CH-000304', '2019-09-13 17:00:00', 2, 'bayar elpiji + oksigen+argon', 3455000, '2019-10-08 03:50:48', '2019-10-08 03:50:48'),
(305, 'CH-000305', '2019-09-13 17:00:00', 2, 'beli pasir', 15000, '2019-10-08 03:51:34', '2019-10-08 03:51:34'),
(306, 'CH-000306', '2019-09-13 17:00:00', 2, 'beli a4', 50000, '2019-10-08 03:51:59', '2019-10-08 03:51:59'),
(307, 'CH-000307', '2019-09-13 17:00:00', 2, 'beli soni', 10000, '2019-10-08 03:52:25', '2019-10-08 03:52:25'),
(308, 'CH-000308', '2019-09-15 17:00:00', 2, 'bayar sevice supra x', 240000, '2019-10-08 03:53:11', '2019-10-08 03:53:11'),
(309, 'CH-000309', '2019-09-15 17:00:00', 2, 'beli solar', 300000, '2019-10-08 03:53:47', '2019-10-08 03:54:57'),
(310, 'CH-000310', '2019-09-15 17:00:00', 2, 'beli solar pickup', 70000, '2019-10-08 03:54:18', '2019-10-08 03:54:18'),
(311, 'CH-000311', '2019-09-15 17:00:00', 2, 'parkir', 15000, '2019-10-08 03:55:53', '2019-10-08 03:55:53'),
(312, 'CH-000312', '2019-09-15 17:00:00', 2, 'kekurangan batre pick up', 50000, '2019-10-08 03:56:42', '2019-10-08 03:56:42'),
(313, 'CH-000313', '2019-09-15 17:00:00', 2, 'uang makan bg hendra', 15000, '2019-10-08 03:57:23', '2019-10-08 03:57:23'),
(314, 'CH-000314', '2019-09-16 17:00:00', 2, 'beli mata bor', 25000, '2019-10-08 04:01:20', '2019-10-08 04:01:20'),
(315, 'CH-000315', '2019-09-16 17:00:00', 2, 'beli matrai 6000', 35000, '2019-10-08 04:02:26', '2019-10-08 04:02:26'),
(316, 'CH-000316', '2019-09-16 17:00:00', 2, 'bayar palem teknik', 280000, '2019-10-08 04:06:59', '2019-10-08 04:06:59'),
(317, 'CH-000317', '2019-09-16 17:00:00', 1, 'sisa gaji', 336000, '2019-10-08 04:07:34', '2019-10-08 04:07:34'),
(318, 'CH-000318', '2019-09-16 17:00:00', 2, 'beli pe sosro guide', 70000, '2019-10-08 04:08:06', '2019-10-08 04:08:06'),
(319, 'CH-000319', '2019-09-16 17:00:00', 2, 'parkir', 10000, '2019-10-08 04:10:32', '2019-10-08 04:10:32'),
(320, 'CH-000320', '2019-09-16 17:00:00', 2, 'minyak pick up', 50000, '2019-10-08 04:12:02', '2019-10-08 04:12:02'),
(321, 'CH-000321', '2019-09-16 17:00:00', 2, 'kekurangan bayar multilogam', 5000, '2019-10-08 08:05:53', '2019-10-08 08:05:53'),
(322, 'CH-000322', '2019-09-16 17:00:00', 2, 'uang makan bang hendra', 10000, '2019-10-08 08:06:55', '2019-10-08 08:06:55'),
(323, 'CH-000323', '2019-09-16 17:00:00', 2, 'kawat 1 gulung 15/9', 75000, '2019-10-08 08:08:38', '2019-10-08 08:08:38'),
(324, 'CH-000324', '2019-09-16 17:00:00', 2, 'matabor 1gulung untuk proyek indofood', 25000, '2019-10-08 08:09:37', '2019-10-08 08:09:37'),
(325, 'CH-000325', '2019-09-17 17:00:00', 2, 'solar', 300000, '2019-10-08 08:10:44', '2019-10-08 08:10:44'),
(326, 'CH-000326', '2019-09-16 17:00:00', 2, 'parkir+spsi', 25000, '2019-10-08 08:12:03', '2019-10-08 08:12:03'),
(327, 'CH-000327', '2019-09-17 17:00:00', 2, 'solar pickup', 50000, '2019-10-08 08:13:38', '2019-10-08 08:14:21'),
(328, 'CH-000328', '2019-09-17 17:00:00', 2, 'pulsa bang reza', 52000, '2019-10-08 08:15:06', '2019-10-08 08:15:06'),
(329, 'CH-000329', '2019-09-17 17:00:00', 2, 'fotokopi dokumen 14', 50000, '2019-10-08 08:15:41', '2019-10-08 08:15:41'),
(330, 'CH-000330', '2019-09-17 17:00:00', 2, 'bayar JNE', 60000, '2019-10-08 08:16:09', '2019-10-08 08:16:09'),
(331, 'CH-000331', '2019-09-17 17:00:00', 2, 'isi kartu tol', 50000, '2019-10-08 08:16:59', '2019-10-08 08:16:59'),
(332, 'CH-000332', '2019-09-19 17:00:00', 1, 'kas dari danamon', 2000000, '2019-10-08 08:17:45', '2019-10-08 08:17:45'),
(333, 'CH-000333', '2019-09-19 17:00:00', 2, 'bayar tukang ke kkm', 150000, '2019-10-08 08:18:16', '2019-10-08 08:18:16'),
(334, 'CH-000334', '2019-09-19 17:00:00', 2, 'parkir', 15000, '2019-10-08 08:18:50', '2019-10-08 08:18:50'),
(335, 'CH-000335', '2019-09-19 17:00:00', 2, 'solar', 300000, '2019-10-08 08:19:17', '2019-10-08 08:19:17'),
(336, 'CH-000336', '2019-09-20 17:00:00', 2, 'beli kuningan untuk kkm', 673000, '2019-10-08 08:20:04', '2019-10-08 08:20:04'),
(337, 'CH-000337', '2019-09-20 17:00:00', 2, 'solar camry', 400000, '2019-10-08 08:20:58', '2019-10-08 08:24:58'),
(338, 'CH-000338', '2019-09-20 17:00:00', 2, 'bayar minyak kantor sebelah', 220000, '2019-10-08 08:21:32', '2019-10-08 08:21:32'),
(339, 'CH-000339', '2019-09-22 17:00:00', 1, 'kembalian uang bg reza', 50000, '2019-10-08 08:23:25', '2019-10-08 08:24:38'),
(340, 'CH-000340', '2019-09-22 17:00:00', 1, 'sisa gaji', 290000, '2019-10-08 08:26:03', '2019-10-08 08:26:03'),
(341, 'CH-000341', '2019-09-22 17:00:00', 2, 'beli solar', 300000, '2019-10-08 08:26:40', '2019-10-08 08:26:40'),
(342, 'CH-000342', '2019-09-22 17:00:00', 2, 'beli materai 3000&6000', 90000, '2019-10-08 08:27:45', '2019-10-08 08:27:45'),
(343, 'CH-000343', '2019-09-23 17:00:00', 1, 'pinjam uang kas kak lia', 500000, '2019-10-08 08:28:27', '2019-10-08 08:28:27'),
(344, 'CH-000344', '2019-09-23 17:00:00', 2, 'beli solar', 300000, '2019-10-08 08:28:50', '2019-10-08 08:28:50'),
(345, 'CH-000345', '2019-09-23 17:00:00', 2, 'beli caco3', 200000, '2019-10-08 08:29:16', '2019-10-08 08:29:16'),
(346, 'CH-000346', '2019-09-25 17:00:00', 1, 'pinjam uang bang kiki', 350000, '2019-10-08 08:30:49', '2019-10-08 08:30:49'),
(347, 'CH-000347', '2019-09-25 17:00:00', 2, 'beli tinta printer bg kiki', 130000, '2019-10-08 08:31:34', '2019-10-08 08:31:34'),
(348, 'CH-000348', '2019-09-25 17:00:00', 2, 'beli tinta printer bang reza', 210000, '2019-10-08 08:32:14', '2019-10-08 08:32:14'),
(349, 'CH-000349', '2019-09-25 17:00:00', 2, 'uang parkir', 15000, '2019-10-08 08:32:50', '2019-10-08 08:32:50'),
(350, 'CH-000350', '2019-09-26 17:00:00', 1, 'kas dari danamon', 3000000, '2019-10-08 08:33:21', '2019-10-08 08:33:21'),
(351, 'CH-000351', '2019-09-26 17:00:00', 2, 'beli kertas a4', 50000, '2019-10-08 08:33:55', '2019-10-08 08:33:55'),
(352, 'CH-000352', '2019-09-26 17:00:00', 2, 'beli lem kertas dan typex', 15000, '2019-10-08 08:34:31', '2019-10-08 08:34:31'),
(353, 'CH-000353', '2019-09-26 17:00:00', 2, 'gorengan orang karet dan bengkel', 20000, '2019-10-08 08:35:15', '2019-10-08 08:35:15'),
(354, 'CH-000354', '2019-09-26 17:00:00', 2, 'uang minyak kak Aul kekkm', 15000, '2019-10-08 08:37:35', '2019-10-08 08:37:35'),
(355, 'CH-000355', '2019-09-26 17:00:00', 2, 'bayar utang kak lia', 100000, '2019-10-08 08:39:34', '2019-10-08 08:39:34'),
(356, 'CH-000356', '2019-09-26 17:00:00', 2, 'beli memo', 15000, '2019-10-08 08:40:20', '2019-10-08 08:40:20'),
(357, 'CH-000357', '2019-09-26 17:00:00', 2, 'bayar utang bg kiki', 350000, '2019-10-08 08:40:48', '2019-10-08 08:40:48'),
(358, 'CH-000358', '2019-09-26 17:00:00', 2, 'sumbangan masjid', 20000, '2019-10-08 08:41:20', '2019-10-08 08:41:20'),
(359, 'CH-000359', '2019-09-26 17:00:00', 2, 'sumbangan buku', 20000, '2019-10-08 08:41:55', '2019-10-08 08:41:55'),
(360, 'CH-000360', '2019-09-29 17:00:00', 2, 'beli solar', 300000, '2019-10-08 08:42:44', '2019-10-08 08:42:44'),
(361, 'CH-000361', '2019-09-29 17:00:00', 2, 'tahu sumedang untuk meeting', 50000, '2019-10-08 08:43:20', '2019-10-08 08:43:20'),
(362, 'CH-000362', '2019-09-29 17:00:00', 1, 'pengembalian biaya pengangkutan pancasahabat', 450000, '2019-10-08 08:46:25', '2019-10-08 08:46:25'),
(363, 'CH-000363', '2019-09-29 17:00:00', 1, 'pengembalian stiker racun api', 630000, '2019-10-08 08:47:13', '2019-10-08 08:47:13'),
(364, 'CH-000364', '2019-09-29 17:00:00', 1, 'pengembalian pengangkutan als', 1000000, '2019-10-08 08:48:07', '2019-10-08 08:48:07'),
(365, 'CH-000365', '2019-09-29 17:00:00', 2, 'uang solar pickup', 100000, '2019-10-08 08:49:07', '2019-10-08 08:49:07'),
(366, 'CH-000366', '2019-09-29 17:00:00', 2, 'uang parkir', 15000, '2019-10-08 08:49:33', '2019-10-08 08:49:33'),
(367, 'CH-000367', '2019-09-29 17:00:00', 2, 'spsi', 20000, '2019-10-08 08:50:01', '2019-10-08 08:50:01'),
(368, 'CH-000368', '2019-09-29 17:00:00', 2, 'bayar uang minyak kantor sebelah', 200000, '2019-10-08 08:50:43', '2019-10-08 08:50:43'),
(369, 'CH-000369', '2019-09-29 17:00:00', 2, 'beli alat tulis kantor', 40000, '2019-10-08 08:51:48', '2019-10-08 08:51:48'),
(370, 'CH-000370', '2019-09-30 17:00:00', 2, 'solar', 300000, '2019-10-08 08:52:26', '2019-10-08 08:52:26'),
(371, 'CH-000371', '2019-09-30 17:00:00', 2, 'beli tile', 40000, '2019-10-08 08:52:57', '2019-10-08 08:52:57'),
(372, 'CH-000372', '2019-09-30 17:00:00', 2, 'uang koran', 170000, '2019-10-08 08:53:34', '2019-10-08 08:53:34'),
(373, 'CH-000373', '2019-09-30 17:00:00', 2, 'beli papan', 35000, '2019-10-08 08:54:07', '2019-10-08 08:54:07'),
(374, 'CH-000374', '2019-09-30 17:00:00', 2, 'beli gear indofood', 900000, '2019-10-08 08:54:38', '2019-10-08 08:54:38'),
(375, 'CH-000375', '2019-09-30 17:00:00', 2, 'beli bau agitator untuk kkm', 360000, '2019-10-08 08:55:28', '2019-10-08 08:55:28'),
(376, 'CH-000376', '2019-09-30 17:00:00', 2, 'uang parkir', 15000, '2019-10-08 08:55:51', '2019-10-08 08:55:51'),
(377, 'CH-000377', '2019-10-01 17:00:00', 2, 'bayar abang yudi komputer', 300000, '2019-10-08 08:57:04', '2019-10-08 08:57:04'),
(378, 'CH-000378', '2019-10-01 17:00:00', 2, 'beli goni', 20000, '2019-10-08 08:57:33', '2019-10-08 08:57:33'),
(379, 'CH-000379', '2019-10-01 17:00:00', 2, 'isi bensin pickup', 10000, '2019-10-08 08:58:21', '2019-10-08 08:58:21'),
(380, 'CH-000380', '2019-10-01 17:00:00', 2, 'bayar sumin surya', 461000, '2019-10-08 09:00:05', '2019-10-08 09:00:05'),
(381, 'CH-000381', '2019-10-01 17:00:00', 2, 'bayar pengangkutan', 250000, '2019-10-08 09:00:36', '2019-10-08 09:00:36'),
(382, 'CH-000382', '2019-10-01 17:00:00', 2, 'beli materai', 35000, '2019-10-08 09:01:03', '2019-10-08 09:01:03'),
(383, 'CH-000383', '2019-10-01 17:00:00', 2, 'uang parkir', 15000, '2019-10-10 02:26:54', '2019-10-10 02:26:54'),
(384, 'CH-000384', '2019-10-02 17:00:00', 2, 'beli goni berpayung', 50000, '2019-10-10 02:28:32', '2019-10-10 02:28:32'),
(385, 'CH-000385', '2019-10-02 17:00:00', 1, 'kembalian uang may', 250000, '2019-10-10 02:29:32', '2019-10-10 02:29:32'),
(386, 'CH-000386', '2019-10-02 17:00:00', 2, 'beli es tebu', 18000, '2019-10-10 02:30:09', '2019-10-10 02:30:09'),
(387, 'CH-000387', '2019-10-03 17:00:00', 2, 'uang gorengan orang karet', 20000, '2019-10-10 02:30:45', '2019-10-10 02:30:45'),
(388, 'CH-000388', '2019-10-03 17:00:00', 2, 'satpam untuk medisafe', 40000, '2019-10-10 02:31:33', '2019-10-10 02:31:33'),
(389, 'CH-000389', '2019-10-03 17:00:00', 2, 'bayar pinch roller untuk indofood', 50000, '2019-10-10 02:33:28', '2019-10-10 02:33:28'),
(390, 'CH-000390', '2019-10-03 17:00:00', 2, 'beli neple betina', 21000, '2019-10-10 02:35:27', '2019-10-10 02:35:27'),
(391, 'CH-000391', '2019-10-03 17:00:00', 2, 'parkir dan spsi', 20000, '2019-10-10 02:36:01', '2019-10-10 02:36:01'),
(392, 'CH-000392', '2019-10-03 17:00:00', 1, 'kas dari danamon', 2500000, '2019-10-10 03:31:37', '2019-10-10 03:31:37'),
(393, 'CH-000393', '2019-10-03 17:00:00', 2, 'bayar surat bang alan SKH', 300000, '2019-10-10 03:32:27', '2019-10-10 03:32:27'),
(394, 'CH-000394', '2019-10-03 17:00:00', 1, 'kembalian plat kuningan kkm', 673000, '2019-10-10 03:33:29', '2019-10-10 03:33:29'),
(395, 'CH-000395', '2019-10-03 17:00:00', 1, 'baut agitator kkm', 324000, '2019-10-10 03:35:14', '2019-10-10 03:35:14'),
(396, 'CH-000396', '2019-10-03 17:00:00', 1, 'gear indofood', 900000, '2019-10-10 03:36:02', '2019-10-10 03:36:02'),
(397, 'CH-000397', '2019-10-03 17:00:00', 1, 'sumin surya', 461500, '2019-10-10 03:36:39', '2019-10-10 03:36:39'),
(398, 'CH-000398', '2019-10-03 17:00:00', 1, 'kembalian gaji risky', 200000, '2019-10-10 03:37:59', '2019-10-10 03:37:59'),
(399, 'CH-000399', '2019-10-03 17:00:00', 1, 'sisa gaji belawan', 300000, '2019-10-10 03:38:37', '2019-10-10 03:38:37'),
(400, 'CH-000400', '2019-10-03 17:00:00', 2, 'beli pilox', 21000, '2019-10-10 03:39:07', '2019-10-10 03:39:07'),
(401, 'CH-000401', '2019-10-04 17:00:00', 2, 'beli solar', 300000, '2019-10-10 03:39:34', '2019-10-10 03:39:34'),
(402, 'CH-000402', '2019-10-04 17:00:00', 2, 'beli plastik pembungkus', 75000, '2019-10-10 03:40:54', '2019-10-10 03:40:54'),
(403, 'CH-000403', '2019-10-04 17:00:00', 2, 'uang solar camry', 600000, '2019-10-10 03:41:23', '2019-10-10 06:55:16'),
(404, 'CH-000404', '2019-10-04 17:00:00', 2, 'solar pickup', 50000, '2019-10-10 03:43:29', '2019-10-10 03:43:29'),
(405, 'CH-000405', '2019-10-06 17:00:00', 2, 'bayar minyak kantor sebelah', 200000, '2019-10-10 03:43:57', '2019-10-10 03:43:57'),
(406, 'CH-000406', '2019-10-06 17:00:00', 2, 'uang bracket untuk press hy&rubber', 350000, '2019-10-10 03:45:20', '2019-10-10 03:45:20'),
(407, 'CH-000407', '2019-10-06 17:00:00', 1, 'sisa uang gaji', 570000, '2019-10-10 03:46:08', '2019-10-10 03:46:08'),
(408, 'CH-000408', '2019-10-06 17:00:00', 2, 'meja medisafe', 600000, '2019-10-10 03:47:01', '2019-10-10 03:47:01'),
(409, 'CH-000409', '2019-10-07 17:00:00', 2, 'bang topik uang parkir', 20000, '2019-10-10 03:48:12', '2019-10-10 03:48:12'),
(410, 'CH-000410', '2019-10-07 17:00:00', 2, 'beli fiber', 20000, '2019-10-10 03:48:44', '2019-10-10 03:48:44'),
(411, 'CH-000411', '2019-10-07 17:00:00', 2, 'solar karet', 300000, '2019-10-10 03:49:08', '2019-10-10 03:49:08'),
(412, 'CH-000412', '2019-10-07 17:00:00', 2, 'bayar sumin surya', 223000, '2019-10-10 03:49:51', '2019-10-10 03:49:51'),
(413, 'CH-000413', '2019-10-07 17:00:00', 2, 'beli max', 250000, '2019-10-10 03:51:27', '2019-10-10 03:51:27'),
(414, 'CH-000414', '2019-10-07 17:00:00', 2, 'parkir', 20000, '2019-10-10 03:52:28', '2019-10-10 03:52:28'),
(415, 'CH-000415', '2019-10-07 17:00:00', 2, 'minyak pick up', 100000, '2019-10-10 03:53:10', '2019-10-10 03:53:10'),
(416, 'CH-000416', '2019-10-07 17:00:00', 2, 'bayar sampah', 150000, '2019-10-10 03:53:36', '2019-10-10 03:53:36'),
(417, 'CH-000417', '2019-10-07 17:00:00', 2, 'uang ganti sok supra,kaca dll', 400000, '2019-10-10 03:54:38', '2019-10-10 03:54:38'),
(418, 'CH-000418', '2019-10-01 17:00:00', 2, 'beli plastik+sablon', 210000, '2019-10-10 03:55:07', '2019-10-10 03:55:07'),
(419, 'CH-000419', '2019-10-08 17:00:00', 2, 'beli spidol', 15000, '2019-10-10 03:55:30', '2019-10-10 03:55:30'),
(420, 'CH-000420', '2019-10-08 17:00:00', 2, 'beli materai', 300000, '2019-10-10 03:55:53', '2019-10-10 03:55:53'),
(421, 'CH-000421', '2019-10-08 17:00:00', 2, 'beli baut', 50000, '2019-10-10 03:56:44', '2019-10-10 03:56:44'),
(422, 'CH-000422', '2019-10-08 17:00:00', 2, 'beli snapring', 250000, '2019-10-10 03:57:10', '2019-10-10 03:57:10'),
(423, 'CH-000423', '2019-10-08 17:00:00', 2, 'bang jamil', 200000, '2019-10-10 03:57:38', '2019-10-10 03:57:38'),
(425, 'CH-000425', '2019-10-08 17:00:00', 2, 'parkir', 20000, '2019-10-10 03:57:59', '2019-10-10 03:57:59'),
(426, 'CH-000426', '2019-10-08 17:00:00', 2, 'beli tisue', 40000, '2019-10-10 03:58:20', '2019-10-10 03:58:20'),
(427, 'CH-000427', '2019-10-08 17:00:00', 2, 'beli sandal', 30000, '2019-10-10 03:58:50', '2019-10-10 03:58:50'),
(428, 'CH-000428', '2019-10-08 17:00:00', 2, 'bearing', 170000, '2019-10-10 03:59:26', '2019-10-10 03:59:26'),
(429, 'CH-000429', '2019-10-09 17:00:00', 2, 'solar untuk karet', 300000, '2019-10-10 03:59:58', '2019-10-10 03:59:58'),
(430, 'CH-000430', '2019-10-09 17:00:00', 2, 'solar pickup', 50000, '2019-10-10 04:00:43', '2019-10-10 04:00:43'),
(431, 'CH-000431', '2019-10-09 17:00:00', 2, 'spsi+parkir', 20000, '2019-10-10 04:01:11', '2019-10-10 04:01:11'),
(432, 'CH-000432', '2019-10-09 17:00:00', 2, 'parkir', 10000, '2019-10-10 04:01:30', '2019-10-10 04:01:30'),
(433, 'CH-000433', '2019-10-01 17:00:00', 2, 'Beli max u/ rubber', 250000, '2019-10-11 09:03:23', '2019-10-11 09:03:23'),
(434, 'CH-000434', '2019-09-26 17:00:00', 2, 'Bayar utang kak lia', 500000, '2019-10-11 09:04:05', '2019-10-11 09:04:05'),
(436, 'CH-000435', '2019-10-09 17:00:00', 2, 'beli bearing n/ kkm', 192000, '2019-10-15 04:18:46', '2019-10-15 04:18:46'),
(437, 'CH-000437', '2019-10-09 17:00:00', 2, 'beli baut mur', 10000, '2019-10-21 06:36:23', '2019-10-21 06:36:23'),
(438, 'CH-000438', '2019-10-09 17:00:00', 2, 'cetak a3', 27000, '2019-10-21 06:36:56', '2019-10-21 06:36:56'),
(439, 'CH-000439', '2019-10-09 17:00:00', 2, 'uang minyak beli mur', 15000, '2019-10-21 06:37:53', '2019-10-21 06:37:53'),
(440, 'CH-000440', '2019-10-09 17:00:00', 2, 'uang makan bang Hendra', 10000, '2019-10-21 06:38:26', '2019-10-21 06:38:26'),
(441, 'CH-000441', '2019-10-09 17:00:00', 2, 'beli sabun untuk kantor', 50000, '2019-10-21 06:39:22', '2019-10-21 06:39:22'),
(442, 'CH-000442', '2019-10-09 17:00:00', 1, 'kembalian untuk graker', 350000, '2019-10-21 06:40:26', '2019-10-21 06:40:26'),
(443, 'CH-000443', '2019-10-09 17:00:00', 1, 'kembalian beli bearing', 192000, '2019-10-21 06:41:03', '2019-10-21 06:41:03'),
(444, 'CH-000444', '2019-10-09 17:00:00', 1, 'kembalian sumin surya', 202000, '2019-10-21 06:41:41', '2019-10-21 06:41:41'),
(445, 'CH-000445', '2019-10-10 17:00:00', 2, 'beli galon isi ulang', 50000, '2019-10-21 06:42:10', '2019-10-21 06:42:10'),
(446, 'CH-000446', '2019-10-10 17:00:00', 1, 'kas dari danamon', 2000000, '2019-10-21 06:42:40', '2019-10-21 06:42:40'),
(447, 'CH-000447', '2019-10-11 17:00:00', 2, 'solar karet', 300000, '2019-10-21 06:44:35', '2019-10-21 06:44:35'),
(448, 'CH-000448', '2019-10-11 17:00:00', 2, 'beli pisau untuk karet', 100000, '2019-10-21 06:45:03', '2019-10-21 06:45:03'),
(449, 'CH-000449', '2019-10-11 17:00:00', 2, 'bang alan pertalite camry', 400000, '2019-10-21 06:45:45', '2019-10-21 06:45:45'),
(450, 'CH-000450', '2019-10-11 17:00:00', 2, 'bang alan pertalite camry', 400000, '2019-10-21 06:45:45', '2019-10-21 06:45:45'),
(451, 'CH-000451', '2019-10-13 17:00:00', 2, 'uang speksi mobil pick up', 200000, '2019-10-21 06:46:41', '2019-10-21 06:46:41'),
(452, 'CH-000452', '2019-10-13 17:00:00', 1, 'sisa gaji tgl 12/10', 212000, '2019-10-21 06:47:38', '2019-10-21 06:47:38'),
(453, 'CH-000453', '2019-10-13 17:00:00', 2, 'beli baterai jam+sunlight', 15000, '2019-10-21 06:51:48', '2019-10-21 06:51:48'),
(454, 'CH-000454', '2019-10-13 17:00:00', 2, 'foto copy spt', 10000, '2019-10-21 06:52:34', '2019-10-21 06:52:34'),
(455, 'CH-000455', '2019-10-13 17:00:00', 2, 'solar pick up', 100000, '2019-10-21 06:53:05', '2019-10-21 06:53:05'),
(456, 'CH-000456', '2019-10-13 17:00:00', 2, 'spsi+parkir', 20000, '2019-10-21 06:53:36', '2019-10-21 06:53:36'),
(457, 'CH-000457', '2019-10-14 17:00:00', 2, 'bayar minyak bengkel di sebelah', 191000, '2019-10-21 06:55:00', '2019-10-21 06:55:00'),
(458, 'CH-000458', '2019-10-14 17:00:00', 2, 'cetak gambar a3', 45000, '2019-10-21 06:55:24', '2019-10-21 06:55:24'),
(459, 'CH-000459', '2019-10-14 17:00:00', 2, 'solar untuk karet', 300000, '2019-10-21 06:55:54', '2019-10-21 06:55:54'),
(460, 'CH-000460', '2019-10-14 17:00:00', 2, 'ca co3', 200000, '2019-10-21 06:56:25', '2019-10-21 06:56:25'),
(461, 'CH-000461', '2019-10-14 17:00:00', 2, 'sumbangan kepala desa', 50000, '2019-10-21 06:57:30', '2019-10-21 06:57:30'),
(462, 'CH-000462', '2019-10-14 17:00:00', 2, 'beli tempat duduk kereta dan batrai supra', 220000, '2019-10-21 06:58:18', '2019-10-21 06:58:18'),
(463, 'CH-000463', '2019-10-15 17:00:00', 2, 'solar untuk karet', 300000, '2019-10-21 06:58:55', '2019-10-21 06:58:55'),
(464, 'CH-000464', '2019-10-15 17:00:00', 2, 'solar terios', 50000, '2019-10-21 07:04:56', '2019-10-21 07:04:56'),
(465, 'CH-000465', '2019-10-15 17:00:00', 2, 'beli A4', 50000, '2019-10-21 07:06:14', '2019-10-21 07:06:14'),
(466, 'CH-000466', '2019-10-15 17:00:00', 1, 'kembalian beli pisau', 100000, '2019-10-21 07:08:39', '2019-10-21 07:08:39'),
(467, 'CH-000467', '2019-10-15 17:00:00', 2, 'bayar panca sahabat', 250000, '2019-10-21 07:09:25', '2019-10-21 07:09:25'),
(468, 'CH-000468', '2019-10-15 17:00:00', 2, 'tempel ban', 10000, '2019-10-21 07:09:51', '2019-10-21 07:09:51'),
(469, 'CH-000469', '2019-10-15 17:00:00', 2, 'solar pick up', 50000, '2019-10-21 07:10:16', '2019-10-21 07:10:16'),
(470, 'CH-000470', '2019-10-15 17:00:00', 2, 'kekurangan bayar panca sahabat', 50000, '2019-10-21 07:11:57', '2019-10-21 07:11:57'),
(471, 'CH-000471', '2019-10-15 17:00:00', 1, 'kembalian beli di rubber', 150000, '2019-10-21 07:12:46', '2019-10-21 07:12:46'),
(472, 'CH-000472', '2019-10-15 17:00:00', 2, 'service AC', 250000, '2019-10-21 07:13:44', '2019-10-21 07:13:44'),
(473, 'CH-000473', '2019-10-15 17:00:00', 2, 'A5 untuk indofood', 190000, '2019-10-21 07:14:16', '2019-10-21 07:14:16'),
(474, 'CH-000474', '2019-10-15 17:00:00', 2, 'bang Alan', 50000, '2019-10-21 07:14:51', '2019-10-21 07:14:51'),
(475, 'CH-000475', '2019-10-15 17:00:00', 2, 'parkir', 10000, '2019-10-21 07:15:11', '2019-10-21 07:15:11'),
(476, 'CH-000476', '2019-10-15 17:00:00', 2, 'fotocopy akte', 10000, '2019-10-21 07:15:55', '2019-10-21 07:15:55'),
(477, 'CH-000477', '2019-10-15 17:00:00', 2, 'biaya transfer', 5000, '2019-10-21 07:16:33', '2019-10-21 07:16:33'),
(478, 'CH-000478', '2019-10-17 17:00:00', 1, 'kas dari danamon', 2000000, '2019-10-21 07:17:01', '2019-10-21 07:17:01'),
(479, 'CH-000479', '2019-10-16 17:00:00', 1, 'biaya minyak camry', 600000, '2019-10-21 07:18:37', '2019-10-21 07:18:37'),
(480, 'CH-000480', '2019-10-16 17:00:00', 2, 'spsi', 20000, '2019-10-21 07:21:10', '2019-10-21 07:22:25'),
(481, 'CH-000481', '2019-10-16 17:00:00', 2, 'solar pick up', 20000, '2019-10-21 07:21:34', '2019-10-21 07:21:34'),
(482, 'CH-000482', '2019-10-16 17:00:00', 2, 'isi kartu tol', 50000, '2019-10-21 07:23:20', '2019-10-21 07:23:20'),
(483, 'CH-000483', '2019-10-16 17:00:00', 2, 'beli bearing', 32000, '2019-10-21 07:23:47', '2019-10-21 07:23:47'),
(484, 'CH-000484', '2019-10-16 17:00:00', 2, 'oil seal', 12000, '2019-10-21 07:24:07', '2019-10-21 07:24:07'),
(485, 'CH-000485', '2019-10-16 17:00:00', 2, 'uang makan bang hendra', 10000, '2019-10-21 07:24:48', '2019-10-21 07:24:48'),
(486, 'CH-000486', '2019-10-16 17:00:00', 2, 'taliplastik 1 bal', 50000, '2019-10-21 07:25:11', '2019-10-21 07:25:11'),
(487, 'CH-000487', '2019-10-16 17:00:00', 2, 'beli baut', 38000, '2019-10-21 07:25:36', '2019-10-21 07:25:36'),
(488, 'CH-000488', '2019-10-18 17:00:00', 2, 'solar untuk rubber', 300000, '2019-10-21 07:26:07', '2019-10-21 07:26:07'),
(489, 'CH-000489', '2019-10-18 17:00:00', 2, 'beli gelas sendok dan cangkir', 50000, '2019-10-21 07:26:42', '2019-10-21 07:26:42'),
(490, 'CH-000490', '2019-10-18 17:00:00', 2, 'beli gelas sendok dan cangkir', 50000, '2019-10-21 07:26:44', '2019-10-21 07:26:44'),
(491, 'CH-000491', '2019-10-18 17:00:00', 2, 'stempel', 60000, '2019-10-21 07:27:08', '2019-10-21 07:27:08'),
(492, 'CH-000492', '2019-10-18 17:00:00', 2, 'uang bbm camry', 300000, '2019-10-21 07:27:37', '2019-10-21 07:27:37'),
(493, 'CH-000493', '2019-10-18 17:00:00', 2, 'beli goni untuk angkat pasir', 20000, '2019-10-21 07:28:17', '2019-10-21 07:28:17'),
(494, 'CH-000494', '2019-10-18 17:00:00', 2, 'beli permen', 20000, '2019-10-21 07:28:49', '2019-10-21 07:28:49'),
(495, 'CH-000495', '2019-10-18 17:00:00', 1, 'uang bbm  cemry dri kkm', 200000, '2019-10-21 07:29:27', '2019-10-21 07:29:27');

--
-- Triggers `cashes`
--
DELIMITER $$
CREATE TRIGGER `KAS` AFTER INSERT ON `cashes` FOR EACH ROW BEGIN

DECLARE CI INT default 0;
DECLARE CO INT default 0;
DECLARE CS varchar(10);

IF NEW.category = 1 THEN
	SET CI = NEW.cash_value;
	SET CO = 0;
	SET CS = 'CASH-IN';
	

ELSE
	SET CI = 0;
	SET CO = NEW.cash_value;
	SET CS = 'CASH-OUT';
END IF;
	
	INSERT INTO cash_flows(type,document,incash,outcash,created_at)VALUES(CS, NEW.cash_number, CI, CO, NEW.trans_date);

END
$$
DELIMITER ;
DELIMITER $$
CREATE TRIGGER `KAS_DELETE` AFTER DELETE ON `cashes` FOR EACH ROW BEGIN 
	DELETE FROM cash_flows 
	WHERE document = old.cash_number;
END
$$
DELIMITER ;
DELIMITER $$
CREATE TRIGGER `KAS_UPDATE` AFTER UPDATE ON `cashes` FOR EACH ROW BEGIN

DECLARE CI INT default 0;
DECLARE CO INT default 0;
DECLARE CS varchar(10);

IF NEW.category = 1 THEN
	SET CI = NEW.cash_value;
	SET CO = 0;
	SET CS = 'CASH-IN';
	

ELSE
	SET CI = 0;
	SET CO = NEW.cash_value;
	SET CS = 'CASH-OUT';
END IF;
	
	UPDATE cash_flows SET type = CS, incash = CI, outcash = CO, created_at = NEW.trans_date, updated_at = NEW.created_at WHERE document = OLD.cash_number;

END
$$
DELIMITER ;

-- --------------------------------------------------------

--
-- Table structure for table `cash_flows`
--

CREATE TABLE `cash_flows` (
  `id` int(10) UNSIGNED NOT NULL,
  `type` varchar(255) COLLATE utf8mb4_unicode_ci NOT NULL,
  `document` varchar(255) COLLATE utf8mb4_unicode_ci NOT NULL,
  `incash` int(11) NOT NULL,
  `outcash` int(11) NOT NULL,
  `created_at` timestamp NULL DEFAULT NULL,
  `updated_at` timestamp NULL DEFAULT NULL
) ENGINE=InnoDB DEFAULT CHARSET=utf8mb4 COLLATE=utf8mb4_unicode_ci;

--
-- Dumping data for table `cash_flows`
--

INSERT INTO `cash_flows` (`id`, `type`, `document`, `incash`, `outcash`, `created_at`, `updated_at`) VALUES
(4, 'DEBT', 'DBT-000001', 0, 400000, '2019-09-04 07:07:34', '2019-09-04 07:07:34'),
(5, 'T.TERIMA', 'RN-000001', 0, 0, '2019-09-04 07:11:33', '2019-09-04 07:11:33'),
(7, 'SERVICE', 'CPA-000001', 1040000, 0, '2019-09-04 07:23:11', '2019-09-04 07:23:11'),
(8, 'SPAY', 'SPA-000001', 400000, 0, '2019-09-04 07:23:50', '2019-09-04 07:23:50'),
(9, 'EXPENSE', '1', 0, 1000000, '2019-09-04 07:24:45', '2019-09-04 07:24:45'),
(13, 'DEBT', 'DBT-000002', 0, 5000000, '2019-09-18 09:10:37', '2019-09-18 09:10:37'),
(14, 'T.TERIMA', 'RN-000002', 0, 0, '2019-09-18 09:14:05', '2019-09-18 09:14:05'),
(15, 'EXPENSE', '2', 0, 50000, '2019-09-18 09:33:04', '2019-09-18 09:33:04'),
(16, 'SERVICE', 'CPA-000002', 2000000, 0, '2019-09-18 09:34:25', '2019-09-18 09:34:25'),
(24, 'T.TERIMA', 'RN-000003', 0, 0, '2019-09-25 07:36:37', '2019-09-25 07:36:37'),
(25, 'T.TERIMA', 'RN-000004', 0, 0, '2019-09-25 07:59:07', '2019-09-25 07:59:07'),
(26, 'T.TERIMA', 'RN-000005', 0, 0, '2019-09-25 08:19:05', '2019-09-25 08:19:05'),
(27, 'T.TERIMA', 'RN-000006', 0, 0, '2019-09-25 08:58:29', '2019-09-25 08:58:29'),
(50, 'DEBT', 'DBT-000003', 0, 150000, '2019-09-25 09:27:45', '2019-09-25 09:27:45'),
(55, 'T.TERIMA', 'RN-000007', 0, 0, '2019-09-27 04:28:30', '2019-09-27 04:28:30'),
(57, 'T.TERIMA', 'RN-000009', 0, 0, '2019-09-28 00:11:59', '2019-09-28 00:11:59'),
(59, 'T.TERIMA', 'RN-000010', 0, 0, '2019-09-30 09:08:03', '2019-09-30 09:08:03'),
(103, 'CASH-IN', 'CH-000001', 7763000, 0, '2019-07-31 17:00:00', NULL),
(104, 'CASH-OUT', 'CH-000080', 0, 60000, '2019-07-31 17:00:00', NULL),
(105, 'CASH-OUT', 'CH-000081', 0, 20000, '2019-07-31 17:00:00', NULL),
(106, 'CASH-OUT', 'CH-000082', 0, 20000, '2019-07-31 17:00:00', NULL),
(107, 'CASH-OUT', 'CH-000083', 0, 50000, '2019-07-31 17:00:00', NULL),
(108, 'CASH-OUT', 'CH-000084', 0, 300000, '2019-07-31 17:00:00', NULL),
(109, 'CASH-OUT', 'CH-000085', 0, 250000, '2019-07-31 17:00:00', NULL),
(110, 'CASH-OUT', 'CH-000086', 0, 750000, '2019-07-31 17:00:00', NULL),
(111, 'CASH-OUT', 'CH-000087', 0, 50000, '2019-07-31 17:00:00', NULL),
(112, 'CASH-OUT', 'CH-000088', 0, 150000, '2019-07-31 17:00:00', NULL),
(113, 'CASH-OUT', 'CH-000089', 0, 170000, '2019-07-31 17:00:00', NULL),
(114, 'CASH-OUT', 'CH-000090', 0, 50000, '2019-07-31 17:00:00', NULL),
(115, 'CASH-OUT', 'CH-000091', 0, 20000, '2019-07-31 17:00:00', NULL),
(116, 'CASH-OUT', 'CH-000092', 0, 20000, '2019-07-31 17:00:00', NULL),
(117, 'CASH-OUT', 'CH-000093', 0, 10000, '2019-07-31 17:00:00', NULL),
(118, 'CASH-OUT', 'CH-000094', 0, 330000, '2019-07-31 17:00:00', NULL),
(119, 'CASH-OUT', 'CH-000095', 0, 20000, '2019-07-31 17:00:00', NULL),
(120, 'CASH-OUT', 'CH-000096', 0, 50000, '2019-08-01 17:00:00', NULL),
(121, 'CASH-OUT', 'CH-000097', 0, 690000, '2019-08-01 17:00:00', NULL),
(122, 'CASH-OUT', 'CH-000098', 0, 50000, '2019-08-01 17:00:00', NULL),
(123, 'CASH-OUT', 'CH-000099', 0, 60000, '2019-08-01 17:00:00', NULL),
(124, 'CASH-OUT', 'CH-000100', 0, 177000, '2019-08-02 17:00:00', NULL),
(125, 'CASH-OUT', 'CH-000101', 0, 52000, '2019-08-02 17:00:00', NULL),
(126, 'CASH-OUT', 'CH-000102', 0, 54000, '2019-08-02 17:00:00', NULL),
(127, 'CASH-OUT', 'CH-000103', 0, 100000, '2019-08-02 17:00:00', NULL),
(128, 'CASH-OUT', 'CH-000104', 0, 300000, '2019-08-04 17:00:00', NULL),
(129, 'CASH-OUT', 'CH-000105', 0, 5000, '2019-08-04 17:00:00', NULL),
(130, 'CASH-OUT', 'CH-000106', 0, 30000, '2019-08-04 17:00:00', NULL),
(131, 'CASH-OUT', 'CH-000107', 0, 35000, '2019-08-04 17:00:00', NULL),
(132, 'CASH-OUT', 'CH-000108', 0, 100000, '2019-08-04 17:00:00', NULL),
(133, 'CASH-OUT', 'CH-000109', 0, 150000, '2019-08-04 17:00:00', NULL),
(134, 'CASH-OUT', 'CH-000110', 0, 100000, '2019-08-04 17:00:00', NULL),
(135, 'CASH-OUT', 'CH-000111', 0, 50000, '2019-08-05 17:00:00', NULL),
(136, 'CASH-OUT', 'CH-000112', 0, 50000, '2019-08-05 17:00:00', NULL),
(137, 'CASH-OUT', 'CH-000113', 0, 50000, '2019-08-05 17:00:00', NULL),
(138, 'CASH-OUT', 'CH-000114', 0, 100000, '2019-08-06 17:00:00', NULL),
(139, 'CASH-OUT', 'CH-000115', 0, 20000, '2019-08-06 17:00:00', NULL),
(140, 'CASH-OUT', 'CH-000116', 0, 300000, '2019-08-07 17:00:00', '2019-10-04 04:43:36'),
(141, 'CASH-OUT', 'CH-000117', 0, 25000, '2019-08-07 17:00:00', NULL),
(142, 'CASH-OUT', 'CH-000118', 0, 10000, '2019-08-07 17:00:00', NULL),
(143, 'CASH-OUT', 'CH-000119', 0, 35000, '2019-08-07 17:00:00', NULL),
(144, 'CASH-OUT', 'CH-000120', 0, 100000, '2019-08-07 17:00:00', NULL),
(145, 'CASH-OUT', 'CH-000121', 0, 50000, '2019-08-07 17:00:00', NULL),
(146, 'CASH-OUT', 'CH-000122', 0, 20000, '2019-08-07 17:00:00', NULL),
(147, 'CASH-OUT', 'CH-000123', 0, 50000, '2019-08-08 17:00:00', NULL),
(148, 'CASH-OUT', 'CH-000124', 0, 20000, '2019-08-08 17:00:00', NULL),
(149, 'CASH-OUT', 'CH-000125', 0, 300000, '2019-08-08 17:00:00', NULL),
(150, 'CASH-OUT', 'CH-000126', 0, 100000, '2019-08-08 17:00:00', NULL),
(151, 'CASH-IN', 'CH-000127', 250000, 0, '2019-08-08 17:00:00', NULL),
(152, 'CASH-OUT', 'CH-000128', 0, 100000, '2019-08-08 17:00:00', NULL),
(153, 'CASH-OUT', 'CH-000129', 0, 50000, '2019-08-08 17:00:00', NULL),
(154, 'CASH-OUT', 'CH-000130', 0, 150000, '2019-08-08 17:00:00', NULL),
(155, 'CASH-OUT', 'CH-000131', 0, 18000, '2019-08-08 17:00:00', NULL),
(156, 'CASH-OUT', 'CH-000132', 0, 33000, '2019-08-08 17:00:00', NULL),
(157, 'CASH-OUT', 'CH-000133', 0, 15000, '2019-08-08 17:00:00', NULL),
(158, 'CASH-OUT', 'CH-000134', 0, 20000, '2019-08-08 17:00:00', NULL),
(160, 'CASH-OUT', 'CH-000135', 0, 50000, '2019-08-11 17:00:00', NULL),
(161, 'CASH-OUT', 'CH-000137', 0, 30000, '2019-08-11 17:00:00', NULL),
(162, 'CASH-OUT', 'CH-000138', 0, 187000, '2019-08-11 17:00:00', NULL),
(163, 'CASH-OUT', 'CH-000139', 0, 78000, '2019-08-12 17:00:00', NULL),
(164, 'CASH-OUT', 'CH-000140', 0, 200000, '2019-08-12 17:00:00', '2019-10-07 06:57:28'),
(165, 'CASH-OUT', 'CH-000141', 0, 300000, '2019-08-12 17:00:00', NULL),
(166, 'CASH-OUT', 'CH-000142', 0, 50000, '2019-08-12 17:00:00', NULL),
(167, 'CASH-IN', 'CH-000143', 45000, 0, '2019-08-12 17:00:00', NULL),
(169, 'CASH-OUT', 'CH-000145', 0, 50000, '2019-08-13 17:00:00', NULL),
(170, 'CASH-OUT', 'CH-000146', 0, 20000, '2019-08-13 17:00:00', NULL),
(171, 'CASH-OUT', 'CH-000147', 0, 20000, '2019-08-14 17:00:00', NULL),
(172, 'CASH-OUT', 'CH-000148', 0, 10000, '2019-08-14 17:00:00', NULL),
(173, 'CASH-OUT', 'CH-000149', 0, 489500, '2019-08-14 17:00:00', NULL),
(174, 'CASH-OUT', 'CH-000150', 0, 44000, '2019-08-14 17:00:00', NULL),
(175, 'CASH-OUT', 'CH-000151', 0, 691000, '2019-08-14 17:00:00', NULL),
(176, 'CASH-OUT', 'CH-000152', 0, 1313500, '2019-08-14 17:00:00', NULL),
(177, 'CASH-OUT', 'CH-000153', 0, 945000, '2019-08-14 17:00:00', NULL),
(178, 'CASH-OUT', 'CH-000154', 0, 326000, '2019-08-14 17:00:00', NULL),
(179, 'CASH-OUT', 'CH-000155', 0, 1032000, '2019-08-14 17:00:00', NULL),
(180, 'CASH-OUT', 'CH-000156', 0, 2000000, '2019-08-14 17:00:00', NULL),
(181, 'CASH-OUT', 'CH-000157', 0, 2430000, '2019-08-14 17:00:00', NULL),
(182, 'CASH-OUT', 'CH-000158', 0, 600000, '2019-08-14 17:00:00', NULL),
(183, 'CASH-IN', 'CH-000159', 15000000, 0, '2019-08-14 17:00:00', NULL),
(184, 'CASH-OUT', 'CH-000160', 0, 300000, '2019-08-14 17:00:00', NULL),
(185, 'CASH-OUT', 'CH-000161', 0, 50000, '2019-08-14 17:00:00', NULL),
(186, 'CASH-OUT', 'CH-000162', 0, 210000, '2019-08-14 17:00:00', '2019-10-07 07:27:42'),
(187, 'CASH-OUT', 'CH-000163', 0, 700000, '2019-08-15 17:00:00', '2019-10-07 07:30:19'),
(188, 'CASH-OUT', 'CH-000164', 0, 100000, '2019-08-15 17:00:00', NULL),
(189, 'CASH-OUT', 'CH-000165', 0, 20000, '2019-08-15 17:00:00', NULL),
(190, 'CASH-OUT', 'CH-000166', 0, 212000, '2019-08-15 17:00:00', NULL),
(192, 'CASH-OUT', 'CH-000167', 0, 1835000, '2019-08-15 17:00:00', NULL),
(193, 'CASH-OUT', 'CH-000169', 0, 580000, '2019-08-18 17:00:00', NULL),
(194, 'CASH-OUT', 'CH-000170', 0, 890000, '2019-08-18 17:00:00', NULL),
(195, 'CASH-OUT', 'CH-000171', 0, 200000, '2019-08-18 17:00:00', NULL),
(196, 'CASH-OUT', 'CH-000172', 0, 100000, '2019-08-18 17:00:00', NULL),
(197, 'CASH-OUT', 'CH-000173', 0, 100000, '2019-08-18 17:00:00', NULL),
(198, 'CASH-OUT', 'CH-000174', 0, 50000, '2019-08-18 17:00:00', NULL),
(199, 'CASH-OUT', 'CH-000175', 0, 10000, '2019-08-18 17:00:00', NULL),
(200, 'CASH-OUT', 'CH-000176', 0, 50000, '2019-08-19 17:00:00', NULL),
(201, 'CASH-OUT', 'CH-000177', 0, 210000, '2019-08-19 17:00:00', NULL),
(202, 'CASH-OUT', 'CH-000178', 0, 20000, '2019-08-19 17:00:00', '2019-10-07 07:53:30'),
(203, 'CASH-OUT', 'CH-000179', 0, 75000, '2019-08-19 17:00:00', NULL),
(204, 'CASH-OUT', 'CH-000180', 0, 300000, '2019-08-19 17:00:00', NULL),
(205, 'CASH-OUT', 'CH-000181', 0, 20000, '2019-08-20 17:00:00', NULL),
(206, 'CASH-IN', 'CH-000182', 500000, 0, '2019-08-20 17:00:00', NULL),
(207, 'CASH-OUT', 'CH-000183', 0, 113000, '2019-08-20 17:00:00', NULL),
(208, 'CASH-OUT', 'CH-000184', 0, 15000, '2019-08-20 17:00:00', NULL),
(209, 'CASH-OUT', 'CH-000185', 0, 200000, '2019-08-20 17:00:00', NULL),
(210, 'CASH-IN', 'CH-000186', 300000, 0, '2019-08-21 17:00:00', NULL),
(211, 'CASH-OUT', 'CH-000187', 0, 50000, '2019-08-21 17:00:00', NULL),
(212, 'CASH-OUT', 'CH-000188', 0, 42000, '2019-08-21 17:00:00', NULL),
(213, 'CASH-OUT', 'CH-000189', 0, 15000, '2019-08-21 17:00:00', NULL),
(214, 'CASH-OUT', 'CH-000190', 0, 20000, '2019-08-21 17:00:00', NULL),
(215, 'CASH-OUT', 'CH-000191', 0, 20000, '2019-08-22 17:00:00', NULL),
(216, 'CASH-IN', 'CH-000192', 200000, 0, '2019-08-22 17:00:00', NULL),
(217, 'CASH-OUT', 'CH-000193', 0, 50000, '2019-08-22 17:00:00', NULL),
(218, 'CASH-OUT', 'CH-000194', 0, 15000, '2019-08-22 17:00:00', NULL),
(219, 'CASH-OUT', 'CH-000195', 0, 6000, '2019-08-22 17:00:00', NULL),
(220, 'CASH-OUT', 'CH-000196', 0, 300000, '2019-08-22 17:00:00', NULL),
(221, 'CASH-OUT', 'CH-000197', 0, 100000, '2019-08-22 17:00:00', NULL),
(222, 'CASH-OUT', 'CH-000198', 0, 20000, '2019-08-22 17:00:00', NULL),
(223, 'CASH-OUT', 'CH-000199', 0, 50000, '2019-08-22 17:00:00', NULL),
(225, 'CASH-OUT', 'CH-000201', 0, 100000, '2019-08-22 17:00:00', NULL),
(226, 'CASH-IN', 'CH-000202', 300000, 0, '2019-08-23 17:00:00', NULL),
(227, 'CASH-OUT', 'CH-000203', 0, 300000, '2019-08-23 17:00:00', NULL),
(228, 'CASH-OUT', 'CH-000204', 0, 30000, '2019-08-23 17:00:00', NULL),
(230, 'CASH-IN', 'CH-000206', 1000000, 0, '2019-08-25 17:00:00', NULL),
(231, 'CASH-OUT', 'CH-000207', 0, 1000000, '2019-08-25 17:00:00', NULL),
(233, 'CASH-IN', 'CH-000209', 590000, 0, '2019-08-25 17:00:00', NULL),
(234, 'CASH-IN', 'CH-000210', 500000, 0, '2019-08-25 17:00:00', '2019-10-07 08:40:08'),
(235, 'CASH-OUT', 'CH-000211', 0, 200000, '2019-08-25 17:00:00', NULL),
(236, 'CASH-OUT', 'CH-000212', 0, 113000, '2019-08-25 17:00:00', NULL),
(237, 'CASH-OUT', 'CH-000213', 0, 50000, '2019-08-25 17:00:00', NULL),
(238, 'CASH-OUT', 'CH-000214', 0, 15000, '2019-08-25 17:00:00', NULL),
(239, 'CASH-IN', 'CH-000215', 200000, 0, '2019-08-25 17:00:00', NULL),
(240, 'CASH-IN', 'CH-000216', 650000, 0, '2019-08-26 17:00:00', NULL),
(241, 'CASH-OUT', 'CH-000217', 0, 50000, '2019-08-26 17:00:00', NULL),
(244, 'CASH-OUT', 'CH-000220', 0, 250000, '2019-08-26 17:00:00', NULL),
(245, 'CASH-OUT', 'CH-000221', 0, 15000, '2019-08-26 17:00:00', NULL),
(246, 'CASH-OUT', 'CH-000222', 0, 10000, '2019-08-26 17:00:00', NULL),
(247, 'CASH-OUT', 'CH-000223', 0, 300000, '2019-08-26 17:00:00', NULL),
(248, 'CASH-OUT', 'CH-000224', 0, 100000, '2019-08-26 17:00:00', NULL),
(249, 'CASH-OUT', 'CH-000225', 0, 50000, '2019-08-26 17:00:00', NULL),
(250, 'CASH-OUT', 'CH-000226', 0, 10000, '2019-08-26 17:00:00', NULL),
(251, 'CASH-OUT', 'CH-000227', 0, 50000, '2019-08-27 17:00:00', NULL),
(252, 'CASH-OUT', 'CH-000228', 0, 20000, '2019-09-27 17:00:00', '2019-10-07 09:03:49'),
(254, 'CASH-OUT', 'CH-000230', 0, 18500, '2019-08-27 17:00:00', '2019-10-07 09:05:42'),
(255, 'CASH-OUT', 'CH-000231', 0, 100000, '2019-08-27 17:00:00', '2019-10-07 09:07:22'),
(256, 'CASH-OUT', 'CH-000232', 0, 20000, '2019-08-27 17:00:00', NULL),
(257, 'CASH-OUT', 'CH-000233', 0, 20000, '2019-08-27 17:00:00', '2019-10-07 09:08:24'),
(258, 'CASH-OUT', 'CH-000234', 0, 15000, '2019-08-28 17:00:00', NULL),
(259, 'CASH-IN', 'CH-000235', 1127000, 0, '2019-08-28 17:00:00', '2019-10-07 09:13:19'),
(260, 'CASH-OUT', 'CH-000236', 0, 300000, '2019-08-28 17:00:00', '2019-10-07 09:14:46'),
(261, 'CASH-OUT', 'CH-000237', 0, 5000, '2019-08-28 17:00:00', NULL),
(262, 'CASH-OUT', 'CH-000238', 0, 10000, '2019-08-28 17:00:00', '2019-10-08 02:24:42'),
(263, 'CASH-OUT', 'CH-000239', 0, 100000, '2019-08-29 17:00:00', NULL),
(264, 'CASH-OUT', 'CH-000240', 0, 50000, '2019-08-29 17:00:00', NULL),
(265, 'CASH-OUT', 'CH-000241', 0, 25000, '2019-08-29 17:00:00', NULL),
(266, 'CASH-OUT', 'CH-000242', 0, 20000, '2019-08-30 17:00:00', '2019-10-08 02:27:10'),
(267, 'CASH-OUT', 'CH-000243', 0, 150000, '2019-08-30 17:00:00', '2019-10-08 02:27:53'),
(268, 'CASH-IN', 'CH-000244', 460000, 0, '2019-09-01 17:00:00', NULL),
(269, 'CASH-OUT', 'CH-000245', 0, 170000, '2019-09-01 17:00:00', '2019-10-08 02:30:35'),
(270, 'CASH-OUT', 'CH-000246', 0, 100000, '2019-09-01 17:00:00', NULL),
(271, 'CASH-OUT', 'CH-000247', 0, 300000, '2019-09-01 17:00:00', NULL),
(272, 'CASH-OUT', 'CH-000248', 0, 60000, '2019-09-02 17:00:00', NULL),
(273, 'T.TERIMA', 'RN-000012', 0, 0, '2019-10-08 02:33:31', '2019-10-08 02:33:31'),
(274, 'CASH-OUT', 'CH-000249', 0, 630000, '2019-09-02 17:00:00', NULL),
(275, 'CASH-IN', 'CH-000250', 1000000, 0, '2019-09-03 17:00:00', NULL),
(276, 'CASH-OUT', 'CH-000251', 0, 300000, '2019-09-03 17:00:00', NULL),
(277, 'CASH-OUT', 'CH-000252', 0, 50000, '2019-09-03 17:00:00', NULL),
(278, 'CASH-OUT', 'CH-000253', 0, 150000, '2019-09-03 17:00:00', NULL),
(279, 'CASH-OUT', 'CH-000254', 0, 100000, '2019-09-04 17:00:00', NULL),
(280, 'CASH-OUT', 'CH-000255', 0, 50000, '2019-09-04 17:00:00', NULL),
(281, 'CASH-OUT', 'CH-000256', 0, 30000, '2019-09-04 17:00:00', NULL),
(282, 'CASH-OUT', 'CH-000257', 0, 20000, '2019-09-04 17:00:00', '2019-10-08 02:48:06'),
(283, 'CASH-OUT', 'CH-000258', 0, 20000, '2019-09-04 17:00:00', NULL),
(284, 'CASH-OUT', 'CH-000259', 0, 53000, '2019-09-04 17:00:00', NULL),
(285, 'CASH-OUT', 'CH-000260', 0, 21000, '2019-09-04 17:00:00', NULL),
(286, 'CASH-OUT', 'CH-000261', 0, 21000, '2019-09-05 17:00:00', NULL),
(287, 'CASH-IN', 'CH-000262', 600000, 0, '2019-09-06 17:00:00', NULL),
(288, 'CASH-OUT', 'CH-000263', 0, 250000, '2019-09-06 17:00:00', NULL),
(289, 'CASH-OUT', 'CH-000264', 0, 50000, '2019-09-06 17:00:00', NULL),
(290, 'CASH-OUT', 'CH-000265', 0, 20000, '2019-09-06 17:00:00', NULL),
(291, 'CASH-OUT', 'CH-000266', 0, 80000, '2019-09-06 17:00:00', NULL),
(292, 'CASH-OUT', 'CH-000267', 0, 200000, '2019-09-06 17:00:00', NULL),
(294, 'CASH-OUT', 'CH-000269', 0, 50000, '2019-09-06 17:00:00', NULL),
(295, 'CASH-IN', 'CH-000270', 2000000, 0, '2019-09-08 17:00:00', NULL),
(297, 'CASH-OUT', 'CH-000272', 0, 50000, '2019-09-08 17:00:00', NULL),
(299, 'CASH-OUT', 'CH-000274', 0, 100000, '2019-09-08 17:00:00', NULL),
(300, 'CASH-OUT', 'CH-000275', 0, 68000, '2019-09-08 17:00:00', NULL),
(301, 'CASH-OUT', 'CH-000276', 0, 30000, '2019-09-08 17:00:00', NULL),
(303, 'CASH-OUT', 'CH-000278', 0, 20000, '2019-09-08 17:00:00', NULL),
(305, 'CASH-OUT', 'CH-000280', 0, 20000, '2019-09-09 17:00:00', NULL),
(306, 'CASH-OUT', 'CH-000281', 0, 30000, '2019-09-09 17:00:00', '2019-10-08 03:10:18'),
(307, 'CASH-OUT', 'CH-000282', 0, 300000, '2019-09-09 17:00:00', NULL),
(308, 'CASH-OUT', 'CH-000283', 0, 210000, '2019-09-09 17:00:00', NULL),
(309, 'CASH-OUT', 'CH-000284', 0, 80000, '2019-09-09 17:00:00', NULL),
(310, 'CASH-OUT', 'CH-000285', 0, 20000, '2019-09-09 17:00:00', NULL),
(311, 'CASH-OUT', 'CH-000286', 0, 15000, '2019-09-09 17:00:00', NULL),
(312, 'CASH-OUT', 'CH-000287', 0, 233000, '2019-09-10 17:00:00', NULL),
(313, 'CASH-OUT', 'CH-000288', 0, 12000, '2019-09-10 17:00:00', '2019-10-08 03:19:16'),
(314, 'CASH-OUT', 'CH-000289', 0, 15000, '2019-09-10 17:00:00', NULL),
(315, 'CASH-OUT', 'CH-000290', 0, 300000, '2019-09-10 17:00:00', '2019-10-08 03:20:21'),
(316, 'CASH-OUT', 'CH-000291', 0, 100000, '2019-09-10 17:00:00', NULL),
(317, 'CASH-OUT', 'CH-000292', 0, 100000, '2019-09-11 17:00:00', NULL),
(318, 'CASH-OUT', 'CH-000293', 0, 25000, '2019-09-11 17:00:00', NULL),
(319, 'CASH-OUT', 'CH-000294', 0, 50000, '2019-09-11 17:00:00', NULL),
(320, 'CASH-OUT', 'CH-000295', 0, 43000, '2019-09-11 17:00:00', NULL),
(321, 'CASH-OUT', 'CH-000296', 0, 10000, '2019-09-11 17:00:00', NULL),
(322, 'CASH-OUT', 'CH-000297', 0, 28000, '2019-09-12 17:00:00', NULL),
(323, 'CASH-OUT', 'CH-000298', 0, 20000, '2019-09-12 17:00:00', NULL),
(324, 'CASH-IN', 'CH-000299', 2000000, 0, '2019-09-12 17:00:00', NULL),
(325, 'CASH-OUT', 'CH-000300', 0, 300000, '2019-09-12 17:00:00', NULL),
(326, 'CASH-OUT', 'CH-000301', 0, 200000, '2019-09-12 17:00:00', NULL),
(327, 'CASH-IN', 'CH-000302', 14000, 0, '2019-09-13 17:00:00', NULL),
(328, 'CASH-IN', 'CH-000303', 3455000, 0, '2019-09-13 17:00:00', NULL),
(329, 'CASH-OUT', 'CH-000304', 0, 3455000, '2019-09-13 17:00:00', NULL),
(330, 'CASH-OUT', 'CH-000305', 0, 15000, '2019-09-13 17:00:00', NULL),
(331, 'CASH-OUT', 'CH-000306', 0, 50000, '2019-09-13 17:00:00', NULL),
(332, 'CASH-OUT', 'CH-000307', 0, 10000, '2019-09-13 17:00:00', NULL),
(333, 'CASH-OUT', 'CH-000308', 0, 240000, '2019-09-15 17:00:00', NULL),
(334, 'CASH-OUT', 'CH-000309', 0, 300000, '2019-09-15 17:00:00', '2019-10-08 03:53:47'),
(335, 'CASH-OUT', 'CH-000310', 0, 70000, '2019-09-15 17:00:00', NULL),
(336, 'CASH-OUT', 'CH-000311', 0, 15000, '2019-09-15 17:00:00', NULL),
(337, 'CASH-OUT', 'CH-000312', 0, 50000, '2019-09-15 17:00:00', NULL),
(338, 'CASH-OUT', 'CH-000313', 0, 15000, '2019-09-15 17:00:00', NULL),
(339, 'CASH-OUT', 'CH-000314', 0, 25000, '2019-09-16 17:00:00', NULL),
(340, 'CASH-OUT', 'CH-000315', 0, 35000, '2019-09-16 17:00:00', NULL),
(341, 'CASH-OUT', 'CH-000316', 0, 280000, '2019-09-16 17:00:00', NULL),
(342, 'CASH-IN', 'CH-000317', 336000, 0, '2019-09-16 17:00:00', NULL),
(343, 'CASH-OUT', 'CH-000318', 0, 70000, '2019-09-16 17:00:00', NULL),
(344, 'CASH-OUT', 'CH-000319', 0, 10000, '2019-09-16 17:00:00', NULL),
(345, 'CASH-OUT', 'CH-000320', 0, 50000, '2019-09-16 17:00:00', NULL),
(346, 'T.TERIMA', 'RN-000013', 0, 0, '2019-10-08 07:11:11', '2019-10-08 07:11:11'),
(347, 'CASH-OUT', 'CH-000321', 0, 5000, '2019-09-16 17:00:00', NULL),
(348, 'CASH-OUT', 'CH-000322', 0, 10000, '2019-09-16 17:00:00', NULL),
(349, 'CASH-OUT', 'CH-000323', 0, 75000, '2019-09-16 17:00:00', NULL),
(350, 'CASH-OUT', 'CH-000324', 0, 25000, '2019-09-16 17:00:00', NULL),
(351, 'CASH-OUT', 'CH-000325', 0, 300000, '2019-09-17 17:00:00', NULL),
(352, 'CASH-OUT', 'CH-000326', 0, 25000, '2019-09-16 17:00:00', NULL),
(353, 'CASH-OUT', 'CH-000327', 0, 50000, '2019-09-17 17:00:00', '2019-10-08 08:13:38'),
(354, 'CASH-OUT', 'CH-000328', 0, 52000, '2019-09-17 17:00:00', NULL),
(355, 'CASH-OUT', 'CH-000329', 0, 50000, '2019-09-17 17:00:00', NULL),
(356, 'CASH-OUT', 'CH-000330', 0, 60000, '2019-09-17 17:00:00', NULL),
(357, 'CASH-OUT', 'CH-000331', 0, 50000, '2019-09-17 17:00:00', NULL),
(358, 'CASH-IN', 'CH-000332', 2000000, 0, '2019-09-19 17:00:00', NULL),
(359, 'CASH-OUT', 'CH-000333', 0, 150000, '2019-09-19 17:00:00', NULL),
(360, 'CASH-OUT', 'CH-000334', 0, 15000, '2019-09-19 17:00:00', NULL),
(361, 'CASH-OUT', 'CH-000335', 0, 300000, '2019-09-19 17:00:00', NULL),
(362, 'CASH-OUT', 'CH-000336', 0, 673000, '2019-09-20 17:00:00', NULL),
(363, 'CASH-OUT', 'CH-000337', 0, 400000, '2019-09-20 17:00:00', '2019-10-08 08:20:58'),
(364, 'CASH-OUT', 'CH-000338', 0, 220000, '2019-09-20 17:00:00', NULL),
(365, 'CASH-IN', 'CH-000339', 50000, 0, '2019-09-22 17:00:00', '2019-10-08 08:23:25'),
(366, 'CASH-IN', 'CH-000340', 290000, 0, '2019-09-22 17:00:00', NULL),
(367, 'CASH-OUT', 'CH-000341', 0, 300000, '2019-09-22 17:00:00', NULL),
(368, 'CASH-OUT', 'CH-000342', 0, 90000, '2019-09-22 17:00:00', NULL),
(369, 'CASH-IN', 'CH-000343', 500000, 0, '2019-09-23 17:00:00', NULL),
(370, 'CASH-OUT', 'CH-000344', 0, 300000, '2019-09-23 17:00:00', NULL),
(371, 'CASH-OUT', 'CH-000345', 0, 200000, '2019-09-23 17:00:00', NULL),
(372, 'CASH-IN', 'CH-000346', 350000, 0, '2019-09-25 17:00:00', NULL),
(373, 'CASH-OUT', 'CH-000347', 0, 130000, '2019-09-25 17:00:00', NULL),
(374, 'CASH-OUT', 'CH-000348', 0, 210000, '2019-09-25 17:00:00', NULL),
(375, 'CASH-OUT', 'CH-000349', 0, 15000, '2019-09-25 17:00:00', NULL),
(376, 'CASH-IN', 'CH-000350', 3000000, 0, '2019-09-26 17:00:00', NULL),
(377, 'CASH-OUT', 'CH-000351', 0, 50000, '2019-09-26 17:00:00', NULL),
(378, 'CASH-OUT', 'CH-000352', 0, 15000, '2019-09-26 17:00:00', NULL),
(379, 'CASH-OUT', 'CH-000353', 0, 20000, '2019-09-26 17:00:00', NULL),
(380, 'CASH-OUT', 'CH-000354', 0, 15000, '2019-09-26 17:00:00', NULL),
(381, 'CASH-OUT', 'CH-000355', 0, 100000, '2019-09-26 17:00:00', NULL),
(382, 'CASH-OUT', 'CH-000356', 0, 15000, '2019-09-26 17:00:00', NULL),
(383, 'CASH-OUT', 'CH-000357', 0, 350000, '2019-09-26 17:00:00', NULL),
(384, 'CASH-OUT', 'CH-000358', 0, 20000, '2019-09-26 17:00:00', NULL),
(385, 'CASH-OUT', 'CH-000359', 0, 20000, '2019-09-26 17:00:00', NULL),
(386, 'CASH-OUT', 'CH-000360', 0, 300000, '2019-09-29 17:00:00', NULL),
(387, 'CASH-OUT', 'CH-000361', 0, 50000, '2019-09-29 17:00:00', NULL),
(388, 'CASH-IN', 'CH-000362', 450000, 0, '2019-09-29 17:00:00', NULL),
(389, 'CASH-IN', 'CH-000363', 630000, 0, '2019-09-29 17:00:00', NULL),
(390, 'CASH-IN', 'CH-000364', 1000000, 0, '2019-09-29 17:00:00', NULL),
(391, 'CASH-OUT', 'CH-000365', 0, 100000, '2019-09-29 17:00:00', NULL),
(392, 'CASH-OUT', 'CH-000366', 0, 15000, '2019-09-29 17:00:00', NULL),
(393, 'CASH-OUT', 'CH-000367', 0, 20000, '2019-09-29 17:00:00', NULL),
(394, 'CASH-OUT', 'CH-000368', 0, 200000, '2019-09-29 17:00:00', NULL),
(395, 'CASH-OUT', 'CH-000369', 0, 40000, '2019-09-29 17:00:00', NULL),
(396, 'CASH-OUT', 'CH-000370', 0, 300000, '2019-09-30 17:00:00', NULL),
(397, 'CASH-OUT', 'CH-000371', 0, 40000, '2019-09-30 17:00:00', NULL),
(398, 'CASH-OUT', 'CH-000372', 0, 170000, '2019-09-30 17:00:00', NULL),
(399, 'CASH-OUT', 'CH-000373', 0, 35000, '2019-09-30 17:00:00', NULL),
(400, 'CASH-OUT', 'CH-000374', 0, 900000, '2019-09-30 17:00:00', NULL),
(401, 'CASH-OUT', 'CH-000375', 0, 360000, '2019-09-30 17:00:00', NULL),
(402, 'CASH-OUT', 'CH-000376', 0, 15000, '2019-09-30 17:00:00', NULL),
(403, 'CASH-OUT', 'CH-000377', 0, 300000, '2019-10-01 17:00:00', NULL),
(404, 'CASH-OUT', 'CH-000378', 0, 20000, '2019-10-01 17:00:00', NULL),
(405, 'CASH-OUT', 'CH-000379', 0, 10000, '2019-10-01 17:00:00', NULL),
(406, 'CASH-OUT', 'CH-000380', 0, 461000, '2019-10-01 17:00:00', NULL),
(407, 'CASH-OUT', 'CH-000381', 0, 250000, '2019-10-01 17:00:00', NULL),
(408, 'CASH-OUT', 'CH-000382', 0, 35000, '2019-10-01 17:00:00', NULL),
(409, 'T.TERIMA', 'RN-000014', 0, 0, '2019-10-09 03:17:17', '2019-10-09 03:17:17'),
(410, 'CASH-OUT', 'CH-000383', 0, 15000, '2019-10-01 17:00:00', NULL),
(411, 'CASH-OUT', 'CH-000384', 0, 50000, '2019-10-02 17:00:00', NULL),
(412, 'CASH-IN', 'CH-000385', 250000, 0, '2019-10-02 17:00:00', NULL),
(413, 'CASH-OUT', 'CH-000386', 0, 18000, '2019-10-02 17:00:00', NULL),
(414, 'CASH-OUT', 'CH-000387', 0, 20000, '2019-10-03 17:00:00', NULL),
(415, 'CASH-OUT', 'CH-000388', 0, 40000, '2019-10-03 17:00:00', NULL),
(416, 'CASH-OUT', 'CH-000389', 0, 50000, '2019-10-03 17:00:00', NULL),
(417, 'CASH-OUT', 'CH-000390', 0, 21000, '2019-10-03 17:00:00', NULL),
(418, 'CASH-OUT', 'CH-000391', 0, 20000, '2019-10-03 17:00:00', NULL),
(419, 'CASH-IN', 'CH-000392', 2500000, 0, '2019-10-03 17:00:00', NULL),
(420, 'CASH-OUT', 'CH-000393', 0, 300000, '2019-10-03 17:00:00', NULL),
(421, 'CASH-IN', 'CH-000394', 673000, 0, '2019-10-03 17:00:00', NULL),
(422, 'CASH-IN', 'CH-000395', 324000, 0, '2019-10-03 17:00:00', NULL),
(423, 'CASH-IN', 'CH-000396', 900000, 0, '2019-10-03 17:00:00', NULL),
(424, 'CASH-IN', 'CH-000397', 461500, 0, '2019-10-03 17:00:00', NULL),
(425, 'CASH-IN', 'CH-000398', 200000, 0, '2019-10-03 17:00:00', NULL),
(426, 'CASH-IN', 'CH-000399', 300000, 0, '2019-10-03 17:00:00', NULL),
(427, 'CASH-OUT', 'CH-000400', 0, 21000, '2019-10-03 17:00:00', NULL),
(428, 'CASH-OUT', 'CH-000401', 0, 300000, '2019-10-04 17:00:00', NULL),
(429, 'CASH-OUT', 'CH-000402', 0, 75000, '2019-10-04 17:00:00', NULL),
(430, 'CASH-OUT', 'CH-000403', 0, 600000, '2019-10-04 17:00:00', '2019-10-10 03:41:23'),
(431, 'CASH-OUT', 'CH-000404', 0, 50000, '2019-10-04 17:00:00', NULL),
(432, 'CASH-OUT', 'CH-000405', 0, 200000, '2019-10-06 17:00:00', NULL),
(433, 'CASH-OUT', 'CH-000406', 0, 350000, '2019-10-06 17:00:00', NULL),
(434, 'CASH-IN', 'CH-000407', 570000, 0, '2019-10-06 17:00:00', NULL),
(435, 'CASH-OUT', 'CH-000408', 0, 600000, '2019-10-06 17:00:00', NULL),
(436, 'CASH-OUT', 'CH-000409', 0, 20000, '2019-10-07 17:00:00', NULL),
(437, 'CASH-OUT', 'CH-000410', 0, 20000, '2019-10-07 17:00:00', NULL),
(438, 'CASH-OUT', 'CH-000411', 0, 300000, '2019-10-07 17:00:00', NULL),
(439, 'CASH-OUT', 'CH-000412', 0, 223000, '2019-10-07 17:00:00', NULL),
(440, 'CASH-OUT', 'CH-000413', 0, 250000, '2019-10-07 17:00:00', NULL),
(441, 'CASH-OUT', 'CH-000414', 0, 20000, '2019-10-07 17:00:00', NULL),
(442, 'CASH-OUT', 'CH-000415', 0, 100000, '2019-10-07 17:00:00', NULL),
(443, 'CASH-OUT', 'CH-000416', 0, 150000, '2019-10-07 17:00:00', NULL),
(444, 'CASH-OUT', 'CH-000417', 0, 400000, '2019-10-07 17:00:00', NULL),
(445, 'CASH-OUT', 'CH-000418', 0, 210000, '2019-10-01 17:00:00', NULL),
(446, 'CASH-OUT', 'CH-000419', 0, 15000, '2019-10-08 17:00:00', NULL),
(447, 'CASH-OUT', 'CH-000420', 0, 300000, '2019-10-08 17:00:00', NULL),
(448, 'CASH-OUT', 'CH-000421', 0, 50000, '2019-10-08 17:00:00', NULL),
(449, 'CASH-OUT', 'CH-000422', 0, 250000, '2019-10-08 17:00:00', NULL),
(450, 'CASH-OUT', 'CH-000423', 0, 200000, '2019-10-08 17:00:00', NULL),
(452, 'CASH-OUT', 'CH-000425', 0, 20000, '2019-10-08 17:00:00', NULL),
(453, 'CASH-OUT', 'CH-000426', 0, 40000, '2019-10-08 17:00:00', NULL),
(454, 'CASH-OUT', 'CH-000427', 0, 30000, '2019-10-08 17:00:00', NULL),
(455, 'CASH-OUT', 'CH-000428', 0, 170000, '2019-10-08 17:00:00', NULL),
(456, 'CASH-OUT', 'CH-000429', 0, 300000, '2019-10-09 17:00:00', NULL),
(457, 'CASH-OUT', 'CH-000430', 0, 50000, '2019-10-09 17:00:00', NULL),
(458, 'CASH-OUT', 'CH-000431', 0, 20000, '2019-10-09 17:00:00', NULL),
(459, 'CASH-OUT', 'CH-000432', 0, 10000, '2019-10-09 17:00:00', NULL),
(461, 'CASH-OUT', 'CH-000433', 0, 250000, '2019-10-01 17:00:00', NULL),
(462, 'CASH-OUT', 'CH-000434', 0, 500000, '2019-09-26 17:00:00', NULL),
(464, 'CASH-OUT', 'CH-000435', 0, 192000, '2019-10-09 17:00:00', NULL),
(466, 'T.TERIMA', 'RN-000015', 0, 0, '2019-10-16 04:19:17', '2019-10-16 04:19:17'),
(467, 'T.TERIMA', 'RN-000016', 0, 0, '2019-10-16 04:29:00', '2019-10-16 04:29:00'),
(468, 'T.TERIMA', 'RN-000017', 0, 0, '2019-10-16 07:01:11', '2019-10-16 07:01:11'),
(469, 'CASH-OUT', 'CH-000437', 0, 10000, '2019-10-09 17:00:00', NULL),
(470, 'CASH-OUT', 'CH-000438', 0, 27000, '2019-10-09 17:00:00', NULL),
(471, 'CASH-OUT', 'CH-000439', 0, 15000, '2019-10-09 17:00:00', NULL),
(472, 'CASH-OUT', 'CH-000440', 0, 10000, '2019-10-09 17:00:00', NULL),
(473, 'CASH-OUT', 'CH-000441', 0, 50000, '2019-10-09 17:00:00', NULL),
(474, 'CASH-IN', 'CH-000442', 350000, 0, '2019-10-09 17:00:00', NULL),
(475, 'CASH-IN', 'CH-000443', 192000, 0, '2019-10-09 17:00:00', NULL),
(476, 'CASH-IN', 'CH-000444', 202000, 0, '2019-10-09 17:00:00', NULL),
(477, 'CASH-OUT', 'CH-000445', 0, 50000, '2019-10-10 17:00:00', NULL),
(478, 'CASH-IN', 'CH-000446', 2000000, 0, '2019-10-10 17:00:00', NULL),
(479, 'CASH-OUT', 'CH-000447', 0, 300000, '2019-10-11 17:00:00', NULL),
(480, 'CASH-OUT', 'CH-000448', 0, 100000, '2019-10-11 17:00:00', NULL),
(481, 'CASH-OUT', 'CH-000449', 0, 400000, '2019-10-11 17:00:00', NULL),
(482, 'CASH-OUT', 'CH-000450', 0, 400000, '2019-10-11 17:00:00', NULL),
(483, 'CASH-OUT', 'CH-000451', 0, 200000, '2019-10-13 17:00:00', NULL),
(484, 'CASH-IN', 'CH-000452', 212000, 0, '2019-10-13 17:00:00', NULL),
(485, 'CASH-OUT', 'CH-000453', 0, 15000, '2019-10-13 17:00:00', NULL),
(486, 'CASH-OUT', 'CH-000454', 0, 10000, '2019-10-13 17:00:00', NULL),
(487, 'CASH-OUT', 'CH-000455', 0, 100000, '2019-10-13 17:00:00', NULL),
(488, 'CASH-OUT', 'CH-000456', 0, 20000, '2019-10-13 17:00:00', NULL),
(489, 'CASH-OUT', 'CH-000457', 0, 191000, '2019-10-14 17:00:00', NULL),
(490, 'CASH-OUT', 'CH-000458', 0, 45000, '2019-10-14 17:00:00', NULL),
(491, 'CASH-OUT', 'CH-000459', 0, 300000, '2019-10-14 17:00:00', NULL),
(492, 'CASH-OUT', 'CH-000460', 0, 200000, '2019-10-14 17:00:00', NULL),
(493, 'CASH-OUT', 'CH-000461', 0, 50000, '2019-10-14 17:00:00', NULL),
(494, 'CASH-OUT', 'CH-000462', 0, 220000, '2019-10-14 17:00:00', NULL),
(495, 'CASH-OUT', 'CH-000463', 0, 300000, '2019-10-15 17:00:00', NULL),
(496, 'CASH-OUT', 'CH-000464', 0, 50000, '2019-10-15 17:00:00', NULL),
(497, 'CASH-OUT', 'CH-000465', 0, 50000, '2019-10-15 17:00:00', NULL),
(498, 'CASH-IN', 'CH-000466', 100000, 0, '2019-10-15 17:00:00', NULL),
(499, 'CASH-OUT', 'CH-000467', 0, 250000, '2019-10-15 17:00:00', NULL),
(500, 'CASH-OUT', 'CH-000468', 0, 10000, '2019-10-15 17:00:00', NULL),
(501, 'CASH-OUT', 'CH-000469', 0, 50000, '2019-10-15 17:00:00', NULL),
(502, 'CASH-OUT', 'CH-000470', 0, 50000, '2019-10-15 17:00:00', NULL),
(503, 'CASH-IN', 'CH-000471', 150000, 0, '2019-10-15 17:00:00', NULL),
(504, 'CASH-OUT', 'CH-000472', 0, 250000, '2019-10-15 17:00:00', NULL),
(505, 'CASH-OUT', 'CH-000473', 0, 190000, '2019-10-15 17:00:00', NULL),
(506, 'CASH-OUT', 'CH-000474', 0, 50000, '2019-10-15 17:00:00', NULL),
(507, 'CASH-OUT', 'CH-000475', 0, 10000, '2019-10-15 17:00:00', NULL),
(508, 'CASH-OUT', 'CH-000476', 0, 10000, '2019-10-15 17:00:00', NULL),
(509, 'CASH-OUT', 'CH-000477', 0, 5000, '2019-10-15 17:00:00', NULL),
(510, 'CASH-IN', 'CH-000478', 2000000, 0, '2019-10-17 17:00:00', NULL),
(511, 'CASH-IN', 'CH-000479', 600000, 0, '2019-10-16 17:00:00', NULL),
(512, 'CASH-OUT', 'CH-000480', 0, 20000, '2019-10-16 17:00:00', '2019-10-21 07:21:10'),
(513, 'CASH-OUT', 'CH-000481', 0, 20000, '2019-10-16 17:00:00', NULL),
(514, 'CASH-OUT', 'CH-000482', 0, 50000, '2019-10-16 17:00:00', NULL),
(515, 'CASH-OUT', 'CH-000483', 0, 32000, '2019-10-16 17:00:00', NULL),
(516, 'CASH-OUT', 'CH-000484', 0, 12000, '2019-10-16 17:00:00', NULL),
(517, 'CASH-OUT', 'CH-000485', 0, 10000, '2019-10-16 17:00:00', NULL),
(518, 'CASH-OUT', 'CH-000486', 0, 50000, '2019-10-16 17:00:00', NULL),
(519, 'CASH-OUT', 'CH-000487', 0, 38000, '2019-10-16 17:00:00', NULL),
(520, 'CASH-OUT', 'CH-000488', 0, 300000, '2019-10-18 17:00:00', NULL),
(521, 'CASH-OUT', 'CH-000489', 0, 50000, '2019-10-18 17:00:00', NULL),
(522, 'CASH-OUT', 'CH-000490', 0, 50000, '2019-10-18 17:00:00', NULL),
(523, 'CASH-OUT', 'CH-000491', 0, 60000, '2019-10-18 17:00:00', NULL),
(524, 'CASH-OUT', 'CH-000492', 0, 300000, '2019-10-18 17:00:00', NULL),
(525, 'CASH-OUT', 'CH-000493', 0, 20000, '2019-10-18 17:00:00', NULL),
(526, 'CASH-OUT', 'CH-000494', 0, 20000, '2019-10-18 17:00:00', NULL),
(527, 'CASH-IN', 'CH-000495', 200000, 0, '2019-10-18 17:00:00', NULL),
(528, 'T.TERIMA', 'RN-000018', 0, 0, '2019-10-29 03:25:30', '2019-10-29 03:25:30'),
(529, 'T.TERIMA', 'RN-000019', 0, 0, '2020-01-22 07:06:10', '2020-01-22 07:06:10'),
(530, 'T.TERIMA', 'RN-000020', 0, 0, '2020-01-22 07:26:48', '2020-01-22 07:26:48'),
(532, 'T.TERIMA', 'RN-000021', 0, 0, '2020-01-22 08:02:00', '2020-01-22 08:02:00'),
(534, 'DEBT', 'DBT-000004', 0, 6000000, '2020-01-22 08:41:43', '2020-01-22 08:41:43'),
(535, 'T.TERIMA', 'RN-000022', 0, 0, '2020-01-22 08:44:54', '2020-01-22 08:44:54'),
(536, 'T.TERIMA', 'RN-000023', 0, 0, '2020-01-22 09:36:54', '2020-01-22 09:36:54'),
(537, 'T.TERIMA', 'RN-000024', 100000, 0, '2020-01-22 10:22:22', '2020-01-22 10:22:22'),
(538, 'T.TERIMA', 'RN-000025', 0, 0, '2020-01-22 10:29:08', '2020-01-22 10:29:08'),
(539, 'T.TERIMA', 'RN-000026', 100000, 0, '2020-01-22 10:37:00', '2020-01-22 10:37:00'),
(540, 'T.TERIMA', 'RN-000027', 100000, 0, '2020-01-22 10:37:47', '2020-01-22 10:37:47'),
(543, 'SALES', 'SL-000004', 100000, 0, '2020-01-22 17:00:00', '2020-01-22 17:00:00'),
(544, 'T.TERIMA', 'RN-000028', 1000000, 0, '2020-01-23 05:49:04', '2020-01-23 05:49:04'),
(546, 'T.TERIMA', 'RN-000029', 100000, 0, '2020-01-23 09:45:29', '2020-01-23 09:45:29'),
(550, 'T.TERIMA', 'RN-000030', 0, 0, '2020-01-23 10:12:43', '2020-01-23 10:12:43'),
(574, 'SALES', 'RT-000001', 0, 0, '2020-01-25 17:00:00', '2020-01-25 17:00:00'),
(575, 'SALES', 'RT-000006', 0, 0, '2020-01-26 17:00:00', '2020-01-26 17:00:00'),
(576, 'T.TERIMA', 'RN-000031', 0, 0, '2020-01-31 09:55:44', '2020-01-31 09:55:44'),
(577, 'T.TERIMA', 'RN-000032', 0, 0, '2020-01-31 10:08:26', '2020-01-31 10:08:26'),
(580, 'T.TERIMA', 'RN-000033', 0, 0, '2020-02-10 08:40:37', NULL),
(582, 'T.TERIMA', 'RN-000036', 0, 0, '2020-02-10 09:39:05', NULL),
(583, 'T.TERIMA', 'RN-000038', 0, 0, '2020-02-10 09:45:52', '2020-02-10 09:45:52'),
(584, 'T.TERIMA', 'RN-000039', 1, 0, '2020-02-26 04:52:41', '2020-02-26 04:52:41'),
(585, 'T.TERIMA', 'RN-000040', 0, 0, '2020-03-05 06:13:44', NULL),
(586, 'T.TERIMA', 'RN-000041', 0, 0, '2020-03-05 10:02:26', NULL),
(588, 'T.TERIMA', 'RN-000042', 0, 0, '2020-03-05 10:27:35', NULL),
(589, 'T.TERIMA', 'RN-000044', 3, 0, '2020-03-07 07:24:19', '2020-03-07 07:24:19'),
(590, 'T.TERIMA', 'RN-000045', 3, 0, '2020-03-07 07:38:07', '2020-03-07 07:38:07'),
(591, 'T.TERIMA', 'RN-000046', 0, 0, '2020-03-16 03:10:46', NULL),
(592, 'T.TERIMA', 'RN-000047', 0, 0, '2020-03-16 03:57:30', NULL),
(606, 'SALES', 'SL-000001', 12012000, 0, '2021-10-03 17:00:00', '2021-10-03 17:00:00'),
(607, 'SALES', 'SL-000002', 43440000, 0, '2021-10-03 17:00:00', '2021-10-03 17:00:00'),
(611, 'SALES', 'SL-000003', 12000, 0, '2021-10-03 17:00:00', '2021-10-03 17:00:00'),
(619, 'SALES', 'SL-000005', 0, 0, '2021-11-24 17:00:00', '2021-11-24 17:00:00'),
(621, 'SALES', 'SL-000006', 0, 0, '2021-11-25 17:00:00', '2021-11-25 17:00:00'),
(623, 'SALES', 'SL-000007', 0, 0, '2021-11-25 17:00:00', '2021-11-25 17:00:00'),
(632, 'SALES', 'SL-000009', 0, 0, '2021-12-08 17:00:00', '2021-12-08 17:00:00'),
(638, 'SALES', 'SL-000010', 0, 0, '2021-12-10 17:00:00', '2021-12-10 17:00:00'),
(650, 'PURCHASE', 'PCH-000020', 0, 0, '2022-03-07 09:48:11', '2022-03-07 09:48:11'),
(651, 'PURCHASE', 'PCH-000021', 0, 0, '2022-03-07 09:51:27', '2022-03-07 09:51:27'),
(661, 'PURCHASE', 'PCH-000031', 0, 0, '2022-03-07 10:10:12', '2022-03-07 10:10:12'),
(662, 'PURCHASE', 'PCH-000032', 0, 0, '2022-03-07 10:10:43', '2022-03-07 10:10:43'),
(814, 'PURCHASE', 'PCH-000001', 0, 0, '2022-06-30 06:30:17', '2022-06-30 06:30:17'),
(815, 'PURCHASE', 'PCH-000142', 0, 0, '2022-06-30 06:34:20', '2022-06-30 06:34:20'),
(816, 'PURCHASE', 'PCH-000143', 0, 0, '2022-06-30 06:40:19', '2022-06-30 06:40:19'),
(817, 'PURCHASE', 'PCH-000144', 0, 0, '2022-06-30 06:41:50', '2022-06-30 06:41:50'),
(818, 'PURCHASE', 'PCH-000145', 0, 0, '2022-06-30 06:49:35', '2022-06-30 06:49:35'),
(819, 'PURCHASE', 'PCH-000146', 0, 0, '2022-06-30 06:52:14', '2022-06-30 06:52:14'),
(820, 'PURCHASE', 'PCH-000147', 0, 0, '2022-06-30 06:53:48', '2022-06-30 06:53:48'),
(821, 'PURCHASE', 'PCH-000148', 0, 0, '2022-06-30 06:54:45', '2022-06-30 06:54:45'),
(822, 'PURCHASE', 'PCH-000149', 0, 0, '2022-06-30 06:57:35', '2022-06-30 06:57:35'),
(823, 'PURCHASE', 'PCH-000150', 0, 0, '2022-06-30 06:58:52', '2022-06-30 06:58:52'),
(825, 'PURCHASE', 'PCH-000151', 0, 0, '2022-06-30 07:01:54', '2022-06-30 07:01:54'),
(826, 'PURCHASE', 'PCH-000153', 0, 0, '2022-06-30 07:09:48', '2022-06-30 07:09:48'),
(827, 'PURCHASE', 'PCH-000154', 0, 0, '2022-06-30 07:10:58', '2022-06-30 07:10:58'),
(828, 'PURCHASE', 'PCH-000155', 0, 0, '2022-06-30 07:12:32', '2022-06-30 07:12:32'),
(829, 'PURCHASE', 'PCH-000156', 0, 0, '2022-06-30 07:14:29', '2022-06-30 07:14:29'),
(830, 'PURCHASE', 'PCH-000157', 0, 0, '2022-06-30 07:16:54', '2022-06-30 07:16:54'),
(831, 'PURCHASE', 'PCH-000158', 0, 0, '2022-06-30 07:19:48', '2022-06-30 07:19:48'),
(833, 'PURCHASE', 'PCH-000160', 0, 0, '2022-06-30 07:40:55', '2022-06-30 07:40:55'),
(834, 'PURCHASE', 'PCH-000159', 0, 0, '2022-06-30 07:41:49', '2022-06-30 07:41:49'),
(835, 'PURCHASE', 'PCH-000162', 0, 0, '2022-06-30 07:42:24', '2022-06-30 07:42:24'),
(836, 'PURCHASE', 'PCH-000163', 0, 0, '2022-06-30 07:45:08', '2022-06-30 07:45:08'),
(837, 'PURCHASE', 'PCH-000164', 0, 0, '2022-06-30 07:47:01', '2022-06-30 07:47:01'),
(839, 'PURCHASE', 'PCH-000166', 0, 0, '2022-06-30 07:49:59', '2022-06-30 07:49:59'),
(840, 'PURCHASE', 'PCH-000165', 0, 0, '2022-06-30 07:50:08', '2022-06-30 07:50:08'),
(841, 'PURCHASE', 'PCH-000168', 0, 0, '2022-06-30 07:51:21', '2022-06-30 07:51:21'),
(842, 'PURCHASE', 'PCH-000169', 0, 0, '2022-06-30 07:52:21', '2022-06-30 07:52:21'),
(843, 'PURCHASE', 'PCH-000170', 0, 0, '2022-06-30 07:53:51', '2022-06-30 07:53:51'),
(844, 'PURCHASE', 'PCH-000171', 0, 0, '2022-06-30 07:54:43', '2022-06-30 07:54:43'),
(845, 'PURCHASE', 'PCH-000172', 0, 0, '2022-06-30 07:55:31', '2022-06-30 07:55:31'),
(846, 'PURCHASE', 'PCH-000173', 0, 0, '2022-06-30 07:57:19', '2022-06-30 07:57:19'),
(847, 'PURCHASE', 'PCH-000174', 0, 0, '2022-06-30 07:58:12', '2022-06-30 07:58:12'),
(848, 'PURCHASE', 'PCH-000175', 0, 0, '2022-06-30 07:59:05', '2022-06-30 07:59:05'),
(849, 'PURCHASE', 'PCH-000176', 0, 0, '2022-06-30 08:00:13', '2022-06-30 08:00:13'),
(850, 'PURCHASE', 'PCH-000177', 0, 0, '2022-06-30 08:01:10', '2022-06-30 08:01:10'),
(851, 'PURCHASE', 'PCH-000178', 0, 0, '2022-06-30 08:02:19', '2022-06-30 08:02:19'),
(852, 'PURCHASE', 'PCH-000179', 0, 0, '2022-06-30 08:03:14', '2022-06-30 08:03:14'),
(853, 'PURCHASE', 'PCH-000180', 0, 0, '2022-06-30 08:03:57', '2022-06-30 08:03:57'),
(854, 'PURCHASE', 'PCH-000181', 0, 0, '2022-06-30 08:04:54', '2022-06-30 08:04:54'),
(855, 'PURCHASE', 'PCH-000182', 0, 0, '2022-06-30 08:05:58', '2022-06-30 08:05:58'),
(856, 'PURCHASE', 'PCH-000183', 0, 0, '2022-07-06 06:39:05', '2022-07-06 06:39:05');

-- --------------------------------------------------------

--
-- Table structure for table `categories`
--

CREATE TABLE `categories` (
  `id` int(10) UNSIGNED NOT NULL,
  `category_name` varchar(255) COLLATE utf8mb4_unicode_ci NOT NULL,
  `created_at` timestamp NULL DEFAULT NULL,
  `updated_at` timestamp NULL DEFAULT NULL
) ENGINE=InnoDB DEFAULT CHARSET=utf8mb4 COLLATE=utf8mb4_unicode_ci;

--
-- Dumping data for table `categories`
--

INSERT INTO `categories` (`id`, `category_name`, `created_at`, `updated_at`) VALUES
(58, 'TPE', '2022-02-17 10:10:34', '2022-02-17 10:10:34'),
(59, 'TPE COMBINE', '2022-02-17 10:11:01', '2022-02-17 10:11:01'),
(60, 'OIL', '2022-02-17 10:11:08', '2022-02-17 10:11:08'),
(61, 'KALSIUM', '2022-02-17 10:11:16', '2022-02-17 10:11:16'),
(62, 'PLASTICIZER/HIPS', '2022-02-17 10:11:45', '2022-02-17 10:11:45'),
(63, 'PLASTICIZER/GPPS', '2022-02-17 10:11:57', '2022-02-17 10:11:57'),
(64, 'PLASTICIZER/K.RESIN', '2022-02-17 10:12:15', '2022-02-17 10:12:15'),
(65, 'PLASTICIZER/EVA', '2022-02-17 10:12:29', '2022-02-17 10:12:29'),
(66, 'GILINGAN/ TPR', '2022-02-17 10:12:43', '2022-02-17 10:12:43'),
(67, 'GILINGAN/ GILINGAN SBS', '2022-02-17 10:12:58', '2022-02-17 10:12:58'),
(71, 'ANTI OKSIDANT', '2022-02-17 10:14:03', '2022-02-17 10:14:03'),
(72, 'BLOWING', '2022-02-17 10:14:11', '2022-02-17 10:14:11'),
(73, 'ADDITIVE', '2022-02-17 10:14:19', '2022-02-17 10:14:19'),
(74, 'LAIN-LAIN', '2022-02-17 10:14:26', '2022-02-17 10:14:26'),
(75, 'BARANG JADI', '2022-02-17 10:43:27', '2022-02-17 10:43:27'),
(76, 'COLOURING', '2022-03-07 08:54:46', '2022-03-07 08:54:46'),
(77, 'GILINGAN/ HASIL LIMBAH EX', '2022-04-07 06:24:03', '2022-04-07 06:24:03');

-- --------------------------------------------------------

--
-- Table structure for table `costs`
--

CREATE TABLE `costs` (
  `id` int(10) UNSIGNED NOT NULL,
  `cost_name` varchar(255) COLLATE utf8mb4_unicode_ci NOT NULL,
  `description` varchar(255) COLLATE utf8mb4_unicode_ci NOT NULL,
  `created_at` timestamp NULL DEFAULT NULL,
  `updated_at` timestamp NULL DEFAULT NULL
) ENGINE=InnoDB DEFAULT CHARSET=utf8mb4 COLLATE=utf8mb4_unicode_ci;

--
-- Dumping data for table `costs`
--

INSERT INTO `costs` (`id`, `cost_name`, `description`, `created_at`, `updated_at`) VALUES
(7, 'bayar listrik', 'bayar listrik bulanan', '2019-09-04 07:01:49', '2019-09-04 07:01:49'),
(8, 'Beli solar', 'Beli solar mobil', '2019-09-04 07:25:12', '2019-09-04 07:25:12');

-- --------------------------------------------------------

--
-- Table structure for table `customers`
--

CREATE TABLE `customers` (
  `id` int(10) UNSIGNED NOT NULL,
  `customer_name` varchar(255) COLLATE utf8mb4_unicode_ci NOT NULL,
  `customer_address` varchar(255) COLLATE utf8mb4_unicode_ci NOT NULL,
  `jenis_kelamin` varchar(50) COLLATE utf8mb4_unicode_ci NOT NULL,
  `customer_phone` varchar(255) COLLATE utf8mb4_unicode_ci NOT NULL,
  `customer_foto` varchar(255) COLLATE utf8mb4_unicode_ci DEFAULT NULL,
  `created_at` timestamp NULL DEFAULT NULL,
  `updated_at` timestamp NULL DEFAULT NULL
) ENGINE=InnoDB DEFAULT CHARSET=utf8mb4 COLLATE=utf8mb4_unicode_ci;

--
-- Dumping data for table `customers`
--

INSERT INTO `customers` (`id`, `customer_name`, `customer_address`, `jenis_kelamin`, `customer_phone`, `customer_foto`, `created_at`, `updated_at`) VALUES
(1250, 'PT SOLINDO', 'JL. Satria Raya IV No. 1 \r\nBandung 40224', 'Perempuan', '0225423097', NULL, '2022-02-17 10:38:40', '2022-02-17 10:38:40'),
(1251, 'PT TRICIPTA SEJATI ABADI', 'Jl. Kopo Bihbul Km 6.5 No. 20/28 Bandung', 'Perempuan', '0225405332', NULL, '2022-02-17 10:39:25', '2022-02-17 10:39:25'),
(1252, 'PT KREASI INTI SUKSES', 'Komp. Sumber Sari\r\nBlok. Sumber Endah Kav. 31/25 Bandung', 'Perempuan', '08572009920', NULL, '2022-02-17 10:40:09', '2022-02-17 10:40:09'),
(1253, 'PT SINAR CAHAYA MAKMUR', 'Kapten Yusuf No. 88 (Belakang SPBU)\r\nCiapus Ciomas Kab. Bogor', 'Laki-Laki', '081281203333', NULL, '2022-02-17 10:40:51', '2022-02-17 10:40:51'),
(1254, 'PT ESA SUMBER ABADI', 'JL. Perancis Pelabuhan No. 35 \r\nDesa Dadap Kec. Kosambi \r\nTanggerang 15211', 'Laki-Laki', '0811154555', NULL, '2022-02-17 10:41:41', '2022-02-17 10:41:41'),
(1255, 'PT ALFA INDAH ABADI', 'Jl. Kapten Yusuf No. 198 RT 002/011 Batu Gede\r\nKel. Pasir Eurih Kec. Tamansari Kab. Bogor 16610', 'Laki-Laki', '081383637483', NULL, '2022-02-17 10:42:46', '2022-02-17 10:42:46'),
(1256, 'CV JAYA RAYA', 'JL. PAHLAWAN 21A MOJOKERTO', 'Laki-Laki', '00', NULL, '2022-03-07 08:34:37', '2022-03-07 08:34:37'),
(1258, 'PT SMID', 'Jl. Kw. Industri Trikencana Kav. No.40 - 42, Cilampeni, Kec. Katapang, Kabupaten Bandung, Jawa Barat 40921', 'Laki-Laki', '0225880202', NULL, '2022-03-08 06:23:02', '2022-03-08 06:23:02'),
(1259, 'SBS', 'JL. RAYA DAYEUHKOLOT NO.174', 'Perempuan', '0', NULL, '2022-04-12 03:27:22', '2022-04-12 03:27:22');

-- --------------------------------------------------------

--
-- Table structure for table `custpays`
--

CREATE TABLE `custpays` (
  `id` int(10) UNSIGNED NOT NULL,
  `payment_no` varchar(255) COLLATE utf8mb4_unicode_ci NOT NULL,
  `service_id` varchar(255) COLLATE utf8mb4_unicode_ci NOT NULL,
  `customer_id` int(11) NOT NULL,
  `customer_name` varchar(255) COLLATE utf8mb4_unicode_ci NOT NULL,
  `nilai_pembayaran` int(11) NOT NULL,
  `description` text COLLATE utf8mb4_unicode_ci DEFAULT NULL,
  `status` int(11) NOT NULL DEFAULT 0,
  `created_at` timestamp NULL DEFAULT NULL,
  `updated_at` timestamp NULL DEFAULT NULL
) ENGINE=InnoDB DEFAULT CHARSET=utf8mb4 COLLATE=utf8mb4_unicode_ci;

--
-- Dumping data for table `custpays`
--

INSERT INTO `custpays` (`id`, `payment_no`, `service_id`, `customer_id`, `customer_name`, `nilai_pembayaran`, `description`, `status`, `created_at`, `updated_at`) VALUES
(1, 'CPA-000001', 'SV-000001', 23, 'Indofood', 1040000, 'lunas tanggal 4-09-2019', 0, '2019-09-04 07:23:11', '2019-09-04 07:23:11'),
(2, 'CPA-000002', 'SV-000002', 24, 'KKM', 2000000, 'lunas tanggal hari ini', 1, '2019-09-18 09:34:25', '2019-09-18 09:34:25');

--
-- Triggers `custpays`
--
DELIMITER $$
CREATE TRIGGER `custpays_after_update` AFTER UPDATE ON `custpays` FOR EACH ROW BEGIN

UPDATE cash_flows SET incash = NEW.nilai_pembayaran WHERE document = NEW.payment_no;

END
$$
DELIMITER ;
DELIMITER $$
CREATE TRIGGER `deleted_payment_service` AFTER DELETE ON `custpays` FOR EACH ROW BEGIN 
	UPDATE services SET pembayaran=pembayaran-old.nilai_pembayaran,
	sisa = sisa + old.nilai_pembayaran
	WHERE invoice = old.service_id;
	
	DELETE FROM cash_flows WHERE document = OLD.payment_no;
END
$$
DELIMITER ;
DELIMITER $$
CREATE TRIGGER `service_payment` AFTER INSERT ON `custpays` FOR EACH ROW BEGIN 
	UPDATE services SET pembayaran=pembayaran+NEW.nilai_pembayaran,
	sisa = sisa - NEW.nilai_pembayaran
	WHERE invoice = NEW.service_id;
	
	INSERT INTO cash_flows(type,document,incash,outcash,created_at,updated_at)VALUES('SERVICE', NEW.payment_no, NEW.nilai_pembayaran, 0, NEW.created_at, NEW.updated_at);

END
$$
DELIMITER ;

-- --------------------------------------------------------

--
-- Table structure for table `debts`
--

CREATE TABLE `debts` (
  `id` int(10) UNSIGNED NOT NULL,
  `payment_no` varchar(50) COLLATE utf8mb4_unicode_ci NOT NULL DEFAULT '',
  `id_purchase` varchar(50) COLLATE utf8mb4_unicode_ci NOT NULL DEFAULT '',
  `id_supplier` int(11) NOT NULL,
  `nama_supplier` varchar(255) COLLATE utf8mb4_unicode_ci NOT NULL DEFAULT '',
  `nilai_pembayaran` int(11) NOT NULL,
  `description` text COLLATE utf8mb4_unicode_ci DEFAULT NULL,
  `status` int(11) NOT NULL DEFAULT 0,
  `created_at` timestamp NULL DEFAULT NULL,
  `updated_at` timestamp NULL DEFAULT NULL
) ENGINE=InnoDB DEFAULT CHARSET=utf8mb4 COLLATE=utf8mb4_unicode_ci;

--
-- Dumping data for table `debts`
--

INSERT INTO `debts` (`id`, `payment_no`, `id_purchase`, `id_supplier`, `nama_supplier`, `nilai_pembayaran`, `description`, `status`, `created_at`, `updated_at`) VALUES
(1, 'DBT-000001', 'PCH-000001', 4, 'Mandiri jaya tekhnik', 400000, 'lunas tanggal 04-09-2019', 1, '2019-09-04 07:07:34', '2019-09-04 07:07:34'),
(2, 'DBT-000002', 'PCH-000003', 5, 'Rapi', 5000000, 'lunas tanggan hari ini', 0, '2019-09-18 09:10:37', '2019-09-18 09:10:37'),
(3, 'DBT-000003', 'PCH-000004', 5, 'Rapi', 150000, 'cash', 1, '2019-09-25 09:27:45', '2019-09-25 09:27:45'),
(4, 'DBT-000004', 'PCH-000006', 17, 'Gasida', 6000000, 'lunas', 1, '2020-01-22 08:41:43', '2020-01-22 08:41:43');

--
-- Triggers `debts`
--
DELIMITER $$
CREATE TRIGGER `debt_payments` AFTER INSERT ON `debts` FOR EACH ROW BEGIN 
	UPDATE purchases SET pembayaran=pembayaran+NEW.nilai_pembayaran,
	sisa = sisa - NEW.nilai_pembayaran
	WHERE invoice = NEW.id_purchase;
	
	INSERT INTO cash_flows(type,document,incash,outcash,created_at,updated_at)VALUES('DEBT', NEW.payment_no, 0, NEW.nilai_pembayaran, NEW.created_at, NEW.updated_at);

END
$$
DELIMITER ;
DELIMITER $$
CREATE TRIGGER `debts_update_kas` AFTER UPDATE ON `debts` FOR EACH ROW BEGIN

UPDATE cash_flows SET outcash = NEW.nilai_pembayaran WHERE document = NEW.nilai_pembayaran;
END
$$
DELIMITER ;
DELIMITER $$
CREATE TRIGGER `payment_deleted` AFTER DELETE ON `debts` FOR EACH ROW BEGIN 
	UPDATE purchases SET pembayaran=pembayaran-old.nilai_pembayaran,
	sisa = sisa + old.nilai_pembayaran
	WHERE invoice = old.id_purchase;
	
	DELETE FROM cash_flows WHERE document = OLD.payment_no;
END
$$
DELIMITER ;

-- --------------------------------------------------------

--
-- Table structure for table `expenses`
--

CREATE TABLE `expenses` (
  `id` int(10) UNSIGNED NOT NULL,
  `cost_date` date DEFAULT NULL,
  `cost_id` int(11) NOT NULL,
  `description` text COLLATE utf8mb4_unicode_ci NOT NULL,
  `cost_value` int(11) NOT NULL,
  `created_at` timestamp NULL DEFAULT NULL,
  `updated_at` timestamp NULL DEFAULT NULL
) ENGINE=InnoDB DEFAULT CHARSET=utf8mb4 COLLATE=utf8mb4_unicode_ci;

--
-- Dumping data for table `expenses`
--

INSERT INTO `expenses` (`id`, `cost_date`, `cost_id`, `description`, `cost_value`, `created_at`, `updated_at`) VALUES
(1, '2019-09-04', 7, 'bayar listrik bulan agustus', 1000000, '2019-09-04 07:24:45', '2019-09-04 07:24:45'),
(2, '2019-09-18', 8, 'beli solar genset', 50000, '2019-09-18 09:33:04', '2019-09-18 09:33:04');

--
-- Triggers `expenses`
--
DELIMITER $$
CREATE TRIGGER `expenses_delete_kas` AFTER DELETE ON `expenses` FOR EACH ROW BEGIN

DELETE FROM cash_flows WHERE document = OLD.id;

END
$$
DELIMITER ;
DELIMITER $$
CREATE TRIGGER `expenses_insert_kas` AFTER INSERT ON `expenses` FOR EACH ROW BEGIN

INSERT INTO cash_flows(type,document,incash,outcash,created_at,updated_at)VALUES('EXPENSE', NEW.id, 0, NEW.cost_value, NEW.created_at, NEW.updated_at);

END
$$
DELIMITER ;
DELIMITER $$
CREATE TRIGGER `expenses_update_kas` AFTER UPDATE ON `expenses` FOR EACH ROW BEGIN

UPDATE cash_flows SET outcash = NEW.cost_value WHERE document = NEW.id;

END
$$
DELIMITER ;

-- --------------------------------------------------------

--
-- Table structure for table `goodreceipt`
--

CREATE TABLE `goodreceipt` (
  `id` int(10) UNSIGNED NOT NULL,
  `gr_no` varchar(255) COLLATE utf8mb4_unicode_ci NOT NULL,
  `po_no` varchar(255) COLLATE utf8mb4_unicode_ci NOT NULL,
  `supplier_id` int(11) NOT NULL,
  `description` varchar(255) COLLATE utf8mb4_unicode_ci NOT NULL,
  `user_id` varchar(255) COLLATE utf8mb4_unicode_ci NOT NULL,
  `total` int(11) NOT NULL DEFAULT 0,
  `gudang` int(11) NOT NULL,
  `status` int(11) NOT NULL DEFAULT 0,
  `created_at` timestamp NULL DEFAULT current_timestamp(),
  `updated_at` timestamp NULL DEFAULT NULL
) ENGINE=InnoDB DEFAULT CHARSET=utf8mb4 COLLATE=utf8mb4_unicode_ci;

--
-- Dumping data for table `goodreceipt`
--

INSERT INTO `goodreceipt` (`id`, `gr_no`, `po_no`, `supplier_id`, `description`, `user_id`, `total`, `gudang`, `status`, `created_at`, `updated_at`) VALUES
(125, 'GR000001', 'PCH-000001', 45, 'TPE', '23', 0, 1, 1, '2022-06-30 06:30:45', NULL),
(126, 'GR000126', 'PCH-000142', 45, 'TPE COMBINE', '23', 0, 1, 0, '2022-06-30 06:34:56', NULL),
(127, 'GR000127', 'PCH-000143', 45, 'OIL', '23', 0, 1, 0, '2022-06-30 06:40:45', NULL),
(128, 'GR000128', 'PCH-000144', 45, 'KALSIUM', '23', 0, 1, 0, '2022-06-30 06:42:04', NULL),
(129, 'GR000129', 'PCH-000145', 45, 'PLASTICIZER ( HIPS )', '23', 0, 1, 0, '2022-06-30 06:50:15', NULL),
(130, 'GR000130', 'PCH-000146', 45, 'PLASTICIZER ( GPPS )', '23', 0, 1, 0, '2022-06-30 06:52:33', NULL),
(131, 'GR000131', 'PCH-000147', 45, 'K RESIN', '23', 0, 1, 0, '2022-06-30 06:54:05', NULL),
(132, 'GR000132', 'PCH-000148', 45, 'EVA', '23', 0, 1, 0, '2022-06-30 06:55:00', NULL),
(133, 'GR000133', 'PCH-000149', 45, 'GILINGAN ( TPR )', '23', 0, 1, 0, '2022-06-30 06:57:57', NULL),
(134, 'GR000134', 'PCH-000150', 45, 'GILINGAN ( GILINGAN SBS )', '23', 0, 1, 0, '2022-06-30 06:59:13', NULL),
(135, 'GR000135', 'PCH-000151', 45, 'GILINGAN ( HASIL LIMBAH EX )', '23', 0, 1, 0, '2022-06-30 07:02:14', NULL),
(136, 'GR000136', 'PCH-000153', 45, 'PIGMEN (NON FOOD GRADE)', '23', 0, 1, 0, '2022-06-30 07:10:26', NULL),
(137, 'GR000137', 'PCH-000154', 45, 'PIGMEN (FOOD GRADE)', '23', 0, 1, 0, '2022-06-30 07:11:15', NULL),
(138, 'GR000138', 'PCH-000155', 45, 'ANTI OKSIDANT', '23', 0, 1, 0, '2022-06-30 07:12:48', NULL),
(139, 'GR000139', 'PCH-000156', 45, 'BLOWING', '23', 0, 1, 0, '2022-06-30 07:14:45', NULL),
(140, 'GR000140', 'PCH-000157', 45, 'ADDITIVE', '23', 0, 1, 0, '2022-06-30 07:17:09', NULL),
(141, 'GR000141', 'PCH-000158', 45, 'LAIN-LAIN', '23', 0, 1, 0, '2022-06-30 07:20:06', NULL),
(142, 'GR000142', 'PCH-000159', 35, '5-1-22 (102.103)', '23', 0, 1, 0, '2022-06-30 07:38:44', NULL),
(143, 'GR000143', 'PCH-000160', 36, '5-1-2022', '23', 0, 1, 0, '2022-06-30 07:41:15', NULL),
(144, 'GR000144', 'PCH-000162', 36, '6-01-2022 (104)', '23', 0, 1, 0, '2022-06-30 07:42:39', NULL),
(145, 'GR000145', 'PCH-000163', 35, '7-01-2022 (105.106.107)', '23', 0, 1, 0, '2022-06-30 07:46:16', NULL),
(146, 'GR000146', 'PCH-000164', 36, '7-01-2022 (108)', '23', 0, 1, 0, '2022-06-30 07:47:44', NULL),
(147, 'GR000147', 'PCH-000165', 36, '8-01-2022 (109)', '23', 0, 1, 0, '2022-06-30 07:49:12', NULL),
(148, 'GR000148', 'PCH-000166', 35, '10-01-2022', '23', 0, 1, 0, '2022-06-30 07:50:41', NULL),
(149, 'GR000149', 'PCH-000168', 38, '12-01-2022 (SBP220100334)', '23', 0, 1, 0, '2022-06-30 07:51:47', NULL),
(150, 'GR000150', 'PCH-000169', 39, '13-01-2022 (3150058834)', '23', 0, 1, 0, '2022-06-30 07:52:41', NULL),
(151, 'GR000151', 'PCH-000170', 40, '14-01-2022 (023-22)', '23', 0, 1, 0, '2022-06-30 07:54:10', NULL),
(152, 'GR000152', 'PCH-000171', 35, '15-01-2022 (112)', '23', 0, 1, 0, '2022-06-30 07:55:00', NULL),
(153, 'GR000153', 'PCH-000172', 41, '15-01-2022 (113)', '23', 0, 1, 0, '2022-06-30 07:55:47', NULL),
(154, 'GR000154', 'PCH-000173', 35, '18-01-2022 (114)', '23', 0, 1, 0, '2022-06-30 07:57:41', NULL),
(155, 'GR000155', 'PCH-000174', 41, '18-01-2022 (115)', '23', 0, 1, 0, '2022-06-30 07:58:32', NULL),
(156, 'GR000156', 'PCH-000175', 42, '20-01-2022 (2200026)', '23', 0, 1, 0, '2022-06-30 07:59:25', NULL),
(157, 'GR000157', 'PCH-000176', 35, '22-01-2022 (116.117.118)', '23', 0, 1, 0, '2022-06-30 08:00:34', NULL),
(158, 'GR000158', 'PCH-000177', 35, '25-01-2022 (2501-22)', '23', 0, 1, 0, '2022-06-30 08:01:29', NULL),
(159, 'GR000159', 'PCH-000178', 46, '26-01-2022 (202201-028)', '23', 0, 1, 0, '2022-06-30 08:02:40', NULL),
(160, 'GR000160', 'PCH-000179', 35, '27-01-2022 (2701-22)', '23', 0, 1, 0, '2022-06-30 08:03:33', NULL),
(161, 'GR000161', 'PCH-000180', 35, '27-01-2022 (2701-22)', '23', 0, 1, 0, '2022-06-30 08:04:18', NULL),
(162, 'GR000162', 'PCH-000181', 38, '28-01-2022 (SBP220101013, SBP 220101013)', '23', 0, 1, 0, '2022-06-30 08:05:26', NULL),
(163, 'GR000163', 'PCH-000182', 43, '29-01-2022 (060-22)', '23', 0, 1, 0, '2022-06-30 08:06:18', NULL),
(164, 'GR000164', 'PCH-000183', 45, '3411 + OIL 110', '23', 0, 1, 1, '2022-07-06 06:39:24', NULL);

-- --------------------------------------------------------

--
-- Table structure for table `goodreceipt_details`
--

CREATE TABLE `goodreceipt_details` (
  `id` int(10) UNSIGNED NOT NULL,
  `ids` int(11) NOT NULL,
  `gr_no` varchar(255) COLLATE utf8mb4_unicode_ci NOT NULL,
  `po_no` varchar(255) COLLATE utf8mb4_unicode_ci NOT NULL,
  `gudang` int(11) NOT NULL,
  `item_cd` int(11) NOT NULL,
  `quantity` float NOT NULL DEFAULT 0,
  `item_unit` varchar(255) COLLATE utf8mb4_unicode_ci NOT NULL,
  `item_price` int(11) NOT NULL,
  `item_total` int(11) NOT NULL
) ENGINE=InnoDB DEFAULT CHARSET=utf8mb4 COLLATE=utf8mb4_unicode_ci;

--
-- Dumping data for table `goodreceipt_details`
--

INSERT INTO `goodreceipt_details` (`id`, `ids`, `gr_no`, `po_no`, `gudang`, `item_cd`, `quantity`, `item_unit`, `item_price`, `item_total`) VALUES
(328, 365, 'GR000001', 'PCH-000001', 1, 233, 20760, 'KG', 0, 0),
(329, 366, 'GR000001', 'PCH-000001', 1, 234, 105370, 'KG', 0, 0),
(330, 367, 'GR000001', 'PCH-000001', 1, 235, 200, 'KG', 0, 0),
(331, 368, 'GR000001', 'PCH-000001', 1, 236, 4720, 'KG', 0, 0),
(332, 369, 'GR000001', 'PCH-000001', 1, 237, 3528, 'KG', 0, 0),
(333, 370, 'GR000001', 'PCH-000001', 1, 238, 11633, 'KG', 0, 0),
(334, 371, 'GR000001', 'PCH-000001', 1, 239, 2, 'KG', 0, 0),
(335, 372, 'GR000001', 'PCH-000001', 1, 240, 22146.5, 'KG', 0, 0),
(336, 373, 'GR000001', 'PCH-000001', 1, 241, 3585, 'KG', 0, 0),
(337, 374, 'GR000126', 'PCH-000142', 1, 242, 53, 'KG', 0, 0),
(338, 375, 'GR000126', 'PCH-000142', 1, 243, 39.5, 'KG', 0, 0),
(339, 376, 'GR000127', 'PCH-000143', 1, 244, 43.04, 'KG', 0, 0),
(340, 377, 'GR000127', 'PCH-000143', 1, 245, 19.88, 'KG', 0, 0),
(341, 378, 'GR000127', 'PCH-000143', 1, 246, 31.4, 'KG', 0, 0),
(342, 379, 'GR000127', 'PCH-000143', 1, 247, 30162, 'KG', 0, 0),
(343, 380, 'GR000127', 'PCH-000143', 1, 248, 0.78, 'KG', 0, 0),
(344, 381, 'GR000128', 'PCH-000144', 1, 249, 4875, 'KG', 0, 0),
(345, 382, 'GR000128', 'PCH-000144', 1, 250, 5250, 'KG', 0, 0),
(346, 383, 'GR000128', 'PCH-000144', 1, 252, 1513, 'KG', 0, 0),
(347, 384, 'GR000129', 'PCH-000145', 1, 253, 15050, 'KG', 0, 0),
(348, 385, 'GR000129', 'PCH-000145', 1, 254, 833.9, 'KG', 0, 0),
(349, 386, 'GR000129', 'PCH-000145', 1, 255, 73.05, 'KG', 0, 0),
(350, 387, 'GR000129', 'PCH-000145', 1, 256, 617.99, 'KG', 0, 0),
(351, 388, 'GR000129', 'PCH-000145', 1, 260, 695.1, 'KG', 0, 0),
(352, 389, 'GR000129', 'PCH-000145', 1, 261, 1117.2, 'KG', 0, 0),
(353, 390, 'GR000129', 'PCH-000145', 1, 262, 825, 'KG', 0, 0),
(354, 391, 'GR000129', 'PCH-000145', 1, 264, 17.25, 'KG', 0, 0),
(355, 392, 'GR000129', 'PCH-000145', 1, 265, 64.63, 'KG', 0, 0),
(356, 393, 'GR000129', 'PCH-000145', 1, 267, 3063.5, 'KG', 0, 0),
(357, 394, 'GR000130', 'PCH-000146', 1, 270, 15325, 'KG', 0, 0),
(358, 395, 'GR000130', 'PCH-000146', 1, 273, 6946, 'KG', 0, 0),
(359, 396, 'GR000130', 'PCH-000146', 1, 277, 25, 'KG', 0, 0),
(360, 397, 'GR000130', 'PCH-000146', 1, 279, 19478.7, 'KG', 0, 0),
(361, 398, 'GR000131', 'PCH-000147', 1, 280, 2345, 'KG', 0, 0),
(362, 399, 'GR000131', 'PCH-000147', 1, 282, 3150, 'KG', 0, 0),
(363, 400, 'GR000131', 'PCH-000147', 1, 283, 6498, 'KG', 0, 0),
(364, 401, 'GR000132', 'PCH-000148', 1, 285, 5085, 'KG', 0, 0),
(365, 402, 'GR000132', 'PCH-000148', 1, 286, 447.8, 'KG', 0, 0),
(366, 403, 'GR000133', 'PCH-000149', 1, 288, 3400, 'KG', 0, 0),
(367, 404, 'GR000133', 'PCH-000149', 1, 291, 33.5, 'KG', 0, 0),
(368, 405, 'GR000133', 'PCH-000149', 1, 293, 587.5, 'KG', 0, 0),
(369, 406, 'GR000133', 'PCH-000149', 1, 294, 275, 'KG', 0, 0),
(370, 407, 'GR000134', 'PCH-000150', 1, 297, 1605, 'KG', 0, 0),
(371, 408, 'GR000134', 'PCH-000150', 1, 298, 960, 'KG', 0, 0),
(372, 411, 'GR000135', 'PCH-000151', 1, 421, 4956.8, 'KG', 0, 0),
(373, 412, 'GR000135', 'PCH-000151', 1, 422, 886.58, 'KG', 0, 0),
(374, 413, 'GR000135', 'PCH-000151', 1, 423, 532.56, 'KG', 0, 0),
(375, 414, 'GR000136', 'PCH-000153', 1, 372, 543.7, 'KG', 0, 0),
(376, 415, 'GR000136', 'PCH-000153', 1, 374, 552, 'KG', 0, 0),
(377, 416, 'GR000136', 'PCH-000153', 1, 375, 342.8, 'KG', 0, 0),
(378, 417, 'GR000136', 'PCH-000153', 1, 376, 375, 'KG', 0, 0),
(379, 418, 'GR000136', 'PCH-000153', 1, 377, 343.7, 'KG', 0, 0),
(380, 419, 'GR000136', 'PCH-000153', 1, 380, 171.7, 'KG', 0, 0),
(381, 420, 'GR000136', 'PCH-000153', 1, 382, 161, 'KG', 0, 0),
(382, 421, 'GR000136', 'PCH-000153', 1, 383, 134.6, 'KG', 0, 0),
(383, 422, 'GR000136', 'PCH-000153', 1, 390, 1.5, 'KG', 0, 0),
(384, 423, 'GR000136', 'PCH-000153', 1, 391, 250, 'KG', 0, 0),
(385, 424, 'GR000136', 'PCH-000153', 1, 393, 200, 'KG', 0, 0),
(386, 425, 'GR000136', 'PCH-000153', 1, 394, 0.45, 'KG', 0, 0),
(387, 426, 'GR000136', 'PCH-000153', 1, 395, 0.09, 'KG', 0, 0),
(388, 427, 'GR000136', 'PCH-000153', 1, 409, 0.18821, 'KG', 0, 0),
(389, 428, 'GR000136', 'PCH-000153', 1, 410, 450, 'KG', 0, 0),
(390, 429, 'GR000136', 'PCH-000153', 1, 411, 0.11, 'KG', 0, 0),
(391, 430, 'GR000136', 'PCH-000153', 1, 412, 5000, 'KG', 0, 0),
(392, 431, 'GR000136', 'PCH-000153', 1, 415, 24.015, 'KG', 0, 0),
(393, 432, 'GR000137', 'PCH-000154', 1, 418, 18.7, 'KG', 0, 0),
(394, 433, 'GR000138', 'PCH-000155', 1, 426, 384.5, 'KG', 0, 0),
(395, 434, 'GR000138', 'PCH-000155', 1, 324, 480, 'KG', 0, 0),
(396, 435, 'GR000139', 'PCH-000156', 1, 325, 566.9, 'KG', 0, 0),
(397, 436, 'GR000139', 'PCH-000156', 1, 326, 331.8, 'KG', 0, 0),
(398, 437, 'GR000139', 'PCH-000156', 1, 327, 1273.5, 'KG', 0, 0),
(399, 438, 'GR000139', 'PCH-000156', 1, 328, 264, 'KG', 0, 0),
(400, 439, 'GR000140', 'PCH-000157', 1, 329, 537, 'KG', 0, 0),
(401, 440, 'GR000140', 'PCH-000157', 1, 330, 0.189, 'KG', 0, 0),
(402, 441, 'GR000140', 'PCH-000157', 1, 331, 125, 'KG', 0, 0),
(403, 442, 'GR000140', 'PCH-000157', 1, 332, 55.54, 'KG', 0, 0),
(404, 443, 'GR000140', 'PCH-000157', 1, 333, 338.5, 'KG', 0, 0),
(405, 444, 'GR000140', 'PCH-000157', 1, 334, 13.05, 'KG', 0, 0),
(406, 445, 'GR000140', 'PCH-000157', 1, 335, 145.75, 'KG', 0, 0),
(407, 446, 'GR000140', 'PCH-000157', 1, 336, 9.72, 'KG', 0, 0),
(408, 447, 'GR000140', 'PCH-000157', 1, 337, 0.79, 'KG', 0, 0),
(409, 448, 'GR000141', 'PCH-000158', 1, 339, 5900, 'LEMBAR', 0, 0),
(410, 449, 'GR000141', 'PCH-000158', 1, 341, 16.98, 'KG', 0, 0),
(411, 450, 'GR000141', 'PCH-000158', 1, 342, 25, 'KG', 0, 0),
(412, 451, 'GR000141', 'PCH-000158', 1, 343, 4060, 'KG', 0, 0),
(413, 452, 'GR000142', 'PCH-000159', 1, 291, 1000, 'KG', 0, 0),
(414, 453, 'GR000142', 'PCH-000159', 1, 290, 1000, 'KG', 0, 0),
(415, 454, 'GR000143', 'PCH-000160', 1, 275, 47.55, 'KG', 0, 0),
(417, 457, 'GR000144', 'PCH-000162', 1, 275, 2032.53, 'KG', 0, 0),
(418, 458, 'GR000145', 'PCH-000163', 1, 291, 350, 'KG', 0, 0),
(419, 459, 'GR000145', 'PCH-000163', 1, 294, 525, 'KG', 0, 0),
(420, 460, 'GR000145', 'PCH-000163', 1, 290, 425, 'KG', 0, 0),
(421, 461, 'GR000146', 'PCH-000164', 1, 275, 716.59, 'KG', 0, 0),
(423, 462, 'GR000147', 'PCH-000165', 1, 275, 2379.83, 'KG', 0, 0),
(424, 463, 'GR000148', 'PCH-000166', 1, 294, 675, 'KG', 0, 0),
(425, 464, 'GR000148', 'PCH-000166', 1, 290, 825, 'KG', 0, 0),
(426, 466, 'GR000149', 'PCH-000168', 1, 249, 5000, 'KG', 0, 0),
(427, 467, 'GR000150', 'PCH-000169', 1, 328, 300, 'KG', 0, 0),
(428, 468, 'GR000151', 'PCH-000170', 1, 337, 2, 'KG', 0, 0),
(429, 469, 'GR000152', 'PCH-000171', 1, 294, 925, 'KG', 0, 0),
(430, 470, 'GR000153', 'PCH-000172', 1, 275, 1086.38, 'KG', 0, 0),
(431, 471, 'GR000154', 'PCH-000173', 1, 291, 1000, 'KG', 0, 0),
(432, 472, 'GR000155', 'PCH-000174', 1, 275, 917, 'KG', 0, 0),
(433, 473, 'GR000156', 'PCH-000175', 1, 420, 13800, 'KG', 0, 0),
(434, 474, 'GR000157', 'PCH-000176', 1, 275, 1273.2, 'KG', 0, 0),
(435, 475, 'GR000157', 'PCH-000176', 1, 290, 325, 'KG', 0, 0),
(436, 476, 'GR000157', 'PCH-000176', 1, 291, 500, 'KG', 0, 0),
(437, 477, 'GR000158', 'PCH-000177', 1, 271, 1000, 'KG', 0, 0),
(438, 478, 'GR000159', 'PCH-000178', 1, 424, 0.5, 'KG', 0, 0),
(439, 479, 'GR000160', 'PCH-000179', 1, 271, 293.42, 'KG', 0, 0),
(440, 480, 'GR000161', 'PCH-000180', 1, 271, 757.48, 'KG', 0, 0),
(441, 481, 'GR000162', 'PCH-000181', 1, 419, 5000, 'KG', 0, 0),
(442, 482, 'GR000162', 'PCH-000181', 1, 251, 5000, 'KG', 0, 0),
(443, 483, 'GR000163', 'PCH-000182', 1, 376, 600, 'KG', 0, 0),
(444, 484, 'GR000163', 'PCH-000182', 1, 375, 400, 'KG', 0, 0),
(445, 485, 'GR000164', 'PCH-000183', 1, 243, 150, 'KG', 0, 0);

--
-- Triggers `goodreceipt_details`
--
DELIMITER $$
CREATE TRIGGER `kurangin_stok` AFTER DELETE ON `goodreceipt_details` FOR EACH ROW BEGIN

DECLARE wh INT default 0;
SET wh = OLD.gudang;

IF wh=1 THEN
UPDATE materials SET materials.stok = materials.stok - OLD.quantity WHERE 	materials.id = OLD.item_cd;

ELSEIF wh=2 THEN
UPDATE materials SET materials.stok_2 = materials.stok_2 - OLD.quantity WHERE 	materials.id = OLD.item_cd;
END IF;

UPDATE purchase_details SET qty_received = qty_received - OLD.quantity WHERE invoice = OLD.po_no AND item_cd = OLD.item_cd;


END
$$
DELIMITER ;
DELIMITER $$
CREATE TRIGGER `tambahkan_stok` AFTER INSERT ON `goodreceipt_details` FOR EACH ROW BEGIN

DECLARE wh INT default 0;
SET wh = NEW.gudang;

IF wh=1 THEN
UPDATE materials SET materials.stok = materials.stok + NEW.quantity WHERE 	materials.id = NEW.item_cd;

ELSEIF wh=2 THEN
UPDATE materials SET materials.stok_2 = materials.stok_2 + NEW.quantity WHERE 	materials.id = NEW.item_cd;
END IF;

UPDATE purchase_details SET qty_received = qty_received + NEW.quantity WHERE invoice = NEW.po_no AND item_cd = NEW.item_cd;


END
$$
DELIMITER ;

-- --------------------------------------------------------

--
-- Table structure for table `goods`
--

CREATE TABLE `goods` (
  `id` int(10) NOT NULL,
  `good_name` varchar(255) COLLATE utf8mb4_unicode_ci NOT NULL,
  `unit` varchar(255) COLLATE utf8mb4_unicode_ci NOT NULL,
  `description` text COLLATE utf8mb4_unicode_ci DEFAULT NULL,
  `b_price` int(11) NOT NULL,
  `s_price` int(11) NOT NULL,
  `r_price` int(11) NOT NULL,
  `d_price` int(11) NOT NULL,
  `kategori` int(11) NOT NULL,
  `stok` int(11) NOT NULL,
  `foto` varchar(255) COLLATE utf8mb4_unicode_ci DEFAULT NULL,
  `created_at` timestamp NULL DEFAULT NULL,
  `updated_at` timestamp NULL DEFAULT NULL,
  `co_number` int(11) DEFAULT NULL,
  `grade` varchar(100) COLLATE utf8mb4_unicode_ci DEFAULT NULL,
  `colour` varchar(100) COLLATE utf8mb4_unicode_ci DEFAULT NULL,
  `hardness` varchar(100) COLLATE utf8mb4_unicode_ci DEFAULT NULL
) ENGINE=InnoDB DEFAULT CHARSET=utf8mb4 COLLATE=utf8mb4_unicode_ci;

--
-- Dumping data for table `goods`
--

INSERT INTO `goods` (`id`, `good_name`, `unit`, `description`, `b_price`, `s_price`, `r_price`, `d_price`, `kategori`, `stok`, `foto`, `created_at`, `updated_at`, `co_number`, `grade`, `colour`, `hardness`) VALUES
(269, '.', 'KG', '.', 0, 0, 0, 0, 75, 0, NULL, '2022-06-30 08:37:18', '2022-06-30 08:37:18', NULL, NULL, NULL, NULL),
(271, '7420', 'KG', 'M8-57 CREAM 1402', 0, 0, 0, 0, 75, 100, NULL, '2022-07-02 04:13:56', '2022-07-02 04:13:56', NULL, NULL, NULL, NULL),
(272, '7417', 'KG', 'M.8-60 L/ BROWN 1233', 0, 0, 0, 0, 75, 200, NULL, '2022-07-05 08:06:56', '2022-07-05 08:06:56', NULL, NULL, NULL, NULL),
(273, '3411 + OIL', 'KG', '3411 + OIL', 0, 0, 0, 0, 59, 100, NULL, '2022-07-06 06:36:17', '2022-07-06 06:36:17', NULL, NULL, NULL, NULL),
(276, '7401', 'KG', 'TC.260-70 BLACK D', 0, 0, 0, 0, 75, 400, NULL, '2022-07-06 07:34:20', '2022-07-06 07:34:20', NULL, NULL, NULL, NULL),
(277, '7409', 'KG', 'TC.230 - 70 WHITE 0101 D', 0, 0, 0, 0, 75, 0, NULL, '2022-07-06 07:41:52', '2022-07-06 07:41:52', NULL, NULL, NULL, NULL),
(278, '7415', 'KG', 'M.8-55 L/ BROWN 1223', 0, 0, 0, 0, 75, 200, NULL, '2022-07-07 04:01:46', '2022-07-07 04:01:46', NULL, NULL, NULL, NULL),
(280, '7418', 'KG', 'M.8-55 YELLOW 1038', 0, 0, 0, 0, 75, 100, NULL, '2022-07-12 03:43:09', '2022-07-12 03:43:09', NULL, NULL, NULL, NULL),
(281, '7389', 'KG', 'M.20-65 WHITE 0101 D', 0, 0, 0, 0, 75, 1000, NULL, '2022-07-12 04:10:08', '2022-07-12 04:10:08', NULL, NULL, NULL, NULL),
(282, 'Contoh', 'KG', 'contoh deskripsi', 0, 0, 0, 0, 60, 0, NULL, '2022-08-27 09:06:05', '2022-08-27 09:06:05', NULL, NULL, NULL, NULL),
(283, 'contoh2', 'KG', 'contoh2', 0, 0, 0, 0, 61, 0, NULL, '2022-08-27 09:43:09', '2022-08-27 09:43:09', NULL, NULL, NULL, NULL),
(284, 'contoh3', 'GRAM', 'contoh3', 0, 0, 0, 0, 60, 5, NULL, '2022-08-28 01:43:18', '2022-08-28 01:46:19', NULL, 'ori', 'merah', 'tes'),
(285, 'contoh4', 'KG', 'contoh 4 bagus', 0, 0, 0, 0, 60, 0, NULL, '2022-08-30 14:06:48', '2022-08-30 14:06:48', 1, 'KW', 'Orange', 'good'),
(286, 'contoh5', 'GRAM', 'BETUL', 0, 0, 0, 0, 59, 0, NULL, '2022-08-30 14:17:58', '2022-08-30 14:17:58', 2, 'ORI', 'HIJAU', 'CERAH'),
(287, 'asfa', 'GRAM', 'asd', 0, 0, 0, 0, 66, 0, NULL, '2022-08-30 14:19:55', '2022-08-30 14:19:55', 3, 'asd', 'asd', 'asd'),
(288, 'contoh6', 'KG', 'cek', 0, 0, 0, 0, 60, 0, NULL, '2022-08-30 14:40:12', '2022-08-30 14:40:12', 4, 'ori', 'biru', 'persib'),
(289, 'contoh7', 'KG', 'asd', 0, 0, 0, 0, 61, 0, NULL, '2022-08-30 14:47:52', '2022-08-30 14:47:52', 5, 'asd', 'asd', 'asd'),
(290, 'contoh8', 'GRAM', 'adwe', 0, 0, 0, 0, 71, 0, NULL, '2022-08-30 14:49:48', '2022-08-30 14:49:48', 6, 'asd', 'qwqw', 'adsa'),
(291, 'contoh9', 'GRAM', 'kaljsd', 0, 0, 0, 0, 66, 0, NULL, '2022-08-30 14:58:13', '2022-08-30 14:58:13', 7, 'asd', 'klk', 'sdkj');

--
-- Triggers `goods`
--
DELIMITER $$
CREATE TRIGGER `goods_after_delete` AFTER DELETE ON `goods` FOR EACH ROW BEGIN

DELETE FROM stocks WHERE document = OLD.id;

END
$$
DELIMITER ;
DELIMITER $$
CREATE TRIGGER `goods_after_insert` AFTER INSERT ON `goods` FOR EACH ROW BEGIN

DECLARE st INT default 0;

IF NEW.stok > 0 THEN
	SET st = NEW.stok;
	INSERT INTO stocks (id_good, type, document, stocks.in, stocks.out, created_at,updated_at)VALUES(NEW.id, 'AWAL', NEW.id, NEW.stok, 0, NEW.created_at, NEW.updated_at);
END IF;	

END
$$
DELIMITER ;

-- --------------------------------------------------------

--
-- Table structure for table `jobs`
--

CREATE TABLE `jobs` (
  `id` int(10) UNSIGNED NOT NULL,
  `job_name` varchar(255) COLLATE utf8mb4_unicode_ci NOT NULL,
  `description` text COLLATE utf8mb4_unicode_ci NOT NULL,
  `price` int(11) NOT NULL,
  `uom` varchar(50) COLLATE utf8mb4_unicode_ci NOT NULL DEFAULT '',
  `comm` float NOT NULL,
  `created_at` timestamp NULL DEFAULT current_timestamp(),
  `updated_at` timestamp NULL DEFAULT NULL
) ENGINE=InnoDB DEFAULT CHARSET=utf8mb4 COLLATE=utf8mb4_unicode_ci;

--
-- Dumping data for table `jobs`
--

INSERT INTO `jobs` (`id`, `job_name`, `description`, `price`, `uom`, `comm`, `created_at`, `updated_at`) VALUES
(117, 'Block korek psang bos 4lbng Carry', 'Block korek psang bos 4lbng Carry', 320000, 'PCS', 0, '2020-02-14 03:47:34', '2020-02-14 03:47:34'),
(118, 'Block boring 4lbng Carry', 'Block boring 4lbng Carry', 180000, 'PCS', 0, '2020-02-14 03:48:39', '2020-02-14 03:48:39'),
(119, 'Block centre cup 5mata Carry', 'Block centre cup 5mata Carry', 300000, 'PCS', 0, '2020-02-14 03:49:28', '2020-02-14 03:49:28'),
(120, 'Block buka psang bos asklep Carry', 'Block buka psang bos asklep Carry', 120000, 'PCS', 0, '2020-02-14 03:50:30', '2020-02-14 03:50:30'),
(121, 'Block cek bocor Carry', 'Block cek bocor Carry', 120000, 'PCS', 0, '2020-02-14 03:51:06', '2020-02-14 03:51:06'),
(122, 'Block korek psang bos + Foring biasa Carry', 'Block korek psang bos + Foring biasa Carry', 750000, 'PCS', 0, '2020-02-14 03:52:21', '2020-02-14 03:52:21'),
(123, 'Block las skrap Carry', 'Block las skrap Carry', 575000, 'PCS', 0, '2020-02-14 03:52:56', '2020-02-14 03:52:56'),
(124, 'Block honing Carry', 'Block honing Carry', 100000, 'PCS', 0, '2020-02-14 03:55:13', '2020-02-14 03:55:13'),
(125, 'Block cabut baut patah Carry', 'Block cabut baut patah Carry', 40000, 'PCS', 0, '2020-02-14 03:56:09', '2020-02-14 03:56:09'),
(126, 'Block korek psang bos 4lbng + Foring yanmar Carry', 'Block korek psang bos 4lbng + Foring yanmar Carry', 1200000, 'PCS', 0, '2020-02-14 03:57:22', '2020-02-14 03:57:22'),
(127, 'Block std baut Carry', 'Block std baut Carry', 50000, 'PCS', 0, '2020-02-14 03:58:02', '2020-02-14 03:58:02'),
(128, 'Block skrap Carry', 'Block skrap Carry', 250000, 'PCS', 0, '2020-02-14 03:58:34', '2020-02-14 03:58:34'),
(129, 'Block las bolong Carry', 'Block las bolong Carry', 500000, 'PCS', 0, '2020-02-14 03:59:20', '2020-02-14 03:59:20'),
(130, 'Sokar pres piston Carry', 'Sokar pres piston Carry', 25000, 'PCS', 0, '2020-02-14 04:00:20', '2020-02-14 04:00:20'),
(131, 'Sokar bubut Carry', 'Sokar bubut Carry', 40000, 'PCS', 0, '2020-02-14 04:00:55', '2020-02-14 04:00:55'),
(132, 'Sokar ganti bospen Carry', 'Sokar ganti bospen Carry', 25000, 'PCS', 0, '2020-02-14 04:01:41', '2020-02-14 04:01:41'),
(133, 'Deksel ganti sitting Carry', 'Deksel ganti sitting Carry', 40000, 'PCS', 0, '2020-02-14 04:08:54', '2020-02-14 04:08:54'),
(134, 'Deksel cuci sitting Carry', 'Deksel cuci sitting Carry', 20000, 'PCS', 0, '2020-02-14 04:09:31', '2020-02-14 04:09:31'),
(135, 'Deksel cek bocor Carry', 'Deksel cek bocor Carry', 120000, 'PCS', 0, '2020-02-14 04:13:13', '2020-02-14 04:13:13'),
(136, 'Deksel skrap Carry', 'Deksel skrap Carry', 120000, 'PCS', 0, '2020-02-14 08:06:26', '2020-02-14 08:06:26'),
(137, 'Deksel centre cup asklep dibos Carry', 'Deksel centre cup asklep dibos Carry', 450000, 'PCS', 0, '2020-02-14 08:07:19', '2020-02-14 08:07:19'),
(138, 'Deksel ganti prof air Carry', 'Deksel ganti prof air Carry', 25000, 'PCS', 0, '2020-02-14 08:08:02', '2020-02-14 08:08:02'),
(139, 'Deksel buka psang botol Carry', 'Deksel buka psang botol Carry', 10000, 'PCS', 0, '2020-02-14 08:08:45', '2020-02-14 08:08:45'),
(140, 'Deksel las skrap Carry', 'Deksel las skrap Carry', 450000, 'PCS', 0, '2020-02-14 08:21:38', '2020-02-14 08:21:38'),
(141, 'Deksel centre cup Carry', 'Deksel centre cup Carry', 250000, 'PCS', 0, '2020-02-14 08:22:28', '2020-02-14 08:22:28'),
(142, 'Deksel std baut Carry', 'Deksel std baut Carry', 35000, 'PCS', 0, '2020-02-14 08:23:03', '2020-02-14 08:23:03'),
(143, 'Deksel std busi bakar Carry', 'Deksel std busi bakar Carry', 125000, 'PCS', 0, '2020-02-14 08:23:52', '2020-02-14 08:23:52'),
(144, 'Kroas bubut raund duduk 9mata Carry', 'Kroas bubut raund duduk Carry', 180000, 'PCS', 0, '2020-02-14 08:26:02', '2020-02-14 08:26:02'),
(145, 'Kroas polis raund duduk 9mata Carry', 'Kroas polis raund duduk 9mata Carry', 100000, 'PCS', 0, '2020-02-14 08:28:58', '2020-02-14 08:28:58'),
(146, 'Kroas tempat silblkng dilas Carry', 'Kroas tempat silblkng dilas Carry', 145000, 'PCS', 0, '2020-02-14 08:29:51', '2020-02-14 08:29:51'),
(147, 'Kroas tahanan samping dibos Carry', 'Kroas tahanan samping dibos Carry', 165000, 'PCS', 0, '2020-02-14 08:30:48', '2020-02-14 08:30:48'),
(148, 'Block korek psang bos 4lbng K.bensin', 'Block korek psang bos 4lbng K.bensin', 320000, 'PCS', 0, '2020-02-14 08:36:35', '2020-02-14 08:49:37'),
(150, 'Block boring 4lbng K.bensin', 'Block boring 4lbng K.bensin', 180000, 'PCS', 0, '2020-02-14 08:43:40', '2020-02-14 08:50:59'),
(151, 'Block centre cup 5mata K.bensin', 'Block centre cup 5mata K.bensin', 300000, 'PCS', 0, '2020-02-14 08:44:33', '2020-02-14 08:51:53'),
(152, 'Block buka psang bos asklep K.bensin', 'Block buka psang bos asklep K.bensin', 100000, 'PCS', 0, '2020-02-14 08:56:01', '2020-02-14 08:56:01'),
(153, 'Block cek bocor K.bensin', 'Block cek bocor K.bensin', 150000, 'PCS', 0, '2020-02-14 08:56:49', '2020-02-14 08:56:49'),
(154, 'Block korek psang bos 4lbng + Foring biasa K.bensin', 'Block korek psang bos 4lbng + Foring biasa K.bensin', 750000, 'PCS', 0, '2020-02-14 08:58:27', '2020-02-14 08:58:27'),
(155, 'Block las skrap K.bensin', 'Block las skrap K.bensin', 575000, 'PCS', 0, '2020-02-14 09:01:16', '2020-02-14 09:01:16'),
(156, 'Block honing 4lbng K.bensin', 'Block honing 4lbng K.bensin', 100000, 'PCS', 0, '2020-02-14 09:01:59', '2020-02-14 09:01:59'),
(157, 'Block cabut baut patah K.bensin', 'Block cabut baut patah K.bensin', 40000, 'PCS', 0, '2020-02-14 09:02:50', '2020-02-14 09:02:50'),
(158, 'Block korek psang bos 4lbng + Foring yanmar K.bensin', 'Block korek psang bos 4lbng + Foring yanmar K. bensin', 1200000, 'PCS', 0, '2020-02-14 09:04:14', '2020-02-14 09:04:14'),
(159, 'Block std baut K.bensin', 'Block std baut K.bensin', 50000, 'PCS', 0, '2020-02-14 09:05:03', '2020-02-14 09:05:03'),
(160, 'Block skrap K.bensin', 'Block skrap K.bensin', 250000, 'PCS', 0, '2020-02-14 09:05:51', '2020-02-14 09:05:51'),
(161, 'Block las bolong K.bensin', 'Block las bolong K.bensin', 500000, 'PCS', 0, '2020-02-14 09:06:41', '2020-02-14 09:06:41'),
(162, 'Sokar pres piston K.bensin', 'Sokar pres piston K.bensin', 25000, 'PCS', 0, '2020-02-14 09:08:16', '2020-02-14 09:10:19'),
(163, 'Sokar bubut K.bensin', 'Sokar bubut K.bensin', 40000, 'PCS', 0, '2020-02-14 09:08:54', '2020-02-14 09:08:54'),
(164, 'Sokar ganti bospen K.bensin', 'Sokar ganti bospen K.bensin', 25000, 'PCS', 0, '2020-02-14 09:09:57', '2020-02-14 09:09:57'),
(165, 'Deksel ganti sitting K.bensin', 'Deksel ganti sitting K.bensin', 40000, 'PCS', 0, '2020-02-14 09:11:14', '2020-02-14 09:11:14'),
(166, 'Deksel cuci sitting K.bensin', 'Deksel cuci sitting K.bensin', 20000, 'PCS', 0, '2020-02-14 09:12:06', '2020-02-14 09:12:06'),
(167, 'Deksel cek bocor K.bensin', 'Deksel cek bocor K.bensin', 120000, 'PCS', 0, '2020-02-14 09:13:08', '2020-02-14 09:13:08'),
(168, 'Deksel skrap K.bensin', 'Deksel skrap K.bensin', 120000, 'PCS', 0, '2020-02-14 09:14:34', '2020-02-14 09:14:34'),
(169, 'Deksel centre cup asklep dibos 5mata K.bensin', 'Deksel centre cup asklep dibos 5mata K.bensin', 450000, 'PCS', 0, '2020-02-14 09:16:42', '2020-02-14 09:16:42'),
(170, 'Deksel ganti prof air K.bensin', 'Deksel ganti prof air K.bensin', 25000, 'SET', 0, '2020-02-14 09:17:53', '2020-02-14 09:17:53'),
(171, 'Deksel ganti botol K.bensin', 'Deksel ganti botol K.bensin', 10000, 'SET', 0, '2020-02-14 09:18:46', '2020-02-14 09:18:46'),
(172, 'Deksel las skrap K.bensin', 'Deksel las skrap K.bensin', 450000, 'PCS', 0, '2020-02-14 09:19:35', '2020-02-14 09:19:35'),
(173, 'Deksel centre cup K.bensin', 'Deksel centre cup K.bensin', 250000, 'PCS', 0, '2020-02-14 09:20:28', '2020-02-14 09:20:28'),
(174, 'Deksel std baut K.bensin', 'Deksel std baut K.bensin', 35000, 'PCS', 0, '2020-02-14 09:21:18', '2020-02-14 09:21:18'),
(175, 'Deksel std busi bakar K.bensin', 'Deksel std busi bakar K.bensin', 125000, 'PCS', 0, '2020-02-14 09:22:07', '2020-02-14 09:22:07'),
(176, 'Kroas bubut raund duduk 9mata K.bensin', 'Kroas bubut raund duduk 9mata K.bensin', 180000, 'PCS', 0, '2020-02-14 09:28:56', '2020-02-14 09:28:56'),
(177, 'Kroas polis raund duduk 9mata K.bensin', 'Kroas polis raund duduk 9mata K.bensin', 100000, 'PCS', 0, '2020-02-14 09:33:41', '2020-02-14 09:33:41'),
(178, 'Pas mentalan raund duduk K.bensin', 'Pas mentalan raund duduk K.bensin', 120000, 'PCS', 0, '2020-02-14 09:34:33', '2020-02-14 09:34:33'),
(179, 'Pas mentalan duduk K.bensin', 'Pas mentalan duduk K.bensin', 75000, 'PCS', 0, '2020-02-14 09:35:53', '2020-02-14 09:35:53'),
(180, 'Pas mentalan raund K.bensin', 'Pas mentalan raund K.bensin', 75000, 'PCS', 0, '2020-02-14 09:36:59', '2020-02-14 09:36:59'),
(181, 'Kroas tempat silblkng dilas K.bensin', 'Kroas tempat silblkng dilas K.bensin', 145000, 'PCS', 0, '2020-02-14 09:37:58', '2020-02-14 09:37:58'),
(182, 'Kroas tahanan samping dibos K.bensin', 'Kroas tahanan samping dibos K.bensin', 165000, 'PCS', 0, '2020-02-14 09:39:18', '2020-02-14 09:39:18'),
(183, 'Deksel stel koin K.bensin', 'Deksel stel koin K.bensin', 30000, 'PCS', 0, '2020-02-14 09:40:04', '2020-02-14 09:40:04'),
(184, 'Pembuatan Dudukan Knalpot', 'Direct Service', 140000, 'Batang', 0, NULL, NULL),
(185, 'Pembuatan Dudukan Knalpot', 'Direct Service', 140000, 'Batang', 0, NULL, NULL),
(186, 'Pembuatan Bak Mobil Colt Diesel', 'Direct Service', 124000000, 'Unit', 0, '2020-02-21 22:18:15', NULL),
(187, 'Deksel las skrap Bensin', 'Direct Service', 200000, 'Unit', 0, '2020-03-03 10:43:02', NULL),
(188, 'boring', 'Direct Service', 200000, 'Unit', 0, '2020-03-03 10:44:08', NULL),
(189, 'Deksel las skrap Bensin', 'Direct Service', 200000, 'Unit', 0, '2020-03-05 06:11:01', NULL),
(190, 'kur as bubut raun duduk', 'Direct Service', 270000, 'Unit', 0, '2020-03-05 09:58:30', NULL),
(191, 'Block korek psang bos 4lbng L300 B', 'Block korek psag bos 4lbg L300 B', 380000, 'PCS', 0, '2020-03-09 04:44:41', '2020-03-09 04:44:41'),
(192, 'Block borig 4lbng L300 B', 'Block borig 4lbng L300 B', 180000, 'PCS', 0, '2020-03-09 04:45:58', '2020-03-09 04:45:58'),
(193, 'Block korek psang bos 4lbng K.bensin', 'Block korek psang bos 4lbng K.bensin', 380000, 'SET', 0, '2020-03-14 03:32:26', '2020-03-14 03:32:26'),
(194, 'Block korek psang bos 4lbng K.bensin', 'Direct Service', 320000, 'unit', 0, '2020-03-14 03:49:54', NULL),
(195, 'deksel skrap k.bensin', 'Direct Service', 120000, 'unit', 0, '2020-03-14 03:50:48', NULL),
(196, 'Block boring G.max', 'Direct Service', 200000, 'unit', 0, '2020-03-14 04:04:45', NULL),
(197, 'Sokar pres piston G.max', 'Direct Service', 100000, 'unit', 0, '2020-03-14 04:05:23', NULL),
(198, 'Deksel las skrap Bensin', 'Direct Service', 98000, 'Unit', 0, '2020-03-16 03:09:41', NULL),
(199, 'Block center cup 5mata Bensin', 'Direct Service', 450000, 'unit', 0, '2020-03-16 03:10:09', NULL),
(200, 'Block boring 4 lbng', 'Direct Service', 200000, 'unit', 0, '2020-03-16 03:28:50', NULL),
(201, 'Block boring 4 lbng', 'Direct Service', 200000, 'unit', 0, '2020-03-16 03:37:22', NULL),
(202, 'kroas bubut raund duduk 9mata', 'Direct Service', 425000, 'unit', 0, '2020-03-16 03:37:59', NULL);

-- --------------------------------------------------------

--
-- Table structure for table `kasir`
--

CREATE TABLE `kasir` (
  `id` int(11) NOT NULL,
  `username` varchar(255) NOT NULL DEFAULT '0',
  `password` varchar(255) NOT NULL DEFAULT '0',
  `name` varchar(255) NOT NULL DEFAULT '0',
  `level` tinyint(1) NOT NULL DEFAULT 0
) ENGINE=InnoDB DEFAULT CHARSET=latin1;

--
-- Dumping data for table `kasir`
--

INSERT INTO `kasir` (`id`, `username`, `password`, `name`, `level`) VALUES
(1, 'indra', '1234', 'Indra Rahdian', 1);

-- --------------------------------------------------------

--
-- Table structure for table `materialcombines`
--

CREATE TABLE `materialcombines` (
  `id` int(11) NOT NULL,
  `id_product` int(10) NOT NULL,
  `id_material` int(11) NOT NULL,
  `qty_material` float NOT NULL DEFAULT 0
) ENGINE=InnoDB DEFAULT CHARSET=latin1;

--
-- Dumping data for table `materialcombines`
--

INSERT INTO `materialcombines` (`id`, `id_product`, `id_material`, `qty_material`) VALUES
(2294, 269, 241, 0.9),
(2431, 271, 234, 0.2),
(2432, 271, 240, 0.05),
(2433, 271, 241, 0.02),
(2434, 271, 243, 0.065),
(2435, 271, 247, 0.1515),
(2436, 271, 249, 0.13),
(2437, 271, 253, 0.198),
(2438, 271, 262, 0.03),
(2439, 271, 273, 0.06),
(2440, 271, 280, 0.06),
(2441, 271, 282, 0.02),
(2442, 271, 324, 0.001),
(2443, 271, 372, 0.04),
(2444, 271, 374, 0.822),
(2445, 271, 375, 0.009),
(2446, 271, 412, 3.5),
(2447, 271, 426, 0.001),
(2473, 272, 234, 0.2),
(2474, 272, 240, 0.05),
(2475, 272, 241, 0.03),
(2476, 272, 243, 0.05),
(2477, 272, 247, 0.1715),
(2478, 272, 249, 0.14),
(2479, 272, 253, 0.198),
(2480, 272, 273, 0.085),
(2481, 272, 280, 0.04),
(2482, 272, 282, 0.02),
(2483, 272, 324, 0.001),
(2484, 272, 372, 1.06),
(2485, 272, 374, 9),
(2486, 272, 375, 0.7),
(2487, 272, 412, 1.5),
(2488, 272, 426, 0.001),
(2489, 273, 241, 0.9),
(2490, 273, 247, 0.6),
(2672, 277, 233, 0.045),
(2673, 277, 234, 0.1335),
(2674, 277, 241, 0.01),
(2675, 277, 243, 0.061),
(2676, 277, 247, 0.0397),
(2677, 277, 252, 0.065),
(2678, 277, 273, 0.0938),
(2679, 277, 282, 0.05),
(2680, 277, 324, 0.001),
(2681, 277, 330, 0.000005),
(2682, 277, 412, 20),
(2683, 277, 415, 0.025),
(2684, 277, 426, 0.001),
(2685, 278, 234, 0.2),
(2686, 278, 240, 0.05),
(2687, 278, 241, 0.02),
(2688, 278, 243, 0.05),
(2689, 278, 247, 0.177),
(2690, 278, 249, 0.14),
(2691, 278, 253, 0.1525),
(2692, 278, 262, 0.03),
(2693, 278, 273, 0.09),
(2694, 278, 280, 0.05),
(2695, 278, 282, 0.02),
(2696, 278, 285, 0.005),
(2697, 278, 324, 0.001),
(2698, 278, 372, 0.169),
(2699, 278, 374, 2.95),
(2700, 278, 375, 0.097),
(2701, 278, 412, 1.9),
(2702, 278, 426, 0.001),
(2771, 276, 233, 0.325),
(2772, 276, 235, 0.125),
(2773, 276, 241, 0.05),
(2774, 276, 243, 0.081),
(2775, 276, 247, 0.09),
(2776, 276, 250, 0.1),
(2777, 276, 256, 0.04),
(2778, 276, 273, 0.065),
(2779, 276, 282, 0.0795),
(2780, 276, 285, 0.005),
(2781, 276, 324, 0.001),
(2782, 276, 325, 0.017425),
(2783, 276, 328, 0.011625),
(2784, 276, 375, 6.24),
(2785, 276, 376, 7.28),
(2786, 280, 234, 0.2),
(2787, 280, 240, 0.05),
(2788, 280, 241, 0.02),
(2789, 280, 242, 0.05),
(2790, 280, 247, 0.179),
(2791, 280, 249, 0.14),
(2792, 280, 253, 0.1655),
(2793, 280, 262, 0.03),
(2794, 280, 273, 0.08),
(2795, 280, 280, 0.05),
(2796, 280, 282, 0.02),
(2797, 280, 324, 0.001),
(2798, 280, 372, 0.06),
(2799, 280, 374, 2.4),
(2800, 280, 375, 0.007),
(2801, 280, 412, 2),
(2802, 280, 426, 0.001),
(2818, 281, 233, 0.1),
(2819, 281, 234, 0.115),
(2820, 281, 240, 0.115),
(2821, 281, 241, 0.025),
(2822, 281, 243, 0.091),
(2823, 281, 247, 0.1335),
(2824, 281, 252, 0.13),
(2825, 281, 271, 0.215),
(2826, 281, 280, 0.06),
(2827, 281, 282, 0.03),
(2828, 281, 285, 0.005),
(2829, 281, 324, 0.001),
(2830, 281, 330, 0.000005),
(2831, 281, 412, 17.1485),
(2832, 281, 415, 0.025),
(2834, 283, 233, 0.05),
(2835, 283, 234, 0.05),
(2836, 282, 237, 0.02),
(2837, 282, 239, 0.01),
(2838, 284, 235, 0.03),
(2839, 284, 238, 0.05),
(2840, 284, 244, 0.22);

-- --------------------------------------------------------

--
-- Table structure for table `materialconsume`
--

CREATE TABLE `materialconsume` (
  `id` int(11) NOT NULL,
  `id_product` int(11) NOT NULL,
  `id_material` int(11) NOT NULL,
  `qty_material` float NOT NULL DEFAULT 0
) ENGINE=InnoDB DEFAULT CHARSET=latin1;

-- --------------------------------------------------------

--
-- Table structure for table `materials`
--

CREATE TABLE `materials` (
  `id` int(10) UNSIGNED NOT NULL,
  `material_name` varchar(255) COLLATE utf8mb4_unicode_ci NOT NULL,
  `unit` varchar(255) COLLATE utf8mb4_unicode_ci NOT NULL,
  `description` text COLLATE utf8mb4_unicode_ci DEFAULT NULL,
  `b_price` int(11) NOT NULL,
  `kategori` int(11) NOT NULL,
  `stok` decimal(50,4) NOT NULL DEFAULT 0.0000,
  `stok_2` float NOT NULL DEFAULT 0,
  `created_at` timestamp NULL DEFAULT NULL,
  `updated_at` timestamp NULL DEFAULT NULL
) ENGINE=InnoDB DEFAULT CHARSET=utf8mb4 COLLATE=utf8mb4_unicode_ci;

--
-- Dumping data for table `materials`
--

INSERT INTO `materials` (`id`, `material_name`, `unit`, `description`, `b_price`, `kategori`, `stok`, `stok_2`, `created_at`, `updated_at`) VALUES
(233, 'TPE LCY 1487', 'KG', 'TPE LCY 1487', 0, 58, '20525.0000', 0, '2022-02-18 08:07:05', '2022-08-27 10:00:14'),
(234, 'TPE LCY 1485', 'KG', 'TPE LCY 1485', 0, 58, '105130.0000', 0, '2022-02-18 08:07:35', '2022-08-27 10:00:14'),
(235, 'TPE LCY 1485 (CUCIAN)', 'KG', 'TPE LCY 1485 (CUCIAN)', 0, 58, '146.8500', 0, '2022-02-18 08:08:10', '2022-08-28 02:06:27'),
(236, 'TPE LCY 3546', 'KG', 'TPE LCY 3546', 0, 58, '4720.0000', 0, '2022-02-18 08:08:45', '2022-02-18 08:08:45'),
(237, 'SEBS 7551', 'KG', 'SEBS 7551', 0, 58, '3526.0000', 0, '2022-02-18 08:09:12', '2022-08-27 15:30:19'),
(238, 'SIBUR L-7420', 'KG', 'SIBUR L-7420', 0, 58, '11627.7500', 0, '2022-02-18 08:09:46', '2022-08-28 02:06:27'),
(239, 'PVC RESIN', 'KG', 'PVC RESIN', 0, 58, '1.0000', 0, '2022-02-18 08:22:57', '2022-08-27 15:30:19'),
(240, 'TPE LCY 1475', 'KG', 'TPE LCY 1475', 0, 58, '22001.5000', 0, '2022-02-18 08:24:16', '2022-02-18 08:24:16'),
(241, 'TPE LCY 3411', 'KG', 'TPE LCY 3411', 0, 58, '3526.0000', 0, '2022-02-18 08:24:44', '2022-02-18 08:24:44'),
(242, 'SEBS 7551 + OIL TOPAZ 110 (25/75)', 'KG', 'SEBS 7551 + OIL TOPAZ 110 (25/75)', 0, 59, '48.0000', 0, '2022-02-18 08:25:25', '2022-02-18 08:25:25'),
(243, 'TPE 3411 + OIL TOPAZ 110 (60/40)', 'KG', 'TPE 3411 + OIL TOPAZ 110 (60/40)', 0, 59, '39.6000', 0, '2022-02-18 08:25:42', '2022-02-18 08:25:42'),
(244, 'DIBUTHYL PHATALATE (DBP)', 'KG', 'DIBUTHYL PHATALATE (DBP)', 0, 60, '19.9400', 0, '2022-02-18 08:27:10', '2022-08-28 02:06:27'),
(245, 'DIOCTYL PHTHALATE Ex LG (DOP)', 'KG', 'DIOCTYL PHTHALATE Ex LG (DOP)', 0, 60, '19.8800', 0, '2022-02-18 08:27:37', '2022-02-18 08:27:37'),
(246, 'DOPT', 'KG', 'DOPT', 0, 60, '31.4000', 0, '2022-02-18 08:27:56', '2022-02-18 08:27:56'),
(247, 'OIL TOPAZ L110', 'KG', 'OIL TOPAZ L110', 0, 60, '29866.4900', 0, '2022-02-18 08:28:17', '2022-02-18 08:28:17'),
(248, 'DGD', 'KG', 'DGD', 0, 60, '0.7800', 0, '2022-02-18 08:28:39', '2022-02-18 08:28:39'),
(249, 'CACO3 ID CARB 9 (Warna)', 'KG', 'CACO3 ID CARB 9 (Warna)', 0, 61, '9792.0000', 0, '2022-02-18 08:29:07', '2022-04-07 06:07:56'),
(250, 'CACO3 RHEORCARB 9 (Black)', 'KG', 'CACO3 RHEORCARB 9 (Black)', 0, 60, '5210.0000', 0, '2022-02-18 08:29:27', '2022-02-18 08:29:27'),
(251, 'CACO3 PFX 9 (White)', 'KG', 'CACO3 PFX 9 (White)', 0, 61, '5000.0000', 0, '2022-02-18 08:29:48', '2022-02-18 08:29:48'),
(252, 'CACO3 IDPK 9', 'KG', 'CACO3 IDPK 9', 0, 61, '1383.0000', 0, '2022-02-18 08:30:05', '2022-02-18 08:30:05'),
(253, 'HIPK', 'KG', 'HIPK', 0, 62, '14943.5500', 0, '2022-02-18 08:30:31', '2022-02-18 08:30:31'),
(254, 'HI PS 470', 'KG', 'HI PS 470', 0, 62, '833.9000', 0, '2022-02-18 08:30:54', '2022-02-18 08:30:54'),
(255, 'VAKUM PK JRM', 'KG', 'VAKUM PK JRM', 0, 62, '73.0500', 0, '2022-02-18 08:31:26', '2022-02-18 08:31:26'),
(256, 'VAKUM WARNA JRM', 'KG', 'VAKUM WARNA JRM', 0, 62, '601.9900', 0, '2022-02-18 08:31:52', '2022-02-18 08:31:52'),
(259, 'VAKUM HITAM JRM', 'KG', 'VAKUM HITAM JRM', 0, 62, '0.0000', 0, '2022-02-18 08:32:57', '2022-02-18 08:32:57'),
(260, 'YAKULT 2 JRM (KOTOR)', 'KG', 'YAKULT 2 JRM (KOTOR)', 0, 62, '695.1000', 0, '2022-02-18 08:33:36', '2022-02-18 08:33:36'),
(261, 'YAKULT 1 JRM (BERSIH)', 'KG', 'YAKULT 1 JRM (BERSIH)', 0, 62, '1117.2000', 0, '2022-02-18 08:33:57', '2022-02-18 08:33:57'),
(262, 'YAKULT MASTER 811', 'KG', 'YAKULT MASTER 811', 0, 62, '813.0000', 0, '2022-02-18 08:34:30', '2022-02-18 08:34:30'),
(263, 'YAKULT MASTER 811 GELAP', 'KG', 'YAKULT MASTER 811 GELAP', 0, 62, '0.0000', 0, '2022-02-18 08:34:52', '2022-02-18 08:34:52'),
(264, 'PP', 'KG', 'PP', 0, 62, '17.2500', 0, '2022-02-18 08:35:15', '2022-02-18 08:35:15'),
(265, 'VACUM PUTIH JEREMY', 'KG', 'VACUM PUTIH JEREMY', 0, 62, '64.6300', 0, '2022-02-18 08:35:42', '2022-02-18 08:35:42'),
(266, 'ABS ORI', 'KG', 'ABS ORI', 0, 62, '0.0000', 0, '2022-02-18 08:36:11', '2022-02-18 08:36:11'),
(267, 'HIPK MAMBO', 'KG', 'HIPK MAMBO', 0, 62, '3063.5000', 0, '2022-02-18 08:36:36', '2022-02-18 08:36:36'),
(268, 'VACUM PUTIH SABLON JEREMY', 'KG', 'VACUM PUTIH SABLON JEREMY', 0, 62, '0.0000', 0, '2022-02-18 08:36:59', '2022-02-18 08:36:59'),
(269, 'VACUM BENING JEREMY', 'KG', 'VACUM BENING JEREMY', 0, 62, '0.0000', 0, '2022-02-18 08:39:05', '2022-02-18 08:39:05'),
(270, 'NPS GPPS-525 N', 'KG', 'NPS GPPS-525 N', 0, 63, '15325.0000', 0, '2022-02-18 08:39:41', '2022-02-18 08:39:41'),
(271, 'PS KACA GIL JEREMY (PS SUPER)', 'KG', 'PS KACA GIL JEREMY (PS SUPER)', 0, 63, '1835.9000', 0, '2022-02-18 08:40:07', '2022-02-18 08:40:07'),
(272, 'PS KACA GIL JEREMY (PS 1)', 'KG', 'PS KACA GIL JEREMY (PS 1)', 0, 63, '0.0000', 0, '2022-02-18 08:40:41', '2022-02-18 08:40:41'),
(273, 'PS KACA GIL (PS BENING)', 'KG', 'PS KACA GIL (PS BENING)', 0, 63, '6868.7500', 0, '2022-02-18 08:41:15', '2022-02-18 08:41:15'),
(274, 'PS PROSES STYROFOAM', 'KG', 'PS PROSES STYROFOAM', 0, 63, '0.0000', 0, '2022-02-18 08:41:39', '2022-02-18 08:41:39'),
(275, 'PS KACA GIL JEREMY WARNA', 'KG', 'PS KACA GIL JEREMY WARNA', 0, 63, '8453.0801', 0, '2022-02-18 08:42:05', '2022-02-18 08:42:05'),
(276, 'PS KACA GILING WARNA', 'KG', 'PS KACA GILING WARNA', 0, 63, '0.0000', 0, '2022-02-18 08:42:29', '2022-02-18 08:42:29'),
(277, 'PS KOTOR 1', 'KG', 'PS KOTOR 1', 0, 63, '25.0000', 0, '2022-02-18 08:42:55', '2022-02-18 08:42:55'),
(278, 'PS KOTOR 2', 'KG', 'PS KOTOR 2', 0, 63, '0.0000', 0, '2022-02-18 08:43:21', '2022-02-18 08:43:21'),
(279, 'GPPS N PLLETS JPN', 'KG', 'GPPS N PLLETS JPN', 0, 63, '19478.6992', 0, '2022-02-18 08:43:48', '2022-02-18 08:43:48'),
(280, 'K RESIN GILING', 'KG', 'K RESIN GILING', 0, 64, '2256.0000', 0, '2022-02-18 08:44:10', '2022-02-18 08:44:10'),
(281, 'K RESIN ORI', 'KG', 'K RESIN ORI', 0, 64, '0.0000', 0, '2022-02-18 08:44:27', '2022-02-18 08:44:27'),
(282, 'Q RESIN', 'KG', 'Q RESIN', 0, 64, '3076.2000', 0, '2022-02-18 08:44:45', '2022-02-18 08:44:45'),
(283, 'K RESIN PELLETS JPN (HIPS JPN)', 'KG', 'K RESIN PELLETS JPN (HIPS JPN)', 0, 64, '6498.0000', 0, '2022-02-18 08:45:16', '2022-02-18 08:45:16'),
(284, 'EVA V5430', 'KG', 'EVA V5430', 0, 64, '0.0000', 0, '2022-02-18 08:45:41', '2022-02-18 08:45:41'),
(285, 'EVA 2518', 'KG', 'EVA 2518', 0, 65, '5077.0000', 0, '2022-02-18 08:46:03', '2022-02-18 08:46:03'),
(286, 'EVA ESCORENE 5540', 'KG', 'EVA ESCORENE 5540', 0, 65, '447.8000', 0, '2022-02-18 08:46:27', '2022-02-18 08:46:27'),
(287, 'GILINGAN SMID', 'KG', 'GILINGAN SMID', 0, 66, '0.0000', 0, '2022-02-18 08:46:59', '2022-02-18 08:46:59'),
(288, 'GILINGAN LONGWEI/SOLE TPR', 'KG', 'GILINGAN LONGWEI/SOLE TPR', 0, 66, '3400.0000', 0, '2022-02-18 08:47:22', '2022-02-18 08:47:22'),
(289, 'GILINGAN JAYA RAYA', 'KG', 'GILINGAN JAYA RAYA', 0, 66, '0.0000', 0, '2022-02-18 08:47:42', '2022-02-18 08:47:42'),
(290, 'GILINGAN JRM (TPR WARNA MUDA)', 'KG', 'GILINGAN JRM (TPR WARNA MUDA)', 0, 66, '2575.0000', 0, '2022-02-18 08:48:09', '2022-02-18 08:48:09'),
(291, 'GILINGAN JRM (TPR HITAM)', 'KG', 'GILINGAN JRM (TPR HITAM)', 0, 66, '2883.5000', 0, '2022-02-18 08:48:38', '2022-02-18 08:48:38'),
(292, 'DEBU GILINGAN JEREMY', 'KG', 'DEBU GILINGAN JEREMY', 0, 66, '0.0000', 0, '2022-02-18 08:49:02', '2022-02-18 08:49:02'),
(293, 'GILINGAN LEXUS', 'KG', 'GILINGAN LEXUS', 0, 65, '587.5000', 0, '2022-02-18 08:49:34', '2022-02-18 08:49:34'),
(294, 'GILINGAN JRM (TPR WARNA TUA)', 'KG', 'GILINGAN JRM (TPR WARNA TUA)', 0, 66, '2400.0000', 0, '2022-02-18 08:50:09', '2022-02-18 08:50:09'),
(295, 'GILINGAN AVANTY', 'KG', 'GILINGAN AVANTY', 0, 66, '0.0000', 0, '2022-02-18 08:50:44', '2022-02-18 08:50:44'),
(296, 'SOL BS SOLINDO', 'KG', 'SOL BS SOLINDO', 0, 66, '0.0000', 0, '2022-02-18 08:51:20', '2022-02-18 08:51:20'),
(297, 'GILINGAN SBS (BONGKAHAN)', 'KG', 'GILINGAN SBS (BONGKAHAN)', 0, 66, '1605.0000', 0, '2022-02-18 08:51:55', '2022-02-18 08:51:55'),
(298, 'GILINGAN SBS (NATURAL CUCIAN)', 'KG', 'GILINGAN SBS (NATURAL CUCIAN)', 0, 67, '960.0000', 0, '2022-02-18 08:52:25', '2022-02-18 08:52:25'),
(324, 'IRGAFOS/ AO 168', 'KG', 'IRGAFOS/ AO 168', 0, 71, '478.0000', 0, '2022-02-18 09:11:21', '2022-02-18 09:11:21'),
(325, 'BLOWING EXPANCEL 093 DU 120', 'KG', 'BLOWING EXPANCEL 093 DU 120', 0, 72, '559.9300', 0, '2022-02-18 09:12:56', '2022-02-18 09:12:56'),
(326, 'BLOWING DNA WHITE', 'KG', 'BLOWING DNA WHITE', 0, 72, '331.8000', 0, '2022-02-18 09:13:23', '2022-02-18 09:13:23'),
(327, 'BLOWING AGENT OBSH LC', 'KG', 'BLOWING AGENT OBSH LC', 0, 72, '1273.5000', 0, '2022-02-18 09:13:52', '2022-02-18 09:13:52'),
(328, 'SUNFOAM DSA', 'KG', 'SUNFOAM DSA', 0, 71, '559.3500', 0, '2022-02-18 09:14:16', '2022-02-18 09:14:16'),
(329, 'JSR RB 840', 'KG', 'JSR RB 840', 0, 73, '537.0000', 0, '2022-02-18 09:14:46', '2022-02-18 09:14:46'),
(330, 'TELALUX OB', 'KG', 'TELALUX OB', 0, 72, '0.1840', 0, '2022-02-18 09:15:11', '2022-02-18 09:15:11'),
(331, 'PEG 4000', 'KG', 'PEG 4000', 0, 73, '125.0000', 0, '2022-02-18 09:15:40', '2022-02-18 09:15:40'),
(332, 'CRISTALEX 3100', 'KG', 'CRISTALEX 3100', 0, 72, '55.5400', 0, '2022-02-18 09:16:09', '2022-02-18 09:16:09'),
(333, 'ADDV SM (SILICONE MATERBATCH)', 'KG', 'ADDV SM (SILICONE MATERBATCH)', 0, 73, '338.5000', 0, '2022-02-18 09:16:50', '2022-02-18 09:16:50'),
(334, 'ADDV KAMPER', 'KG', 'ADDV KAMPER', 0, 73, '13.0500', 0, '2022-02-18 09:17:18', '2022-02-18 09:17:18'),
(335, 'PVC STAB (REGULATOR)', 'KG', 'PVC STAB (REGULATOR)', 0, 73, '145.7500', 0, '2022-02-18 09:17:53', '2022-02-18 09:17:53'),
(336, 'TINUVIN', 'KG', 'TINUVIN', 0, 73, '9.7200', 0, '2022-02-18 09:18:24', '2022-02-18 09:18:24'),
(337, 'VANILLA ESSENCE', 'KG', 'VANILLA ESSENCE', 0, 73, '2.7900', 0, '2022-02-18 09:18:52', '2022-02-18 09:18:52'),
(338, 'VAPOROXOL-3F', 'KG', 'VAPOROXOL-3F', 0, 73, '0.0000', 0, '2022-02-18 09:19:15', '2022-02-18 09:19:15'),
(339, 'KARUNG', 'LEMBAR', 'KARUNG', 0, 73, '5900.0000', 0, '2022-02-18 09:21:04', '2022-02-18 09:21:04'),
(341, 'SOPPRENE HONIG', 'KG', 'SOPPRENE HONIG', 0, 74, '16.9800', 0, '2022-02-18 09:22:11', '2022-02-18 09:22:11'),
(342, 'CABOPOL WEIIS', 'KG', 'CABOPOL WEIIS', 0, 74, '25.0000', 0, '2022-02-18 09:23:07', '2022-02-18 09:23:07'),
(343, 'LIMBAH SAPUAN KOTOR', 'KG', 'LIMBAH SAPUAN KOTOR', 0, 74, '4060.0000', 0, '2022-02-18 09:23:31', '2022-02-18 09:23:31'),
(371, 'RED HC 15503', 'KG', 'RED HC 15503', 0, 76, '0.0000', 0, '2022-03-09 03:32:03', '2022-03-09 03:32:03'),
(372, 'RED HC 15526', 'KG', 'RED HC 15526', 0, 76, '542.6257', 0, '2022-03-09 03:32:32', '2022-03-09 03:32:32'),
(374, 'YELLOW HC 014', 'KG', 'YELLOW HC 014', 0, 76, '547.8205', 0, '2022-03-09 03:33:08', '2022-03-09 03:33:08'),
(375, 'CARBON BLACK N 550', 'KG', 'CARBON BLACK N 550', 0, 76, '735.2309', 0, '2022-03-09 03:33:30', '2022-03-09 03:33:30'),
(376, 'CARBON BLACK N 330', 'KG', 'CARBON BLACK N 330', 0, 76, '966.4883', 0, '2022-03-09 03:33:56', '2022-03-09 03:33:56'),
(377, 'BLUE HC 382.01', 'KG', 'BLUE HC 382.01', 0, 76, '343.7000', 0, '2022-03-09 03:34:54', '2022-03-09 03:34:54'),
(378, 'TITAN DIOXIDE RUTILE', 'KG', 'TITAN DIOXIDE RUTILE', 0, 76, '0.0000', 0, '2022-03-09 03:35:22', '2022-03-09 03:35:22'),
(379, 'TITANIUM DIOXIDE R-680', 'KG', 'TITANIUM DIOXIDE R-680', 0, 76, '0.0000', 0, '2022-03-09 03:35:51', '2022-03-09 03:35:51'),
(380, 'YELLOW GR CN 09', 'KG', 'YELLOW GR CN 09', 0, 76, '171.7000', 0, '2022-03-09 03:36:17', '2022-03-09 03:36:17'),
(381, 'FQ FIOLET 8402', 'KG', 'FQ FIOLET 8402', 0, 76, '0.0000', 0, '2022-03-09 03:36:42', '2022-03-09 03:36:42'),
(382, 'VIOLET HC-30 24891', 'KG', 'VIOLET HC-30 24891', 0, 76, '161.0000', 0, '2022-03-09 03:37:05', '2022-03-09 03:37:05'),
(383, 'FAST BLUE A4R', 'KG', 'FAST BLUE A4R', 0, 76, '134.6000', 0, '2022-03-09 03:37:25', '2022-03-09 03:37:25'),
(384, 'YL LEMON FB 203', 'KG', 'YL LEMON FB 203', 0, 76, '0.0000', 0, '2022-03-09 03:39:41', '2022-03-09 03:39:41'),
(385, 'G-01 RED', 'KG', 'G-01 RED', 0, 76, '0.0000', 0, '2022-03-09 03:40:02', '2022-03-09 03:40:02'),
(386, 'G-02 PURPLE', 'KG', 'G-01 RED', 0, 76, '0.0000', 0, '2022-03-09 03:40:32', '2022-03-09 03:40:32'),
(387, 'G-06 GREEN', 'KG', 'G-06 GREEN', 0, 76, '0.0000', 0, '2022-03-09 03:41:01', '2022-03-09 03:41:01'),
(388, 'G-14 GOLD', 'KG', 'G-14 GOLD', 0, 76, '0.0000', 0, '2022-03-09 03:41:31', '2022-03-09 03:41:31'),
(389, 'G-16 SEA BLUE', 'KG', 'G-16 SEA BLUE', 0, 76, '0.0000', 0, '2022-03-09 03:42:00', '2022-03-09 03:42:00'),
(390, 'PIGMEN GAGAL', 'KG', 'PIGMEN GAGAL', 0, 76, '1.5000', 0, '2022-03-09 03:42:34', '2022-03-09 03:42:34'),
(391, 'TiO2 R97', 'KG', 'TiO2 R97', 0, 76, '250.0000', 0, '2022-03-09 03:43:01', '2022-03-09 03:43:01'),
(392, 'TiO R2195', 'KG', 'TiO R2195', 0, 76, '0.0000', 0, '2022-03-09 03:43:25', '2022-03-09 03:43:25'),
(393, 'BLUE HC B 15479', 'KG', 'BLUE HC B 15479', 0, 76, '200.0000', 0, '2022-03-09 03:43:49', '2022-03-09 03:43:49'),
(394, 'YELLOW HCY 15329', 'KG', 'YELLOW HCY 15329', 0, 76, '0.4500', 0, '2022-03-09 03:44:14', '2022-03-09 03:44:14'),
(395, 'YELLOW HC-30 26471', 'KG', 'YELLOW HC-30 26471', 0, 76, '0.0900', 0, '2022-03-09 03:45:36', '2022-03-09 03:45:36'),
(396, 'G-04 BLUE', 'KG', 'G-04 BLUE', 0, 76, '0.0000', 0, '2022-03-09 03:46:15', '2022-03-09 03:46:15'),
(397, 'G-09 GRAY', 'KG', 'G-09 GRAY', 0, 76, '0.0000', 0, '2022-03-09 03:46:37', '2022-03-09 03:46:37'),
(398, 'G-14 GOLDEN YELLOW', 'KG', 'G-14 GOLDEN YELLOW', 0, 76, '0.0000', 0, '2022-03-09 03:47:02', '2022-03-09 03:47:02'),
(399, 'G-22 PEACH', 'KG', 'G-22 PEACH', 0, 76, '0.0000', 0, '2022-03-09 03:47:25', '2022-03-09 03:47:25'),
(400, 'G-224 YELLOW TO RED', 'KG', 'G-224 YELLOW TO RED', 0, 76, '0.0000', 0, '2022-03-09 03:47:52', '2022-03-09 03:47:52'),
(401, 'G-226 YELLOW TO GREEN', 'KG', 'G-226 YELLOW TO GREEN', 0, 76, '0.0000', 0, '2022-03-09 03:48:39', '2022-03-09 03:48:39'),
(402, 'G-228 BLUE TO PURPLE', 'KG', 'G-228 BLUE TO PURPLE', 0, 76, '0.0000', 0, '2022-03-09 03:49:09', '2022-03-09 03:49:09'),
(403, 'MJ-LV30 GREEN', 'KG', 'MJ-LV30 GREEN', 0, 76, '0.0000', 0, '2022-03-09 03:49:40', '2022-03-09 03:49:40'),
(404, 'MJ-ZG30 PURPLE', 'KG', 'MJ-ZG30 PURPLE', 0, 76, '0.0000', 0, '2022-03-09 03:50:31', '2022-03-09 03:50:31'),
(405, 'MJ-CRG30 ORANGE RED', 'KG', 'MJ-CRG30 ORANGE RED', 0, 76, '0.0000', 0, '2022-03-09 03:51:03', '2022-03-09 03:51:03'),
(406, 'MJ-TL30 SKY BLUE', 'KG', 'MJ-TL30 SKY BLUE', 0, 76, '0.0000', 0, '2022-03-09 03:51:38', '2022-03-09 03:51:38'),
(407, 'MJ-HG31H DEEP RED', 'KG', 'MJ-HG31H DEEP RED', 0, 76, '0.0000', 0, '2022-03-09 03:52:11', '2022-03-09 03:52:11'),
(408, 'MJ-ZH30 PURPLE RED', 'KG', 'MJ-ZH30 PURPLE RED', 0, 76, '0.0000', 0, '2022-03-09 03:52:51', '2022-03-09 03:52:51'),
(409, 'YL HC-30 26541', 'KG', 'YL HC-30 26541', 0, 76, '0.1882', 0, '2022-03-09 03:53:18', '2022-03-09 03:53:18'),
(410, 'TiO R298', 'KG', 'TiO R298', 0, 76, '450.0000', 0, '2022-03-09 03:53:53', '2022-03-09 03:53:53'),
(411, 'TiO R298 (2)', 'KG', 'TiO R298 (2)', 0, 76, '0.1100', 0, '2022-03-09 03:54:41', '2022-04-07 06:32:50'),
(412, 'TiO SR-240', 'KG', 'TIO SR-240', 0, 76, '4995.9065', 0, '2022-03-09 03:55:04', '2022-04-08 01:21:52'),
(413, 'FLOURESCENT BLUE FB 805', 'KG', 'FLOURESCENT BLUE FB 805', 0, 76, '0.0000', 0, '2022-03-09 03:55:42', '2022-03-09 03:55:42'),
(414, 'FLOURESCENT PINK FB 503', 'KG', 'FLOURESCENT PINK FB 503', 0, 76, '0.0000', 0, '2022-03-09 03:56:11', '2022-03-09 03:56:11'),
(415, 'ULTRAMARINE BLUE UPL 5125', 'KG', 'ULTRAMARINE BLUE UPL 5125', 0, 76, '24.0150', 0, '2022-03-09 03:56:40', '2022-03-09 03:56:40'),
(417, 'FLOURESCENT ORANGE 20', 'KG', 'FLOURESCENT ORANGE 20', 0, 76, '0.0000', 0, '2022-03-09 03:58:46', '2022-03-09 03:58:46'),
(418, 'YELLOW HCY 15472', 'KG', 'YELLOW HCY 15472', 0, 76, '18.7000', 0, '2022-03-09 03:59:17', '2022-03-09 03:59:17'),
(419, 'CACO3 PFX 15', 'KG', 'CACO3 PFX 15', 0, 61, '5000.0000', 0, '2022-03-16 03:46:17', '2022-03-16 03:46:17'),
(420, 'PARAFINIC OIL', 'KG', 'PARAFINIC OIL', 0, 60, '13800.0000', 0, '2022-03-16 03:48:07', '2022-03-16 03:48:07'),
(421, 'TPR BERSIH XJRM', 'KG', 'TPR BERSIH XJRM', 0, 77, '4956.7998', 0, '2022-04-07 06:24:26', '2022-04-07 06:26:15'),
(422, 'SERBUK, DEBU, BUBUK TPR XJR', 'KG', 'SERBUK, DEBU, BUBUK TPR XJR', 0, 77, '886.5800', 0, '2022-04-07 06:24:48', '2022-04-07 06:24:48'),
(423, 'BEKUAN TPR XJR', 'KG', 'BEKUAN TPR XJR', 0, 77, '532.5600', 0, '2022-04-07 06:25:06', '2022-04-07 06:25:06'),
(424, 'RED 170', 'KG', 'RED 170', 0, 76, '0.5000', 0, '2022-04-07 07:24:15', '2022-06-20 07:36:32'),
(426, 'IRGANOX 1076', 'KG', 'IRGANOX 1076', 0, 71, '383.9000', 0, '2022-04-12 02:23:41', '2022-04-12 02:23:41'),
(429, 'TESTING RAW', 'KG', 'TESTING RAW', 0, 58, '0.0000', 0, '2022-04-22 06:23:27', '2022-04-22 06:23:27'),
(430, 'TESTING COLOUR', 'KG', 'TESTING COLOUR', 0, 75, '0.0000', 0, '2022-04-22 06:23:41', '2022-04-22 06:23:41');

-- --------------------------------------------------------

--
-- Table structure for table `materialsold_new`
--

CREATE TABLE `materialsold_new` (
  `id` int(10) UNSIGNED NOT NULL,
  `material_name` varchar(255) COLLATE utf8mb4_unicode_ci NOT NULL,
  `unit` varchar(255) COLLATE utf8mb4_unicode_ci NOT NULL,
  `description` text COLLATE utf8mb4_unicode_ci DEFAULT NULL,
  `b_price` int(11) NOT NULL,
  `kategori` int(11) NOT NULL,
  `stok` double NOT NULL DEFAULT 0,
  `stok_2` float NOT NULL DEFAULT 0,
  `created_at` timestamp NULL DEFAULT NULL,
  `updated_at` timestamp NULL DEFAULT NULL
) ENGINE=InnoDB DEFAULT CHARSET=utf8mb4 COLLATE=utf8mb4_unicode_ci;

--
-- Dumping data for table `materialsold_new`
--

INSERT INTO `materialsold_new` (`id`, `material_name`, `unit`, `description`, `b_price`, `kategori`, `stok`, `stok_2`, `created_at`, `updated_at`) VALUES
(233, 'TPE LCY 1487', 'KG', 'TPE LCY 1487', 0, 58, 20760, 0, '2022-02-18 08:07:05', '2022-02-18 08:07:05'),
(234, 'TPE LCY 1485', 'KG', 'TPE LCY 1485', 0, 58, 104619.890625, 0, '2022-02-18 08:07:35', '2022-02-18 08:07:35'),
(235, 'TPE LCY 1485 (CUCIAN)', 'KG', 'TPE LCY 1485 (CUCIAN)', 0, 58, 200, 0, '2022-02-18 08:08:10', '2022-02-18 08:08:10'),
(236, 'TPE LCY 3546', 'KG', 'TPE LCY 3546', 0, 58, 4720, 0, '2022-02-18 08:08:45', '2022-02-18 08:08:45'),
(237, 'SEBS 7551', 'KG', 'SEBS 7551', 0, 58, 3528, 0, '2022-02-18 08:09:12', '2022-02-18 08:09:12'),
(238, 'SIBUR L-7420', 'KG', 'SIBUR L-7420', 0, 58, 11633, 0, '2022-02-18 08:09:46', '2022-02-18 08:09:46'),
(239, 'PVC RESIN', 'KG', 'PVC RESIN', 0, 58, 2, 0, '2022-02-18 08:22:57', '2022-02-18 08:22:57'),
(240, 'TPE LCY 1475', 'KG', 'TPE LCY 1475', 0, 58, 21953.41796875, 0, '2022-02-18 08:24:16', '2022-02-18 08:24:16'),
(241, 'TPE LCY 3411', 'KG', 'TPE LCY 3411', 0, 58, 3412.729248046875, 0, '2022-02-18 08:24:44', '2022-02-18 08:24:44'),
(242, 'SEBS 7551 + OIL TOPAZ 110 (25/75)', 'KG', 'SEBS 7551 + OIL TOPAZ 110 (25/75)', 0, 59, 53, 0, '2022-02-18 08:25:25', '2022-02-18 08:25:25'),
(243, 'TPE 3411 + OIL TOPAZ 110 (60/40)', 'KG', 'TPE 3411 + OIL TOPAZ 110 (60/40)', 0, 59, 138.0250244140625, 0, '2022-02-18 08:25:42', '2022-02-18 08:25:42'),
(244, 'DIBUTHYL PHATALATE (DBP)', 'KG', 'DIBUTHYL PHATALATE (DBP)', 0, 60, 43.040000915527344, 0, '2022-02-18 08:27:10', '2022-02-18 08:27:10'),
(245, 'DIOCTYL PHTHALATE Ex LG (DOP)', 'KG', 'DIOCTYL PHTHALATE Ex LG (DOP)', 0, 60, 19.8799991607666, 0, '2022-02-18 08:27:37', '2022-02-18 08:27:37'),
(246, 'DOPT', 'KG', 'DOPT', 0, 60, 31.399999618530273, 0, '2022-02-18 08:27:56', '2022-02-18 08:27:56'),
(247, 'OIL TOPAZ L110', 'KG', 'OIL TOPAZ L110', 0, 60, 29442.78398513794, 0, '2022-02-18 08:28:17', '2022-02-18 08:28:17'),
(248, 'DGD', 'KG', 'DGD', 0, 60, 0.7799999713897705, 0, '2022-02-18 08:28:39', '2022-02-18 08:28:39'),
(249, 'CACO3 ID CARB 9 (Warna)', 'KG', 'CACO3 ID CARB 9 (Warna)', 0, 61, 9430.6865234375, 0, '2022-02-18 08:29:07', '2022-04-07 06:07:56'),
(250, 'CACO3 RHEORCARB 9 (Black)', 'KG', 'CACO3 RHEORCARB 9 (Black)', 0, 60, 5250, 0, '2022-02-18 08:29:27', '2022-02-18 08:29:27'),
(251, 'CACO3 PFX 9 (White)', 'KG', 'CACO3 PFX 9 (White)', 0, 61, 0, 0, '2022-02-18 08:29:48', '2022-02-18 08:29:48'),
(252, 'CACO3 IDPK 9', 'KG', 'CACO3 IDPK 9', 0, 61, 1441.3594970703125, 0, '2022-02-18 08:30:05', '2022-02-18 08:30:05'),
(253, 'HIPK', 'KG', 'HIPK', 0, 62, 14513.085548400879, 0, '2022-02-18 08:30:31', '2022-02-18 08:30:31'),
(254, 'HI PS 470', 'KG', 'HI PS 470', 0, 62, 833.9000244140625, 0, '2022-02-18 08:30:54', '2022-02-18 08:30:54'),
(255, 'VAKUM PK JRM', 'KG', 'VAKUM PK JRM', 0, 62, 73.05000305175781, 0, '2022-02-18 08:31:26', '2022-02-18 08:31:26'),
(256, 'VAKUM WARNA JRM', 'KG', 'VAKUM WARNA JRM', 0, 62, 617.989990234375, 0, '2022-02-18 08:31:52', '2022-02-18 08:31:52'),
(259, 'VAKUM HITAM JRM', 'KG', 'VAKUM HITAM JRM', 0, 62, 0, 0, '2022-02-18 08:32:57', '2022-02-18 08:32:57'),
(260, 'YAKULT 2 JRM (KOTOR)', 'KG', 'YAKULT 2 JRM (KOTOR)', 0, 62, 695.0999755859375, 0, '2022-02-18 08:33:36', '2022-02-18 08:33:36'),
(261, 'YAKULT 1 JRM (BERSIH)', 'KG', 'YAKULT 1 JRM (BERSIH)', 0, 62, 1117.199951171875, 0, '2022-02-18 08:33:57', '2022-02-18 08:33:57'),
(262, 'YAKULT MASTER 811', 'KG', 'YAKULT MASTER 811', 0, 62, 750.7320556640625, 0, '2022-02-18 08:34:30', '2022-02-18 08:34:30'),
(263, 'YAKULT MASTER 811 GELAP', 'KG', 'YAKULT MASTER 811 GELAP', 0, 62, 0, 0, '2022-02-18 08:34:52', '2022-02-18 08:34:52'),
(264, 'PP', 'KG', 'PP', 0, 62, 17.25, 0, '2022-02-18 08:35:15', '2022-02-18 08:35:15'),
(265, 'VACUM PUTIH JEREMY', 'KG', 'VACUM PUTIH JEREMY', 0, 62, 64.62999725341797, 0, '2022-02-18 08:35:42', '2022-02-18 08:35:42'),
(266, 'ABS ORI', 'KG', 'ABS ORI', 0, 62, 0, 0, '2022-02-18 08:36:11', '2022-02-18 08:36:11'),
(267, 'HIPK MAMBO', 'KG', 'HIPK MAMBO', 0, 62, 3063.5, 0, '2022-02-18 08:36:36', '2022-02-18 08:36:36'),
(268, 'VACUM PUTIH SABLON JEREMY', 'KG', 'VACUM PUTIH SABLON JEREMY', 0, 62, 0, 0, '2022-02-18 08:36:59', '2022-02-18 08:36:59'),
(269, 'VACUM BENING JEREMY', 'KG', 'VACUM BENING JEREMY', 0, 62, 0, 0, '2022-02-18 08:39:05', '2022-02-18 08:39:05'),
(270, 'NPS GPPS-525 N', 'KG', 'NPS GPPS-525 N', 0, 63, 15325, 0, '2022-02-18 08:39:41', '2022-02-18 08:39:41'),
(271, 'PS KACA GIL JEREMY (PS SUPER)', 'KG', 'PS KACA GIL JEREMY (PS SUPER)', 0, 63, 0.0001220703125, 0, '2022-02-18 08:40:07', '2022-02-18 08:40:07'),
(272, 'PS KACA GIL JEREMY (PS 1)', 'KG', 'PS KACA GIL JEREMY (PS 1)', 0, 63, 0, 0, '2022-02-18 08:40:41', '2022-02-18 08:40:41'),
(273, 'PS KACA GIL (PS BENING)', 'KG', 'PS KACA GIL (PS BENING)', 0, 63, 6545.3076171875, 0, '2022-02-18 08:41:15', '2022-02-18 08:41:15'),
(274, 'PS PROSES STYROFOAM', 'KG', 'PS PROSES STYROFOAM', 0, 63, 0, 0, '2022-02-18 08:41:39', '2022-02-18 08:41:39'),
(275, 'PS KACA GIL JEREMY WARNA', 'KG', 'PS KACA GIL JEREMY WARNA', 0, 63, 2350.68017578125, 0, '2022-02-18 08:42:05', '2022-02-18 08:42:05'),
(276, 'PS KACA GILING WARNA', 'KG', 'PS KACA GILING WARNA', 0, 63, 8453.080078125, 0, '2022-02-18 08:42:29', '2022-02-18 08:42:29'),
(277, 'PS KOTOR 1', 'KG', 'PS KOTOR 1', 0, 63, 25, 0, '2022-02-18 08:42:55', '2022-02-18 08:42:55'),
(278, 'PS KOTOR 2', 'KG', 'PS KOTOR 2', 0, 63, 0, 0, '2022-02-18 08:43:21', '2022-02-18 08:43:21'),
(279, 'GPPS N PLLETS JPN', 'KG', 'GPPS N PLLETS JPN', 0, 63, 19478.69921875, 0, '2022-02-18 08:43:48', '2022-02-18 08:43:48'),
(280, 'K RESIN GILING', 'KG', 'K RESIN GILING', 0, 64, 2149.922119140625, 0, '2022-02-18 08:44:10', '2022-02-18 08:44:10'),
(281, 'K RESIN ORI', 'KG', 'K RESIN ORI', 0, 64, 0, 0, '2022-02-18 08:44:27', '2022-02-18 08:44:27'),
(282, 'Q RESIN', 'KG', 'Q RESIN', 0, 64, 3074.979248046875, 0, '2022-02-18 08:44:45', '2022-02-18 08:44:45'),
(283, 'K RESIN PELLETS JPN (HIPS JPN)', 'KG', 'K RESIN PELLETS JPN (HIPS JPN)', 0, 64, 6498, 0, '2022-02-18 08:45:16', '2022-02-18 08:45:16'),
(284, 'EVA V5430', 'KG', 'EVA V5430', 0, 64, 0, 0, '2022-02-18 08:45:41', '2022-02-18 08:45:41'),
(285, 'EVA 2518', 'KG', 'EVA 2518', 0, 65, 5075.49951171875, 0, '2022-02-18 08:46:03', '2022-02-18 08:46:03'),
(286, 'EVA ESCORENE 5540', 'KG', 'EVA ESCORENE 5540', 0, 65, 447.79998779296875, 0, '2022-02-18 08:46:27', '2022-02-18 08:46:27'),
(287, 'GILINGAN SMID', 'KG', 'GILINGAN SMID', 0, 66, 3400, 0, '2022-02-18 08:46:59', '2022-02-18 08:46:59'),
(288, 'GILINGAN LONGWEI/SOLE TPR', 'KG', 'GILINGAN LONGWEI/SOLE TPR', 0, 66, 0, 0, '2022-02-18 08:47:22', '2022-02-18 08:47:22'),
(289, 'GILINGAN JAYA RAYA', 'KG', 'GILINGAN JAYA RAYA', 0, 66, 0, 0, '2022-02-18 08:47:42', '2022-02-18 08:47:42'),
(290, 'GILINGAN JRM (TPR WARNA MUDA)', 'KG', 'GILINGAN JRM (TPR WARNA MUDA)', 0, 66, 2575, 0, '2022-02-18 08:48:09', '2022-02-18 08:48:09'),
(291, 'GILINGAN JRM (TPR HITAM)', 'KG', 'GILINGAN JRM (TPR HITAM)', 0, 66, 2883.5, 0, '2022-02-18 08:48:38', '2022-02-18 08:48:38'),
(292, 'DEBU GILINGAN JEREMY', 'KG', 'DEBU GILINGAN JEREMY', 0, 66, 0, 0, '2022-02-18 08:49:02', '2022-02-18 08:49:02'),
(293, 'GILINGAN LEXUS', 'KG', 'GILINGAN LEXUS', 0, 65, 578.5, 0, '2022-02-18 08:49:34', '2022-02-18 08:49:34'),
(294, 'GILINGAN JRM (TPR WARNA TUA)', 'KG', 'GILINGAN JRM (TPR WARNA TUA)', 0, 66, 2400, 0, '2022-02-18 08:50:09', '2022-02-18 08:50:09'),
(295, 'GILINGAN AVANTY', 'KG', 'GILINGAN AVANTY', 0, 66, 0, 0, '2022-02-18 08:50:44', '2022-02-18 08:50:44'),
(296, 'SOL BS SOLINDO', 'KG', 'SOL BS SOLINDO', 0, 66, 0, 0, '2022-02-18 08:51:20', '2022-02-18 08:51:20'),
(297, 'GILINGAN SBS (BONGKAHAN)', 'KG', 'GILINGAN SBS (BONGKAHAN)', 0, 66, 1605, 0, '2022-02-18 08:51:55', '2022-02-18 08:51:55'),
(298, 'GILINGAN SBS (NATURAL CUCIAN)', 'KG', 'GILINGAN SBS (NATURAL CUCIAN)', 0, 67, 960, 0, '2022-02-18 08:52:25', '2022-02-18 08:52:25'),
(324, 'IRGAFOS/ AO 168', 'KG', 'IRGAFOS/ AO 168', 0, 71, 476.2484252899885, 0, '2022-02-18 09:11:21', '2022-02-18 09:11:21'),
(325, 'BLOWING EXPANCEL 093 DU 120', 'KG', 'BLOWING EXPANCEL 093 DU 120', 0, 72, 566.9000244140625, 0, '2022-02-18 09:12:56', '2022-02-18 09:12:56'),
(326, 'BLOWING DNA WHITE', 'KG', 'BLOWING DNA WHITE', 0, 72, 331.79998779296875, 0, '2022-02-18 09:13:23', '2022-02-18 09:13:23'),
(327, 'BLOWING AGENT OBSH LC', 'KG', 'BLOWING AGENT OBSH LC', 0, 72, 1273.5, 0, '2022-02-18 09:13:52', '2022-02-18 09:13:52'),
(328, 'SUNFOAM DSA', 'KG', 'SUNFOAM DSA', 0, 71, 564, 0, '2022-02-18 09:14:16', '2022-02-18 09:14:16'),
(329, 'JSR RB 840', 'KG', 'JSR RB 840', 0, 73, 537, 0, '2022-02-18 09:14:46', '2022-02-18 09:14:46'),
(330, 'TELALUX OB', 'KG', 'TELALUX OB', 0, 72, 0.1889999955892563, 0, '2022-02-18 09:15:11', '2022-02-18 09:15:11'),
(331, 'PEG 4000', 'KG', 'PEG 4000', 0, 73, 125, 0, '2022-02-18 09:15:40', '2022-02-18 09:15:40'),
(332, 'CRISTALEX 3100', 'KG', 'CRISTALEX 3100', 0, 72, 55.540000915527344, 0, '2022-02-18 09:16:09', '2022-02-18 09:16:09'),
(333, 'ADDV SM (SILICONE MATERBATCH)', 'KG', 'ADDV SM (SILICONE MATERBATCH)', 0, 73, 338.5, 0, '2022-02-18 09:16:50', '2022-02-18 09:16:50'),
(334, 'ADDV KAMPER', 'KG', 'ADDV KAMPER', 0, 73, 13.050000190734863, 0, '2022-02-18 09:17:18', '2022-02-18 09:17:18'),
(335, 'PVC STAB (REGULATOR)', 'KG', 'PVC STAB (REGULATOR)', 0, 73, 145.75, 0, '2022-02-18 09:17:53', '2022-02-18 09:17:53'),
(336, 'TINUVIN', 'KG', 'TINUVIN', 0, 73, 9.720000267028809, 0, '2022-02-18 09:18:24', '2022-02-18 09:18:24'),
(337, 'VANILLA ESSENCE', 'KG', 'VANILLA ESSENCE', 0, 73, 2.7899999618530273, 0, '2022-02-18 09:18:52', '2022-02-18 09:18:52'),
(338, 'VAPOROXOL-3F', 'KG', 'VAPOROXOL-3F', 0, 73, 0, 0, '2022-02-18 09:19:15', '2022-02-18 09:19:15'),
(339, 'KARUNG', 'LEMBAR', 'KARUNG', 0, 73, 5900, 0, '2022-02-18 09:21:04', '2022-02-18 09:21:04'),
(341, 'SOPPRENE HONIG', 'KG', 'SOPPRENE HONIG', 0, 74, 16.979999542236328, 0, '2022-02-18 09:22:11', '2022-02-18 09:22:11'),
(342, 'CABOPOL WEIIS', 'KG', 'CABOPOL WEIIS', 0, 74, 25, 0, '2022-02-18 09:23:07', '2022-02-18 09:23:07'),
(343, 'LIMBAH SAPUAN KOTOR', 'KG', 'LIMBAH SAPUAN KOTOR', 0, 74, 4060, 0, '2022-02-18 09:23:31', '2022-02-18 09:23:31'),
(371, 'RED HC 15503', 'KG', 'RED HC 15503', 0, 76, 0, 0, '2022-03-09 03:32:03', '2022-03-09 03:32:03'),
(372, 'RED HC 15526', 'KG', 'RED HC 15526', 0, 76, 541.0213160994488, 0, '2022-03-09 03:32:32', '2022-03-09 03:32:32'),
(374, 'YELLOW HC 014', 'KG', 'YELLOW HC 014', 0, 76, 480.5624728670965, 0, '2022-03-09 03:33:08', '2022-03-09 03:33:08'),
(375, 'CARBON BLACK N 550', 'KG', 'CARBON BLACK N 550', 0, 76, 740.1163831179324, 0, '2022-03-09 03:33:30', '2022-03-09 03:33:30'),
(376, 'CARBON BLACK N 330', 'KG', 'CARBON BLACK N 330', 0, 76, 975, 0, '2022-03-09 03:33:56', '2022-03-09 03:33:56'),
(377, 'BLUE HC 382.01', 'KG', 'BLUE HC 382.01', 0, 76, 343.70001220703125, 0, '2022-03-09 03:34:54', '2022-03-09 03:34:54'),
(378, 'TITAN DIOXIDE RUTILE', 'KG', 'TITAN DIOXIDE RUTILE', 0, 76, 0, 0, '2022-03-09 03:35:22', '2022-03-09 03:35:22'),
(379, 'TITANIUM DIOXIDE R-680', 'KG', 'TITANIUM DIOXIDE R-680', 0, 76, 0, 0, '2022-03-09 03:35:51', '2022-03-09 03:35:51'),
(380, 'YELLOW GR CN 09', 'KG', 'YELLOW GR CN 09', 0, 76, 171.6999969482422, 0, '2022-03-09 03:36:17', '2022-03-09 03:36:17'),
(381, 'FQ FIOLET 8402', 'KG', 'FQ FIOLET 8402', 0, 76, 0, 0, '2022-03-09 03:36:42', '2022-03-09 03:36:42'),
(382, 'VIOLET HC-30 24891', 'KG', 'VIOLET HC-30 24891', 0, 76, 161, 0, '2022-03-09 03:37:05', '2022-03-09 03:37:05'),
(383, 'FAST BLUE A4R', 'KG', 'FAST BLUE A4R', 0, 76, 269.20001220703125, 0, '2022-03-09 03:37:25', '2022-03-09 03:37:25'),
(384, 'YL LEMON FB 203', 'KG', 'YL LEMON FB 203', 0, 76, 0.6720399856567383, 0, '2022-03-09 03:39:41', '2022-03-09 03:39:41'),
(385, 'G-01 RED', 'KG', 'G-01 RED', 0, 76, 0.06448999792337418, 0, '2022-03-09 03:40:02', '2022-03-09 03:40:02'),
(386, 'G-02 PURPLE', 'KG', 'G-01 RED', 0, 76, 0.336870014667511, 0, '2022-03-09 03:40:32', '2022-03-09 03:40:32'),
(387, 'G-06 GREEN', 'KG', 'G-06 GREEN', 0, 76, 0.39083999395370483, 0, '2022-03-09 03:41:01', '2022-03-09 03:41:01'),
(388, 'G-14 GOLD', 'KG', 'G-14 GOLD', 0, 76, 0.30000001192092896, 0, '2022-03-09 03:41:31', '2022-03-09 03:41:31'),
(389, 'G-16 SEA BLUE', 'KG', 'G-16 SEA BLUE', 0, 76, 0.08910000324249268, 0, '2022-03-09 03:42:00', '2022-03-09 03:42:00'),
(390, 'PIGMEN GAGAL', 'KG', 'PIGMEN GAGAL', 0, 76, 3, 0, '2022-03-09 03:42:34', '2022-03-09 03:42:34'),
(391, 'TiO2 R97', 'KG', 'TiO2 R97', 0, 76, 250, 0, '2022-03-09 03:43:01', '2022-03-09 03:43:01'),
(392, 'TiO R2195', 'KG', 'TiO R2195', 0, 76, 0, 0, '2022-03-09 03:43:25', '2022-03-09 03:43:25'),
(393, 'BLUE HC B 15479', 'KG', 'BLUE HC B 15479', 0, 76, 200, 0, '2022-03-09 03:43:49', '2022-03-09 03:43:49'),
(394, 'YELLOW HCY 15329', 'KG', 'YELLOW HCY 15329', 0, 76, 0.44999998807907104, 0, '2022-03-09 03:44:14', '2022-03-09 03:44:14'),
(395, 'YELLOW HC-30 26471', 'KG', 'YELLOW HC-30 26471', 0, 76, 0.09000000357627869, 0, '2022-03-09 03:45:36', '2022-03-09 03:45:36'),
(396, 'G-04 BLUE', 'KG', 'G-04 BLUE', 0, 76, 0.2224999964237213, 0, '2022-03-09 03:46:15', '2022-03-09 03:46:15'),
(397, 'G-09 GRAY', 'KG', 'G-09 GRAY', 0, 76, 0.29899999499320984, 0, '2022-03-09 03:46:37', '2022-03-09 03:46:37'),
(398, 'G-14 GOLDEN YELLOW', 'KG', 'G-14 GOLDEN YELLOW', 0, 76, 0.0689999982714653, 0, '2022-03-09 03:47:02', '2022-03-09 03:47:02'),
(399, 'G-22 PEACH', 'KG', 'G-22 PEACH', 0, 76, 0.00774999987334013, 0, '2022-03-09 03:47:25', '2022-03-09 03:47:25'),
(400, 'G-224 YELLOW TO RED', 'KG', 'G-224 YELLOW TO RED', 0, 76, 0.09666000306606293, 0, '2022-03-09 03:47:52', '2022-03-09 03:47:52'),
(401, 'G-226 YELLOW TO GREEN', 'KG', 'G-226 YELLOW TO GREEN', 0, 76, 0.14399999380111694, 0, '2022-03-09 03:48:39', '2022-03-09 03:48:39'),
(402, 'G-228 BLUE TO PURPLE', 'KG', 'G-228 BLUE TO PURPLE', 0, 76, 0.07999999821186066, 0, '2022-03-09 03:49:09', '2022-03-09 03:49:09'),
(403, 'MJ-LV30 GREEN', 'KG', 'MJ-LV30 GREEN', 0, 76, 0.23648999631404877, 0, '2022-03-09 03:49:40', '2022-03-09 03:49:40'),
(404, 'MJ-ZG30 PURPLE', 'KG', 'MJ-ZG30 PURPLE', 0, 76, 0.29899999499320984, 0, '2022-03-09 03:50:31', '2022-03-09 03:50:31'),
(405, 'MJ-CRG30 ORANGE RED', 'KG', 'MJ-CRG30 ORANGE RED', 0, 76, 0.29899999499320984, 0, '2022-03-09 03:51:03', '2022-03-09 03:51:03'),
(406, 'MJ-TL30 SKY BLUE', 'KG', 'MJ-TL30 SKY BLUE', 0, 76, 0.29899999499320984, 0, '2022-03-09 03:51:38', '2022-03-09 03:51:38'),
(407, 'MJ-HG31H DEEP RED', 'KG', 'MJ-HG31H DEEP RED', 0, 76, 0.29899999499320984, 0, '2022-03-09 03:52:11', '2022-03-09 03:52:11'),
(408, 'MJ-ZH30 PURPLE RED', 'KG', 'MJ-ZH30 PURPLE RED', 0, 76, 0.29899999499320984, 0, '2022-03-09 03:52:51', '2022-03-09 03:52:51'),
(409, 'YL HC-30 26541', 'KG', 'YL HC-30 26541', 0, 76, 0.18820999562740326, 0, '2022-03-09 03:53:18', '2022-03-09 03:53:18'),
(410, 'TiO R298', 'KG', 'TiO R298', 0, 76, 450, 0, '2022-03-09 03:53:53', '2022-03-09 03:53:53'),
(411, 'TiO R298 (2)', 'KG', 'TiO R298 (2)', 0, 76, 0.10999999940395355, 0, '2022-03-09 03:54:41', '2022-04-07 06:32:50'),
(412, 'TiO SR-240', 'KG', 'TIO SR-240', 0, 76, 4874.797592727198, 0, '2022-03-09 03:55:04', '2022-04-08 01:21:52'),
(413, 'FLOURESCENT BLUE FB 805', 'KG', 'FLOURESCENT BLUE FB 805', 0, 76, 0.07441999763250351, 0, '2022-03-09 03:55:42', '2022-03-09 03:55:42'),
(414, 'FLOURESCENT PINK FB 503', 'KG', 'FLOURESCENT PINK FB 503', 0, 76, 0.05542999878525734, 0, '2022-03-09 03:56:11', '2022-03-09 03:56:11'),
(415, 'ULTRAMARINE BLUE UPL 5125', 'KG', 'ULTRAMARINE BLUE UPL 5125', 0, 76, 24.014999389648438, 0, '2022-03-09 03:56:40', '2022-03-09 03:56:40'),
(417, 'FLOURESCENT ORANGE 20', 'KG', 'FLOURESCENT ORANGE 20', 0, 76, 0.03999999910593033, 0, '2022-03-09 03:58:46', '2022-03-09 03:58:46'),
(418, 'YELLOW HCY 15472', 'KG', 'YELLOW HCY 15472', 0, 76, 18.700000762939453, 0, '2022-03-09 03:59:17', '2022-03-09 03:59:17'),
(419, 'CACO3 PFX 15', 'KG', 'CACO3 PFX 15', 0, 61, 5000, 0, '2022-03-16 03:46:17', '2022-03-16 03:46:17'),
(420, 'PARAFINIC OIL', 'KG', 'PARAFINIC OIL', 0, 60, 13800, 0, '2022-03-16 03:48:07', '2022-03-16 03:48:07'),
(421, 'TPR BERSIH XJRM', 'KG', 'TPR BERSIH XJRM', 0, 77, 4956.7998046875, 0, '2022-04-07 06:24:26', '2022-04-07 06:26:15'),
(422, 'SERBUK, DEBU, BUBUK TPR XJR', 'KG', 'SERBUK, DEBU, BUBUK TPR XJR', 0, 77, 886.5800170898438, 0, '2022-04-07 06:24:48', '2022-04-07 06:24:48'),
(423, 'BEKUAN TPR XJR', 'KG', 'BEKUAN TPR XJR', 0, 77, 532.5599975585938, 0, '2022-04-07 06:25:06', '2022-04-07 06:25:06'),
(424, 'RED 170', 'KG', 'RED 170', 0, 76, 499.989990234375, 0, '2022-04-07 07:24:15', '2022-06-20 07:36:32'),
(426, 'IRGANOX 1076', 'KG', 'IRGANOX 1076', 0, 71, 381.29984740912914, 0, '2022-04-12 02:23:41', '2022-04-12 02:23:41'),
(429, 'TESTING RAW', 'KG', 'TESTING RAW', 0, 58, 990, 0, '2022-04-22 06:23:27', '2022-04-22 06:23:27'),
(430, 'TESTING COLOUR', 'KG', 'TESTING COLOUR', 0, 75, 1000, 0, '2022-04-22 06:23:41', '2022-04-22 06:23:41');

-- --------------------------------------------------------

--
-- Table structure for table `materials_old`
--

CREATE TABLE `materials_old` (
  `id` int(10) UNSIGNED NOT NULL,
  `material_name` varchar(255) COLLATE utf8mb4_unicode_ci NOT NULL,
  `unit` varchar(255) COLLATE utf8mb4_unicode_ci NOT NULL,
  `description` text COLLATE utf8mb4_unicode_ci DEFAULT NULL,
  `b_price` int(11) NOT NULL,
  `kategori` int(11) NOT NULL,
  `stok` float NOT NULL DEFAULT 0,
  `stok_2` float NOT NULL DEFAULT 0,
  `created_at` timestamp NULL DEFAULT NULL,
  `updated_at` timestamp NULL DEFAULT NULL
) ENGINE=InnoDB DEFAULT CHARSET=utf8mb4 COLLATE=utf8mb4_unicode_ci;

--
-- Dumping data for table `materials_old`
--

INSERT INTO `materials_old` (`id`, `material_name`, `unit`, `description`, `b_price`, `kategori`, `stok`, `stok_2`, `created_at`, `updated_at`) VALUES
(233, 'TPE LCY 1487', 'KG', 'TPE LCY 1487', 0, 58, 20760, 0, '2022-02-18 08:07:05', '2022-02-18 08:07:05'),
(234, 'TPE LCY 1485', 'KG', 'TPE LCY 1485', 0, 58, 104685, 0, '2022-02-18 08:07:35', '2022-02-18 08:07:35'),
(235, 'TPE LCY 1485 (CUCIAN)', 'KG', 'TPE LCY 1485 (CUCIAN)', 0, 58, 200, 0, '2022-02-18 08:08:10', '2022-02-18 08:08:10'),
(236, 'TPE LCY 3546', 'KG', 'TPE LCY 3546', 0, 58, 4720, 0, '2022-02-18 08:08:45', '2022-02-18 08:08:45'),
(237, 'SEBS 7551', 'KG', 'SEBS 7551', 0, 58, 3528, 0, '2022-02-18 08:09:12', '2022-02-18 08:09:12'),
(238, 'SIBUR L-7420', 'KG', 'SIBUR L-7420', 0, 58, 11633, 0, '2022-02-18 08:09:46', '2022-02-18 08:09:46'),
(239, 'PVC RESIN', 'KG', 'PVC RESIN', 0, 58, 2, 0, '2022-02-18 08:22:57', '2022-02-18 08:22:57'),
(240, 'TPE LCY 1475', 'KG', 'TPE LCY 1475', 0, 58, 21969.7, 0, '2022-02-18 08:24:16', '2022-02-18 08:24:16'),
(241, 'TPE LCY 3411', 'KG', 'TPE LCY 3411', 0, 58, 3422.48, 0, '2022-02-18 08:24:44', '2022-02-18 08:24:44'),
(242, 'SEBS 7551 + OIL TOPAZ 110 (25/75)', 'KG', 'SEBS 7551 + OIL TOPAZ 110 (25/75)', 0, 59, 53, 0, '2022-02-18 08:25:25', '2022-02-18 08:25:25'),
(243, 'TPE 3411 + OIL TOPAZ 110 (60/40)', 'KG', 'TPE 3411 + OIL TOPAZ 110 (60/40)', 0, 59, 154.275, 0, '2022-02-18 08:25:42', '2022-02-18 08:25:42'),
(244, 'DIBUTHYL PHATALATE (DBP)', 'KG', 'DIBUTHYL PHATALATE (DBP)', 0, 60, 43.04, 0, '2022-02-18 08:27:10', '2022-02-18 08:27:10'),
(245, 'DIOCTYL PHTHALATE Ex LG (DOP)', 'KG', 'DIOCTYL PHTHALATE Ex LG (DOP)', 0, 60, 19.88, 0, '2022-02-18 08:27:37', '2022-02-18 08:27:37'),
(246, 'DOPT', 'KG', 'DOPT', 0, 60, 31.4, 0, '2022-02-18 08:27:56', '2022-02-18 08:27:56'),
(247, 'OIL TOPAZ L110', 'KG', 'OIL TOPAZ L110', 0, 60, 29498.5, 0, '2022-02-18 08:28:17', '2022-02-18 08:28:17'),
(248, 'DGD', 'KG', 'DGD', 0, 60, 0.78, 0, '2022-02-18 08:28:39', '2022-02-18 08:28:39'),
(249, 'CACO3 ID CARB 9 (Warna)', 'KG', 'CACO3 ID CARB 9 (Warna)', 0, 61, 9476.19, 0, '2022-02-18 08:29:07', '2022-04-07 06:07:56'),
(250, 'CACO3 RHEORCARB 9 (Black)', 'KG', 'CACO3 RHEORCARB 9 (Black)', 0, 60, 5250, 0, '2022-02-18 08:29:27', '2022-02-18 08:29:27'),
(251, 'CACO3 PFX 9 (White)', 'KG', 'CACO3 PFX 9 (White)', 0, 61, 0, 0, '2022-02-18 08:29:48', '2022-02-18 08:29:48'),
(252, 'CACO3 IDPK 9', 'KG', 'CACO3 IDPK 9', 0, 61, 1441.36, 0, '2022-02-18 08:30:05', '2022-02-18 08:30:05'),
(253, 'HIPK', 'KG', 'HIPK', 0, 62, 14577.4, 0, '2022-02-18 08:30:31', '2022-02-18 08:30:31'),
(254, 'HI PS 470', 'KG', 'HI PS 470', 0, 62, 833.9, 0, '2022-02-18 08:30:54', '2022-02-18 08:30:54'),
(255, 'VAKUM PK JRM', 'KG', 'VAKUM PK JRM', 0, 62, 73.05, 0, '2022-02-18 08:31:26', '2022-02-18 08:31:26'),
(256, 'VAKUM WARNA JRM', 'KG', 'VAKUM WARNA JRM', 0, 62, 617.99, 0, '2022-02-18 08:31:52', '2022-02-18 08:31:52'),
(259, 'VAKUM HITAM JRM', 'KG', 'VAKUM HITAM JRM', 0, 62, 0, 0, '2022-02-18 08:32:57', '2022-02-18 08:32:57'),
(260, 'YAKULT 2 JRM (KOTOR)', 'KG', 'YAKULT 2 JRM (KOTOR)', 0, 62, 695.1, 0, '2022-02-18 08:33:36', '2022-02-18 08:33:36'),
(261, 'YAKULT 1 JRM (BERSIH)', 'KG', 'YAKULT 1 JRM (BERSIH)', 0, 62, 1117.2, 0, '2022-02-18 08:33:57', '2022-02-18 08:33:57'),
(262, 'YAKULT MASTER 811', 'KG', 'YAKULT MASTER 811', 0, 62, 750.732, 0, '2022-02-18 08:34:30', '2022-02-18 08:34:30'),
(263, 'YAKULT MASTER 811 GELAP', 'KG', 'YAKULT MASTER 811 GELAP', 0, 62, 0, 0, '2022-02-18 08:34:52', '2022-02-18 08:34:52'),
(264, 'PP', 'KG', 'PP', 0, 62, 17.25, 0, '2022-02-18 08:35:15', '2022-02-18 08:35:15'),
(265, 'VACUM PUTIH JEREMY', 'KG', 'VACUM PUTIH JEREMY', 0, 62, 64.63, 0, '2022-02-18 08:35:42', '2022-02-18 08:35:42'),
(266, 'ABS ORI', 'KG', 'ABS ORI', 0, 62, 0, 0, '2022-02-18 08:36:11', '2022-02-18 08:36:11'),
(267, 'HIPK MAMBO', 'KG', 'HIPK MAMBO', 0, 62, 3063.5, 0, '2022-02-18 08:36:36', '2022-02-18 08:36:36'),
(268, 'VACUM PUTIH SABLON JEREMY', 'KG', 'VACUM PUTIH SABLON JEREMY', 0, 62, 0, 0, '2022-02-18 08:36:59', '2022-02-18 08:36:59'),
(269, 'VACUM BENING JEREMY', 'KG', 'VACUM BENING JEREMY', 0, 62, 0, 0, '2022-02-18 08:39:05', '2022-02-18 08:39:05'),
(270, 'NPS GPPS-525 N', 'KG', 'NPS GPPS-525 N', 0, 63, 15325, 0, '2022-02-18 08:39:41', '2022-02-18 08:39:41'),
(271, 'PS KACA GIL JEREMY (PS SUPER)', 'KG', 'PS KACA GIL JEREMY (PS SUPER)', 0, 63, 0.00012207, 0, '2022-02-18 08:40:07', '2022-02-18 08:40:07'),
(272, 'PS KACA GIL JEREMY (PS 1)', 'KG', 'PS KACA GIL JEREMY (PS 1)', 0, 63, 0, 0, '2022-02-18 08:40:41', '2022-02-18 08:40:41'),
(273, 'PS KACA GIL (PS BENING)', 'KG', 'PS KACA GIL (PS BENING)', 0, 63, 6572.93, 0, '2022-02-18 08:41:15', '2022-02-18 08:41:15'),
(274, 'PS PROSES STYROFOAM', 'KG', 'PS PROSES STYROFOAM', 0, 63, 0, 0, '2022-02-18 08:41:39', '2022-02-18 08:41:39'),
(275, 'PS KACA GIL JEREMY WARNA', 'KG', 'PS KACA GIL JEREMY WARNA', 0, 63, 2350.68, 0, '2022-02-18 08:42:05', '2022-02-18 08:42:05'),
(276, 'PS KACA GILING WARNA', 'KG', 'PS KACA GILING WARNA', 0, 63, 8453.08, 0, '2022-02-18 08:42:29', '2022-02-18 08:42:29'),
(277, 'PS KOTOR 1', 'KG', 'PS KOTOR 1', 0, 63, 25, 0, '2022-02-18 08:42:55', '2022-02-18 08:42:55'),
(278, 'PS KOTOR 2', 'KG', 'PS KOTOR 2', 0, 63, 0, 0, '2022-02-18 08:43:21', '2022-02-18 08:43:21'),
(279, 'GPPS N PLLETS JPN', 'KG', 'GPPS N PLLETS JPN', 0, 63, 19478.7, 0, '2022-02-18 08:43:48', '2022-02-18 08:43:48'),
(280, 'K RESIN GILING', 'KG', 'K RESIN GILING', 0, 64, 2162.92, 0, '2022-02-18 08:44:10', '2022-02-18 08:44:10'),
(281, 'K RESIN ORI', 'KG', 'K RESIN ORI', 0, 64, 0, 0, '2022-02-18 08:44:27', '2022-02-18 08:44:27'),
(282, 'Q RESIN', 'KG', 'Q RESIN', 0, 64, 3081.48, 0, '2022-02-18 08:44:45', '2022-02-18 08:44:45'),
(283, 'K RESIN PELLETS JPN (HIPS JPN)', 'KG', 'K RESIN PELLETS JPN (HIPS JPN)', 0, 64, 6498, 0, '2022-02-18 08:45:16', '2022-02-18 08:45:16'),
(284, 'EVA V5430', 'KG', 'EVA V5430', 0, 64, 0, 0, '2022-02-18 08:45:41', '2022-02-18 08:45:41'),
(285, 'EVA 2518', 'KG', 'EVA 2518', 0, 65, 5075.5, 0, '2022-02-18 08:46:03', '2022-02-18 08:46:03'),
(286, 'EVA ESCORENE 5540', 'KG', 'EVA ESCORENE 5540', 0, 65, 447.8, 0, '2022-02-18 08:46:27', '2022-02-18 08:46:27'),
(287, 'GILINGAN SMID', 'KG', 'GILINGAN SMID', 0, 66, 3400, 0, '2022-02-18 08:46:59', '2022-02-18 08:46:59'),
(288, 'GILINGAN LONGWEI/SOLE TPR', 'KG', 'GILINGAN LONGWEI/SOLE TPR', 0, 66, 0, 0, '2022-02-18 08:47:22', '2022-02-18 08:47:22'),
(289, 'GILINGAN JAYA RAYA', 'KG', 'GILINGAN JAYA RAYA', 0, 66, 0, 0, '2022-02-18 08:47:42', '2022-02-18 08:47:42'),
(290, 'GILINGAN JRM (TPR WARNA MUDA)', 'KG', 'GILINGAN JRM (TPR WARNA MUDA)', 0, 66, 2575, 0, '2022-02-18 08:48:09', '2022-02-18 08:48:09'),
(291, 'GILINGAN JRM (TPR HITAM)', 'KG', 'GILINGAN JRM (TPR HITAM)', 0, 66, 2883.5, 0, '2022-02-18 08:48:38', '2022-02-18 08:48:38'),
(292, 'DEBU GILINGAN JEREMY', 'KG', 'DEBU GILINGAN JEREMY', 0, 66, 0, 0, '2022-02-18 08:49:02', '2022-02-18 08:49:02'),
(293, 'GILINGAN LEXUS', 'KG', 'GILINGAN LEXUS', 0, 65, 578.5, 0, '2022-02-18 08:49:34', '2022-02-18 08:49:34'),
(294, 'GILINGAN JRM (TPR WARNA TUA)', 'KG', 'GILINGAN JRM (TPR WARNA TUA)', 0, 66, 2400, 0, '2022-02-18 08:50:09', '2022-02-18 08:50:09'),
(295, 'GILINGAN AVANTY', 'KG', 'GILINGAN AVANTY', 0, 66, 0, 0, '2022-02-18 08:50:44', '2022-02-18 08:50:44'),
(296, 'SOL BS SOLINDO', 'KG', 'SOL BS SOLINDO', 0, 66, 0, 0, '2022-02-18 08:51:20', '2022-02-18 08:51:20'),
(297, 'GILINGAN SBS (BONGKAHAN)', 'KG', 'GILINGAN SBS (BONGKAHAN)', 0, 66, 1605, 0, '2022-02-18 08:51:55', '2022-02-18 08:51:55'),
(298, 'GILINGAN SBS (NATURAL CUCIAN)', 'KG', 'GILINGAN SBS (NATURAL CUCIAN)', 0, 67, 960, 0, '2022-02-18 08:52:25', '2022-02-18 08:52:25'),
(324, 'IRGAFOS/ AO 168', 'KG', 'IRGAFOS/ AO 168', 0, 71, 476.573, 0, '2022-02-18 09:11:21', '2022-02-18 09:11:21'),
(325, 'BLOWING EXPANCEL 093 DU 120', 'KG', 'BLOWING EXPANCEL 093 DU 120', 0, 72, 566.9, 0, '2022-02-18 09:12:56', '2022-02-18 09:12:56'),
(326, 'BLOWING DNA WHITE', 'KG', 'BLOWING DNA WHITE', 0, 72, 331.8, 0, '2022-02-18 09:13:23', '2022-02-18 09:13:23'),
(327, 'BLOWING AGENT OBSH LC', 'KG', 'BLOWING AGENT OBSH LC', 0, 72, 1273.5, 0, '2022-02-18 09:13:52', '2022-02-18 09:13:52'),
(328, 'SUNFOAM DSA', 'KG', 'SUNFOAM DSA', 0, 71, 564, 0, '2022-02-18 09:14:16', '2022-02-18 09:14:16'),
(329, 'JSR RB 840', 'KG', 'JSR RB 840', 0, 73, 537, 0, '2022-02-18 09:14:46', '2022-02-18 09:14:46'),
(330, 'TELALUX OB', 'KG', 'TELALUX OB', 0, 72, 0.189, 0, '2022-02-18 09:15:11', '2022-02-18 09:15:11'),
(331, 'PEG 4000', 'KG', 'PEG 4000', 0, 73, 125, 0, '2022-02-18 09:15:40', '2022-02-18 09:15:40'),
(332, 'CRISTALEX 3100', 'KG', 'CRISTALEX 3100', 0, 72, 55.54, 0, '2022-02-18 09:16:09', '2022-02-18 09:16:09'),
(333, 'ADDV SM (SILICONE MATERBATCH)', 'KG', 'ADDV SM (SILICONE MATERBATCH)', 0, 73, 338.5, 0, '2022-02-18 09:16:50', '2022-02-18 09:16:50'),
(334, 'ADDV KAMPER', 'KG', 'ADDV KAMPER', 0, 73, 13.05, 0, '2022-02-18 09:17:18', '2022-02-18 09:17:18'),
(335, 'PVC STAB (REGULATOR)', 'KG', 'PVC STAB (REGULATOR)', 0, 73, 145.75, 0, '2022-02-18 09:17:53', '2022-02-18 09:17:53'),
(336, 'TINUVIN', 'KG', 'TINUVIN', 0, 73, 9.72, 0, '2022-02-18 09:18:24', '2022-02-18 09:18:24'),
(337, 'VANILLA ESSENCE', 'KG', 'VANILLA ESSENCE', 0, 73, 2.79, 0, '2022-02-18 09:18:52', '2022-02-18 09:18:52'),
(338, 'VAPOROXOL-3F', 'KG', 'VAPOROXOL-3F', 0, 73, 0, 0, '2022-02-18 09:19:15', '2022-02-18 09:19:15'),
(339, 'KARUNG', 'LEMBAR', 'KARUNG', 0, 73, 5900, 0, '2022-02-18 09:21:04', '2022-02-18 09:21:04'),
(341, 'SOPPRENE HONIG', 'KG', 'SOPPRENE HONIG', 0, 74, 16.98, 0, '2022-02-18 09:22:11', '2022-02-18 09:22:11'),
(342, 'CABOPOL WEIIS', 'KG', 'CABOPOL WEIIS', 0, 74, 25, 0, '2022-02-18 09:23:07', '2022-02-18 09:23:07'),
(343, 'LIMBAH SAPUAN KOTOR', 'KG', 'LIMBAH SAPUAN KOTOR', 0, 74, 4060, 0, '2022-02-18 09:23:31', '2022-02-18 09:23:31'),
(371, 'RED HC 15503', 'KG', 'RED HC 15503', 0, 76, 0, 0, '2022-03-09 03:32:03', '2022-03-09 03:32:03'),
(372, 'RED HC 15526', 'KG', 'RED HC 15526', 0, 76, 541.856, 0, '2022-03-09 03:32:32', '2022-03-09 03:32:32'),
(374, 'YELLOW HC 014', 'KG', 'YELLOW HC 014', 0, 76, 487.648, 0, '2022-03-09 03:33:08', '2022-03-09 03:33:08'),
(375, 'CARBON BLACK N 550', 'KG', 'CARBON BLACK N 550', 0, 76, 740.667, 0, '2022-03-09 03:33:30', '2022-03-09 03:33:30'),
(376, 'CARBON BLACK N 330', 'KG', 'CARBON BLACK N 330', 0, 76, 975, 0, '2022-03-09 03:33:56', '2022-03-09 03:33:56'),
(377, 'BLUE HC 382.01', 'KG', 'BLUE HC 382.01', 0, 76, 343.7, 0, '2022-03-09 03:34:54', '2022-03-09 03:34:54'),
(378, 'TITAN DIOXIDE RUTILE', 'KG', 'TITAN DIOXIDE RUTILE', 0, 76, 0, 0, '2022-03-09 03:35:22', '2022-03-09 03:35:22'),
(379, 'TITANIUM DIOXIDE R-680', 'KG', 'TITANIUM DIOXIDE R-680', 0, 76, 0, 0, '2022-03-09 03:35:51', '2022-03-09 03:35:51'),
(380, 'YELLOW GR CN 09', 'KG', 'YELLOW GR CN 09', 0, 76, 171.7, 0, '2022-03-09 03:36:17', '2022-03-09 03:36:17'),
(381, 'FQ FIOLET 8402', 'KG', 'FQ FIOLET 8402', 0, 76, 0, 0, '2022-03-09 03:36:42', '2022-03-09 03:36:42'),
(382, 'VIOLET HC-30 24891', 'KG', 'VIOLET HC-30 24891', 0, 76, 161, 0, '2022-03-09 03:37:05', '2022-03-09 03:37:05'),
(383, 'FAST BLUE A4R', 'KG', 'FAST BLUE A4R', 0, 76, 269.2, 0, '2022-03-09 03:37:25', '2022-03-09 03:37:25'),
(384, 'YL LEMON FB 203', 'KG', 'YL LEMON FB 203', 0, 76, 0.67204, 0, '2022-03-09 03:39:41', '2022-03-09 03:39:41'),
(385, 'G-01 RED', 'KG', 'G-01 RED', 0, 76, 0.06449, 0, '2022-03-09 03:40:02', '2022-03-09 03:40:02'),
(386, 'G-02 PURPLE', 'KG', 'G-01 RED', 0, 76, 0.33687, 0, '2022-03-09 03:40:32', '2022-03-09 03:40:32'),
(387, 'G-06 GREEN', 'KG', 'G-06 GREEN', 0, 76, 0.39084, 0, '2022-03-09 03:41:01', '2022-03-09 03:41:01'),
(388, 'G-14 GOLD', 'KG', 'G-14 GOLD', 0, 76, 0.3, 0, '2022-03-09 03:41:31', '2022-03-09 03:41:31'),
(389, 'G-16 SEA BLUE', 'KG', 'G-16 SEA BLUE', 0, 76, 0.0891, 0, '2022-03-09 03:42:00', '2022-03-09 03:42:00'),
(390, 'PIGMEN GAGAL', 'KG', 'PIGMEN GAGAL', 0, 76, 3, 0, '2022-03-09 03:42:34', '2022-03-09 03:42:34'),
(391, 'TiO2 R97', 'KG', 'TiO2 R97', 0, 76, 250, 0, '2022-03-09 03:43:01', '2022-03-09 03:43:01'),
(392, 'TiO R2195', 'KG', 'TiO R2195', 0, 76, 0, 0, '2022-03-09 03:43:25', '2022-03-09 03:43:25'),
(393, 'BLUE HC B 15479', 'KG', 'BLUE HC B 15479', 0, 76, 200, 0, '2022-03-09 03:43:49', '2022-03-09 03:43:49'),
(394, 'YELLOW HCY 15329', 'KG', 'YELLOW HCY 15329', 0, 76, 0.45, 0, '2022-03-09 03:44:14', '2022-03-09 03:44:14'),
(395, 'YELLOW HC-30 26471', 'KG', 'YELLOW HC-30 26471', 0, 76, 0.09, 0, '2022-03-09 03:45:36', '2022-03-09 03:45:36'),
(396, 'G-04 BLUE', 'KG', 'G-04 BLUE', 0, 76, 0.2225, 0, '2022-03-09 03:46:15', '2022-03-09 03:46:15'),
(397, 'G-09 GRAY', 'KG', 'G-09 GRAY', 0, 76, 0.299, 0, '2022-03-09 03:46:37', '2022-03-09 03:46:37'),
(398, 'G-14 GOLDEN YELLOW', 'KG', 'G-14 GOLDEN YELLOW', 0, 76, 0.069, 0, '2022-03-09 03:47:02', '2022-03-09 03:47:02'),
(399, 'G-22 PEACH', 'KG', 'G-22 PEACH', 0, 76, 0.00775, 0, '2022-03-09 03:47:25', '2022-03-09 03:47:25'),
(400, 'G-224 YELLOW TO RED', 'KG', 'G-224 YELLOW TO RED', 0, 76, 0.09666, 0, '2022-03-09 03:47:52', '2022-03-09 03:47:52'),
(401, 'G-226 YELLOW TO GREEN', 'KG', 'G-226 YELLOW TO GREEN', 0, 76, 0.144, 0, '2022-03-09 03:48:39', '2022-03-09 03:48:39'),
(402, 'G-228 BLUE TO PURPLE', 'KG', 'G-228 BLUE TO PURPLE', 0, 76, 0.08, 0, '2022-03-09 03:49:09', '2022-03-09 03:49:09'),
(403, 'MJ-LV30 GREEN', 'KG', 'MJ-LV30 GREEN', 0, 76, 0.23649, 0, '2022-03-09 03:49:40', '2022-03-09 03:49:40'),
(404, 'MJ-ZG30 PURPLE', 'KG', 'MJ-ZG30 PURPLE', 0, 76, 0.299, 0, '2022-03-09 03:50:31', '2022-03-09 03:50:31'),
(405, 'MJ-CRG30 ORANGE RED', 'KG', 'MJ-CRG30 ORANGE RED', 0, 76, 0.299, 0, '2022-03-09 03:51:03', '2022-03-09 03:51:03'),
(406, 'MJ-TL30 SKY BLUE', 'KG', 'MJ-TL30 SKY BLUE', 0, 76, 0.299, 0, '2022-03-09 03:51:38', '2022-03-09 03:51:38'),
(407, 'MJ-HG31H DEEP RED', 'KG', 'MJ-HG31H DEEP RED', 0, 76, 0.299, 0, '2022-03-09 03:52:11', '2022-03-09 03:52:11'),
(408, 'MJ-ZH30 PURPLE RED', 'KG', 'MJ-ZH30 PURPLE RED', 0, 76, 0.299, 0, '2022-03-09 03:52:51', '2022-03-09 03:52:51'),
(409, 'YL HC-30 26541', 'KG', 'YL HC-30 26541', 0, 76, 0.18821, 0, '2022-03-09 03:53:18', '2022-03-09 03:53:18'),
(410, 'TiO R298', 'KG', 'TiO R298', 0, 76, 450, 0, '2022-03-09 03:53:53', '2022-03-09 03:53:53'),
(411, 'TiO R298 (2)', 'KG', 'TiO R298 (2)', 0, 76, 0.11, 0, '2022-03-09 03:54:41', '2022-04-07 06:32:50'),
(412, 'TiO SR-240', 'KG', 'TIO SR-240', 0, 76, 4875.98, 0, '2022-03-09 03:55:04', '2022-04-08 01:21:52'),
(413, 'FLOURESCENT BLUE FB 805', 'KG', 'FLOURESCENT BLUE FB 805', 0, 76, 0.07442, 0, '2022-03-09 03:55:42', '2022-03-09 03:55:42'),
(414, 'FLOURESCENT PINK FB 503', 'KG', 'FLOURESCENT PINK FB 503', 0, 76, 0.05543, 0, '2022-03-09 03:56:11', '2022-03-09 03:56:11'),
(415, 'ULTRAMARINE BLUE UPL 5125', 'KG', 'ULTRAMARINE BLUE UPL 5125', 0, 76, 24.015, 0, '2022-03-09 03:56:40', '2022-03-09 03:56:40'),
(417, 'FLOURESCENT ORANGE 20', 'KG', 'FLOURESCENT ORANGE 20', 0, 76, 0.04, 0, '2022-03-09 03:58:46', '2022-03-09 03:58:46'),
(418, 'YELLOW HCY 15472', 'KG', 'YELLOW HCY 15472', 0, 76, 18.7, 0, '2022-03-09 03:59:17', '2022-03-09 03:59:17'),
(419, 'CACO3 PFX 15', 'KG', 'CACO3 PFX 15', 0, 61, 5000, 0, '2022-03-16 03:46:17', '2022-03-16 03:46:17'),
(420, 'PARAFINIC OIL', 'KG', 'PARAFINIC OIL', 0, 60, 13800, 0, '2022-03-16 03:48:07', '2022-03-16 03:48:07'),
(421, 'TPR BERSIH XJRM', 'KG', 'TPR BERSIH XJRM', 0, 77, 4956.8, 0, '2022-04-07 06:24:26', '2022-04-07 06:26:15'),
(422, 'SERBUK, DEBU, BUBUK TPR XJR', 'KG', 'SERBUK, DEBU, BUBUK TPR XJR', 0, 77, 886.58, 0, '2022-04-07 06:24:48', '2022-04-07 06:24:48'),
(423, 'BEKUAN TPR XJR', 'KG', 'BEKUAN TPR XJR', 0, 77, 532.56, 0, '2022-04-07 06:25:06', '2022-04-07 06:25:06'),
(424, 'RED 170', 'KG', 'RED 170', 0, 76, 499.99, 0, '2022-04-07 07:24:15', '2022-06-20 07:36:32'),
(426, 'IRGANOX 1076', 'KG', 'IRGANOX 1076', 0, 71, 381.625, 0, '2022-04-12 02:23:41', '2022-04-12 02:23:41'),
(429, 'TESTING RAW', 'KG', 'TESTING RAW', 0, 58, 990, 0, '2022-04-22 06:23:27', '2022-04-22 06:23:27'),
(430, 'TESTING COLOUR', 'KG', 'TESTING COLOUR', 0, 75, 1000, 0, '2022-04-22 06:23:41', '2022-04-22 06:23:41');

-- --------------------------------------------------------

--
-- Table structure for table `materialused`
--

CREATE TABLE `materialused` (
  `id` int(11) NOT NULL,
  `production_number` varchar(255) NOT NULL,
  `id_product` int(11) NOT NULL,
  `id_material` int(11) NOT NULL,
  `qty_material` float NOT NULL,
  `adjustment` float NOT NULL DEFAULT 0,
  `persen_adjust` float NOT NULL DEFAULT 0
) ENGINE=InnoDB DEFAULT CHARSET=latin1;

--
-- Dumping data for table `materialused`
--

INSERT INTO `materialused` (`id`, `production_number`, `id_product`, `id_material`, `qty_material`, `adjustment`, `persen_adjust`) VALUES
(68, 'PRD-000002', 243, 234, 40, 0, 0),
(69, 'PRD-000002', 243, 240, 10, 0, 0),
(70, 'PRD-000002', 243, 241, 4, 0, 0),
(71, 'PRD-000002', 243, 243, 10, 0, 0),
(72, 'PRD-000002', 243, 247, 35.4, 0, 0),
(73, 'PRD-000002', 243, 249, 28, 0, 0),
(74, 'PRD-000002', 243, 253, 30.5, 0, 0),
(75, 'PRD-000002', 243, 262, 6, 0, 0),
(76, 'PRD-000002', 243, 273, 18, 0, 0),
(77, 'PRD-000002', 243, 280, 10, 0, 0),
(78, 'PRD-000002', 243, 282, 4, 0, 0),
(79, 'PRD-000002', 243, 285, 1, 0, 0),
(80, 'PRD-000002', 243, 324, 0.2, 0, 0),
(81, 'PRD-000002', 243, 372, 33.8, 0, 0),
(82, 'PRD-000002', 243, 374, 590, 0, 0),
(83, 'PRD-000002', 243, 375, 19.4, 0, 0),
(84, 'PRD-000002', 243, 412, 380, 0, 0),
(85, 'PRD-000002', 243, 426, 0.2, 0, 0),
(88, 'PRD-000007', 264, 424, 1000, 0, 0),
(89, 'PRD-000007', 264, 429, 10, 0, 0),
(90, 'PRD-000009', 263, 234, 40, 0, 0),
(91, 'PRD-000009', 263, 240, 10, 0, 0),
(92, 'PRD-000009', 263, 241, 6, 0, 0),
(93, 'PRD-000009', 263, 243, 10, 0, 0),
(94, 'PRD-000009', 263, 247, 34.3, 0, 0),
(95, 'PRD-000009', 263, 249, 28, 0, 0),
(96, 'PRD-000009', 263, 253, 39.6, 0, 0),
(97, 'PRD-000009', 263, 273, 17, 0, 0),
(98, 'PRD-000009', 263, 280, 8, 0, 0),
(99, 'PRD-000009', 263, 282, 4, 0, 0),
(100, 'PRD-000009', 263, 324, 0.2, 0, 0),
(101, 'PRD-000009', 263, 372, 212, 0, 0),
(102, 'PRD-000009', 263, 374, 1800, 0, 0),
(103, 'PRD-000009', 263, 375, 140, 0, 0),
(104, 'PRD-000009', 263, 412, 300, 0, 0),
(105, 'PRD-000009', 263, 426, 0.2, 0, 0),
(123, 'PRD-000010', 254, 234, 20, 0, 0),
(124, 'PRD-000010', 254, 240, 5, 0, 0),
(125, 'PRD-000010', 254, 241, 2, 0, 0),
(126, 'PRD-000010', 254, 243, 5, 0, 0),
(127, 'PRD-000010', 254, 247, 17.9, 0, 0),
(128, 'PRD-000010', 254, 249, 14, 0, 0),
(129, 'PRD-000010', 254, 253, 16.55, 0, 0),
(130, 'PRD-000010', 254, 262, 3, 0, 0),
(131, 'PRD-000010', 254, 273, 8, 0, 0),
(132, 'PRD-000010', 254, 280, 5, 0, 0),
(133, 'PRD-000010', 254, 282, 2, 0, 0),
(134, 'PRD-000010', 254, 324, 0.1, 0, 0),
(135, 'PRD-000010', 254, 372, 6, 0, 0),
(136, 'PRD-000010', 254, 374, 240, 0, 0),
(137, 'PRD-000010', 254, 375, 0.7, 0, 0),
(138, 'PRD-000010', 254, 412, 200, 0, 0),
(139, 'PRD-000010', 254, 426, 0.1, 0, 0),
(140, 'PRD-000012', 255, 234, 25, 0, 0),
(141, 'PRD-000012', 255, 240, 6.25, 0, 0),
(142, 'PRD-000012', 255, 241, 2.5, 0, 0),
(143, 'PRD-000012', 255, 243, 8.125, 0, 0),
(144, 'PRD-000012', 255, 247, 20.1875, 0, 0),
(145, 'PRD-000012', 255, 249, 16.25, 0, 0),
(146, 'PRD-000012', 255, 253, 23.5, 0, 0),
(147, 'PRD-000012', 255, 262, 3.75, 0, 0),
(148, 'PRD-000012', 255, 273, 7.5, 0, 0),
(149, 'PRD-000012', 255, 280, 7.5, 0, 0),
(150, 'PRD-000012', 255, 282, 2.5, 0, 0),
(151, 'PRD-000012', 255, 324, 0.125, 0, 0),
(152, 'PRD-000012', 255, 372, 5, 0, 0),
(153, 'PRD-000012', 255, 374, 102.75, 0, 0),
(154, 'PRD-000012', 255, 375, 1.125, 0, 0),
(155, 'PRD-000012', 255, 412, 437.5, 0, 0),
(156, 'PRD-000012', 255, 426, 0.125, 0, 0),
(157, 'PRD-000013', 243, 234, 40, 0, 0),
(158, 'PRD-000013', 243, 240, 10, 0, 0),
(159, 'PRD-000013', 243, 241, 4, 0, 0),
(160, 'PRD-000013', 243, 243, 10, 0, 0),
(161, 'PRD-000013', 243, 247, 35.4, 0, 0),
(162, 'PRD-000013', 243, 249, 28, 0, 0),
(163, 'PRD-000013', 243, 253, 30.5, 0, 0),
(164, 'PRD-000013', 243, 262, 6, 0, 0),
(165, 'PRD-000013', 243, 273, 18, 0, 0),
(166, 'PRD-000013', 243, 280, 10, 0, 0),
(167, 'PRD-000013', 243, 282, 4, 0, 0),
(168, 'PRD-000013', 243, 285, 1, 0, 0),
(169, 'PRD-000013', 243, 324, 0.2, 0, 0),
(170, 'PRD-000013', 243, 372, 33.8, 0, 0),
(171, 'PRD-000013', 243, 374, 590, 0, 0),
(172, 'PRD-000013', 243, 375, 19.4, 0, 0),
(173, 'PRD-000013', 243, 412, 380, 0, 0),
(174, 'PRD-000013', 243, 426, 0.2, 0, 0),
(175, 'PRD-000014', 243, 234, 20, 0, 0),
(176, 'PRD-000014', 243, 240, 5, 0, 0),
(177, 'PRD-000014', 243, 241, 2, 0, 0),
(178, 'PRD-000014', 243, 243, 5, 0, 0),
(179, 'PRD-000014', 243, 247, 17.7, 0, 0),
(180, 'PRD-000014', 243, 249, 14, 0, 0),
(181, 'PRD-000014', 243, 253, 15.25, 0, 0),
(182, 'PRD-000014', 243, 262, 3, 0, 0),
(183, 'PRD-000014', 243, 273, 9, 0, 0),
(184, 'PRD-000014', 243, 280, 5, 0, 0),
(185, 'PRD-000014', 243, 282, 2, 0, 0),
(186, 'PRD-000014', 243, 285, 0.5, 0, 0),
(187, 'PRD-000014', 243, 324, 0.1, 0, 0),
(188, 'PRD-000014', 243, 372, 16.9, 0, 0),
(189, 'PRD-000014', 243, 374, 295, 0, 0),
(190, 'PRD-000014', 243, 375, 9.7, 0, 0),
(191, 'PRD-000014', 243, 412, 190, 0, 0),
(192, 'PRD-000014', 243, 426, 0.1, 0, 0),
(193, 'PRD-000015', 243, 234, 20, 0, 0),
(194, 'PRD-000015', 243, 240, 5, 0, 0),
(195, 'PRD-000015', 243, 241, 2, 0, 0),
(196, 'PRD-000015', 243, 243, 5, 0, 0),
(197, 'PRD-000015', 243, 247, 17.7, 0, 0),
(198, 'PRD-000015', 243, 249, 14, 0, 0),
(199, 'PRD-000015', 243, 253, 15.25, 0, 0),
(200, 'PRD-000015', 243, 262, 3, 0, 0),
(201, 'PRD-000015', 243, 273, 9, 0, 0),
(202, 'PRD-000015', 243, 280, 5, 0, 0),
(203, 'PRD-000015', 243, 282, 2, 0, 0),
(204, 'PRD-000015', 243, 285, 0.5, 0, 0),
(205, 'PRD-000015', 243, 324, 0.1, 0, 0),
(206, 'PRD-000015', 243, 372, 16.9, 0, 0),
(207, 'PRD-000015', 243, 374, 295, 0, 0),
(208, 'PRD-000015', 243, 375, 9.7, 0, 0),
(209, 'PRD-000015', 243, 412, 190, 0, 0),
(210, 'PRD-000015', 243, 426, 0.1, 0, 0),
(211, 'PRD-000015', 243, 234, 20, 0, 0),
(212, 'PRD-000015', 243, 240, 5, 0, 0),
(213, 'PRD-000015', 243, 241, 2, 0, 0),
(214, 'PRD-000015', 243, 243, 5, 0, 0),
(215, 'PRD-000015', 243, 247, 17.7, 0, 0),
(216, 'PRD-000015', 243, 249, 14, 0, 0),
(217, 'PRD-000015', 243, 253, 15.25, 0, 0),
(218, 'PRD-000015', 243, 262, 3, 0, 0),
(219, 'PRD-000015', 243, 273, 9, 0, 0),
(220, 'PRD-000015', 243, 280, 5, 0, 0),
(221, 'PRD-000015', 243, 282, 2, 0, 0),
(222, 'PRD-000015', 243, 285, 0.5, 0, 0),
(223, 'PRD-000015', 243, 324, 0.1, 0, 0),
(224, 'PRD-000015', 243, 372, 16.9, 0, 0),
(225, 'PRD-000015', 243, 374, 295, 0, 0),
(226, 'PRD-000015', 243, 375, 9.7, 0, 0),
(227, 'PRD-000015', 243, 412, 190, 0, 0),
(228, 'PRD-000015', 243, 426, 0.1, 0, 0),
(229, 'PRD-000016', 243, 234, 20, 0, 0),
(230, 'PRD-000016', 243, 240, 5, 0, 0),
(231, 'PRD-000016', 243, 241, 2, 0, 0),
(232, 'PRD-000016', 243, 243, 5, 0, 0),
(233, 'PRD-000016', 243, 247, 17.7, 0, 0),
(234, 'PRD-000016', 243, 249, 14, 0, 0),
(235, 'PRD-000016', 243, 253, 15.25, 0, 0),
(236, 'PRD-000016', 243, 262, 3, 0, 0),
(237, 'PRD-000016', 243, 273, 9, 0, 0),
(238, 'PRD-000016', 243, 280, 5, 0, 0),
(239, 'PRD-000016', 243, 282, 2, 0, 0),
(240, 'PRD-000016', 243, 285, 0.5, 0, 0),
(241, 'PRD-000016', 243, 324, 0.1, 0, 0),
(242, 'PRD-000016', 243, 372, 16.9, 0, 0),
(243, 'PRD-000016', 243, 374, 295, 0, 0),
(244, 'PRD-000016', 243, 375, 9.7, 0, 0),
(245, 'PRD-000016', 243, 412, 190, 0, 0),
(246, 'PRD-000016', 243, 426, 0.1, 0, 0),
(247, 'PRD-000017', 243, 234, 20, 0, 0),
(248, 'PRD-000017', 243, 240, 5, 0, 0),
(249, 'PRD-000017', 243, 241, 2, 0, 0),
(250, 'PRD-000017', 243, 243, 5, 0, 0),
(251, 'PRD-000017', 243, 247, 17.7, 0, 0),
(252, 'PRD-000017', 243, 249, 14, 0, 0),
(253, 'PRD-000017', 243, 253, 15.25, 0, 0),
(254, 'PRD-000017', 243, 262, 3, 0, 0),
(255, 'PRD-000017', 243, 273, 9, 0, 0),
(256, 'PRD-000017', 243, 280, 5, 0, 0),
(257, 'PRD-000017', 243, 282, 2, 0, 0),
(258, 'PRD-000017', 243, 285, 0.5, 0, 0),
(259, 'PRD-000017', 243, 324, 0.1, 0, 0),
(260, 'PRD-000017', 243, 372, 16.9, 0, 0),
(261, 'PRD-000017', 243, 374, 295, 0, 0),
(262, 'PRD-000017', 243, 375, 9.7, 0, 0),
(263, 'PRD-000017', 243, 412, 190, 0, 0),
(264, 'PRD-000017', 243, 426, 0.1, 0, 0),
(265, 'PRD-000018', 243, 234, 20, 0, 0),
(266, 'PRD-000018', 243, 240, 5, 0, 0),
(267, 'PRD-000018', 243, 241, 2, 0, 0),
(268, 'PRD-000018', 243, 243, 5, 0, 0),
(269, 'PRD-000018', 243, 247, 17.7, 0, 0),
(270, 'PRD-000018', 243, 249, 14, 0, 0),
(271, 'PRD-000018', 243, 253, 15.25, 0, 0),
(272, 'PRD-000018', 243, 262, 3, 0, 0),
(273, 'PRD-000018', 243, 273, 9, 0, 0),
(274, 'PRD-000018', 243, 280, 5, 0, 0),
(275, 'PRD-000018', 243, 282, 2, 0, 0),
(276, 'PRD-000018', 243, 285, 0.5, 0, 0),
(277, 'PRD-000018', 243, 324, 0.1, 0, 0),
(278, 'PRD-000018', 243, 372, 16.9, 0, 0),
(279, 'PRD-000018', 243, 374, 295, 0, 0),
(280, 'PRD-000018', 243, 375, 9.7, 0, 0),
(281, 'PRD-000018', 243, 412, 190, 0, 0),
(282, 'PRD-000018', 243, 426, 0.1, 0, 0),
(283, 'PRD-000019', 243, 234, 20, 0, 0),
(284, 'PRD-000019', 243, 240, 5, 0, 0),
(285, 'PRD-000019', 243, 241, 2, 0, 0),
(286, 'PRD-000019', 243, 243, 5, 0, 0),
(287, 'PRD-000019', 243, 247, 17.7, 0, 0),
(288, 'PRD-000019', 243, 249, 14, 0, 0),
(289, 'PRD-000019', 243, 253, 15.25, 0, 0),
(290, 'PRD-000019', 243, 262, 3, 0, 0),
(291, 'PRD-000019', 243, 273, 9, 0, 0),
(292, 'PRD-000019', 243, 280, 5, 0, 0),
(293, 'PRD-000019', 243, 282, 2, 0, 0),
(294, 'PRD-000019', 243, 285, 0.5, 0, 0),
(295, 'PRD-000019', 243, 324, 0.1, 0, 0),
(296, 'PRD-000019', 243, 372, 16.9, 0, 0),
(297, 'PRD-000019', 243, 374, 295, 0, 0),
(298, 'PRD-000019', 243, 375, 9.7, 0, 0),
(299, 'PRD-000019', 243, 412, 190, 0, 0),
(300, 'PRD-000019', 243, 426, 0.1, 0, 0),
(301, 'PRD-000019', 243, 234, 20, 0, 0),
(302, 'PRD-000019', 243, 240, 5, 0, 0),
(303, 'PRD-000019', 243, 241, 2, 0, 0),
(304, 'PRD-000019', 243, 243, 5, 0, 0),
(305, 'PRD-000019', 243, 247, 17.7, 0, 0),
(306, 'PRD-000019', 243, 249, 14, 0, 0),
(307, 'PRD-000019', 243, 253, 15.25, 0, 0),
(308, 'PRD-000019', 243, 262, 3, 0, 0),
(309, 'PRD-000019', 243, 273, 9, 0, 0),
(310, 'PRD-000019', 243, 280, 5, 0, 0),
(311, 'PRD-000019', 243, 282, 2, 0, 0),
(312, 'PRD-000019', 243, 285, 0.5, 0, 0),
(313, 'PRD-000019', 243, 324, 0.1, 0, 0),
(314, 'PRD-000019', 243, 372, 16.9, 0, 0),
(315, 'PRD-000019', 243, 374, 295, 0, 0),
(316, 'PRD-000019', 243, 375, 9.7, 0, 0),
(317, 'PRD-000019', 243, 412, 190, 0, 0),
(318, 'PRD-000019', 243, 426, 0.1, 0, 0),
(319, 'PRD-000020', 243, 234, 20, 0, 0),
(320, 'PRD-000020', 243, 240, 5, 0, 0),
(321, 'PRD-000020', 243, 241, 2, 0, 0),
(322, 'PRD-000020', 243, 243, 5, 0, 0),
(323, 'PRD-000020', 243, 247, 17.7, 0, 0),
(324, 'PRD-000020', 243, 249, 14, 0, 0),
(325, 'PRD-000020', 243, 253, 15.25, 0, 0),
(326, 'PRD-000020', 243, 262, 3, 0, 0),
(327, 'PRD-000020', 243, 273, 9, 0, 0),
(328, 'PRD-000020', 243, 280, 5, 0, 0),
(329, 'PRD-000020', 243, 282, 2, 0, 0),
(330, 'PRD-000020', 243, 285, 0.5, 0, 0),
(331, 'PRD-000020', 243, 324, 0.1, 0, 0),
(332, 'PRD-000020', 243, 372, 16.9, 0, 0),
(333, 'PRD-000020', 243, 374, 295, 0, 0),
(334, 'PRD-000020', 243, 375, 9.7, 0, 0),
(335, 'PRD-000020', 243, 412, 190, 0, 0),
(336, 'PRD-000020', 243, 426, 0.1, 0, 0),
(337, 'PRD-000020', 243, 234, 20, 0, 0),
(338, 'PRD-000020', 243, 240, 5, 0, 0),
(339, 'PRD-000020', 243, 241, 2, 0, 0),
(340, 'PRD-000020', 243, 243, 5, 0, 0),
(341, 'PRD-000020', 243, 247, 17.7, 0, 0),
(342, 'PRD-000020', 243, 249, 14, 0, 0),
(343, 'PRD-000020', 243, 253, 15.25, 0, 0),
(344, 'PRD-000020', 243, 262, 3, 0, 0),
(345, 'PRD-000020', 243, 273, 9, 0, 0),
(346, 'PRD-000020', 243, 280, 5, 0, 0),
(347, 'PRD-000020', 243, 282, 2, 0, 0),
(348, 'PRD-000020', 243, 285, 0.5, 0, 0),
(349, 'PRD-000020', 243, 324, 0.1, 0, 0),
(350, 'PRD-000020', 243, 372, 16.9, 0, 0),
(351, 'PRD-000020', 243, 374, 295, 0, 0),
(352, 'PRD-000020', 243, 375, 9.7, 0, 0),
(353, 'PRD-000020', 243, 412, 190, 0, 0),
(354, 'PRD-000020', 243, 426, 0.1, 0, 0),
(355, 'PRD-000020', 243, 234, 20, 0, 0),
(356, 'PRD-000020', 243, 240, 5, 0, 0),
(357, 'PRD-000020', 243, 241, 2, 0, 0),
(358, 'PRD-000020', 243, 243, 5, 0, 0),
(359, 'PRD-000020', 243, 247, 17.7, 0, 0),
(360, 'PRD-000020', 243, 249, 14, 0, 0),
(361, 'PRD-000020', 243, 253, 15.25, 0, 0),
(362, 'PRD-000020', 243, 262, 3, 0, 0),
(363, 'PRD-000020', 243, 273, 9, 0, 0),
(364, 'PRD-000020', 243, 280, 5, 0, 0),
(365, 'PRD-000020', 243, 282, 2, 0, 0),
(366, 'PRD-000020', 243, 285, 0.5, 0, 0),
(367, 'PRD-000020', 243, 324, 0.1, 0, 0),
(368, 'PRD-000020', 243, 372, 16.9, 0, 0),
(369, 'PRD-000020', 243, 374, 295, 0, 0),
(370, 'PRD-000020', 243, 375, 9.7, 0, 0),
(371, 'PRD-000020', 243, 412, 190, 0, 0),
(372, 'PRD-000020', 243, 426, 0.1, 0, 0),
(373, 'PRD-000021', 252, 234, 110, 0, 0),
(374, 'PRD-000021', 252, 240, 33, 0, 0),
(375, 'PRD-000021', 252, 241, 11, 0, 0),
(376, 'PRD-000021', 252, 243, 35.75, 0, 0),
(377, 'PRD-000021', 252, 247, 102.025, 0, 0),
(378, 'PRD-000021', 252, 252, 71.5, 0, 0),
(379, 'PRD-000021', 252, 273, 129.25, 0, 0),
(380, 'PRD-000021', 252, 280, 38.5, 0, 0),
(381, 'PRD-000021', 252, 282, 11, 0, 0),
(382, 'PRD-000021', 252, 324, 0.55, 0, 0),
(383, 'PRD-000021', 252, 377, 220, 0, 0),
(384, 'PRD-000021', 252, 412, 770, 0, 0),
(385, 'PRD-000021', 252, 415, 13.75, 0, 0),
(386, 'PRD-000022', 255, 234, 25, 0, 0),
(387, 'PRD-000022', 255, 240, 6.25, 0, 0),
(388, 'PRD-000022', 255, 241, 2.5, 0, 0),
(389, 'PRD-000022', 255, 243, 8.125, 0, 0),
(390, 'PRD-000022', 255, 247, 20.1875, 0, 0),
(391, 'PRD-000022', 255, 249, 16.25, 0, 0),
(392, 'PRD-000022', 255, 253, 23.5, 0, 0),
(393, 'PRD-000022', 255, 262, 3.75, 0, 0),
(394, 'PRD-000022', 255, 273, 7.5, 0, 0),
(395, 'PRD-000022', 255, 280, 7.5, 0, 0),
(396, 'PRD-000022', 255, 282, 2.5, 0, 0),
(397, 'PRD-000022', 255, 324, 0.125, 0, 0),
(398, 'PRD-000022', 255, 372, 5, 0, 0),
(399, 'PRD-000022', 255, 374, 102.75, 0, 0),
(400, 'PRD-000022', 255, 375, 1.125, 0, 0),
(401, 'PRD-000022', 255, 412, 437.5, 0, 0),
(402, 'PRD-000022', 255, 426, 0.125, 0, 0),
(403, 'PRD-000023', 243, 234, 40, 0, 0),
(404, 'PRD-000023', 243, 240, 10, 0, 0),
(405, 'PRD-000023', 243, 241, 4, 0, 0),
(406, 'PRD-000023', 243, 243, 10, 0, 0),
(407, 'PRD-000023', 243, 247, 35.4, 0, 0),
(408, 'PRD-000023', 243, 249, 28, 0, 0),
(409, 'PRD-000023', 243, 253, 30.5, 0, 0),
(410, 'PRD-000023', 243, 262, 6, 0, 0),
(411, 'PRD-000023', 243, 273, 18, 0, 0),
(412, 'PRD-000023', 243, 280, 10, 0, 0),
(413, 'PRD-000023', 243, 282, 4, 0, 0),
(414, 'PRD-000023', 243, 285, 1, 0, 0),
(415, 'PRD-000023', 243, 324, 0.2, 0, 0),
(416, 'PRD-000023', 243, 372, 33.8, 0, 0),
(417, 'PRD-000023', 243, 374, 590, 44.25, 0),
(418, 'PRD-000023', 243, 375, 19.4, 0.97, 0),
(419, 'PRD-000023', 243, 412, 380, 114, 0),
(420, 'PRD-000023', 243, 426, 0.2, 0, 0),
(421, 'PRD-000026', 243, 234, 40, 0, 0),
(422, 'PRD-000026', 243, 240, 10, 0, 0),
(423, 'PRD-000026', 243, 241, 4, 0, 0),
(424, 'PRD-000026', 243, 243, 10, 0, 0),
(425, 'PRD-000026', 243, 247, 35.4, 0, 0),
(426, 'PRD-000026', 243, 249, 28, 0, 0),
(427, 'PRD-000026', 243, 253, 30.5, 0, 0),
(428, 'PRD-000026', 243, 262, 6, 0, 0),
(429, 'PRD-000026', 243, 273, 18, 0, 0),
(430, 'PRD-000026', 243, 280, 10, 0, 0),
(431, 'PRD-000026', 243, 282, 4, 0, 0),
(432, 'PRD-000026', 243, 285, 1, 0, 0),
(433, 'PRD-000026', 243, 324, 0.2, 0, 0),
(434, 'PRD-000026', 243, 372, 33.8, 0, 0),
(435, 'PRD-000026', 243, 374, 590, 0, 0),
(436, 'PRD-000026', 243, 375, 19.4, 0, 0),
(437, 'PRD-000026', 243, 412, 380, 0, 0),
(438, 'PRD-000026', 243, 426, 0.2, 0, 0),
(439, 'PRD-000027', 263, 234, 40, 0, 0),
(440, 'PRD-000027', 263, 240, 10, 0, 0),
(441, 'PRD-000027', 263, 241, 6, 0, 0),
(442, 'PRD-000027', 263, 243, 10, 0, 0),
(443, 'PRD-000027', 263, 247, 34.3, 0, 0),
(444, 'PRD-000027', 263, 249, 28, 0, 0),
(445, 'PRD-000027', 263, 253, 39.6, 0, 0),
(446, 'PRD-000027', 263, 273, 17, 0, 0),
(447, 'PRD-000027', 263, 280, 8, 0, 0),
(448, 'PRD-000027', 263, 282, 4, 0, 0),
(449, 'PRD-000027', 263, 324, 0.2, 0, 0),
(450, 'PRD-000027', 263, 372, 212, 0, 0),
(451, 'PRD-000027', 263, 374, 1800, 0, 0),
(452, 'PRD-000027', 263, 375, 140, 0, 0),
(453, 'PRD-000027', 263, 412, 300, 0, 0),
(454, 'PRD-000027', 263, 426, 0.2, 0, 0),
(455, 'PRD-000028', 254, 234, 20, 0, 0),
(456, 'PRD-000028', 254, 240, 5, 0, 0),
(457, 'PRD-000028', 254, 241, 2, 0, 0),
(458, 'PRD-000028', 254, 243, 5, 0, 0),
(459, 'PRD-000028', 254, 247, 17.9, 0, 0),
(460, 'PRD-000028', 254, 249, 14, 0, 0),
(461, 'PRD-000028', 254, 253, 16.55, 0, 0),
(462, 'PRD-000028', 254, 262, 3, 0, 0),
(463, 'PRD-000028', 254, 273, 8, 0, 0),
(464, 'PRD-000028', 254, 280, 5, 0, 0),
(465, 'PRD-000028', 254, 282, 2, 0, 0),
(466, 'PRD-000028', 254, 324, 0.1, 0, 0),
(467, 'PRD-000028', 254, 372, 6, 0, 0),
(468, 'PRD-000028', 254, 374, 240, 0, 0),
(469, 'PRD-000028', 254, 375, 0.7, 0, 0),
(470, 'PRD-000028', 254, 412, 200, 0, 0),
(471, 'PRD-000028', 254, 426, 0.1, 0, 0),
(472, 'PRD-000029', 255, 234, 25, 0, 0),
(473, 'PRD-000029', 255, 240, 6.25, 0, 0),
(474, 'PRD-000029', 255, 241, 2.5, 0, 0),
(475, 'PRD-000029', 255, 243, 8.125, 0, 0),
(476, 'PRD-000029', 255, 247, 20.1875, 0, 0),
(477, 'PRD-000029', 255, 249, 16.25, 0, 0),
(478, 'PRD-000029', 255, 253, 23.5, 0, 0),
(479, 'PRD-000029', 255, 262, 3.75, 0, 0),
(480, 'PRD-000029', 255, 273, 7.5, 0, 0),
(481, 'PRD-000029', 255, 280, 7.5, 0, 0),
(482, 'PRD-000029', 255, 282, 2.5, 0, 0),
(483, 'PRD-000029', 255, 324, 0.125, 0, 0),
(484, 'PRD-000029', 255, 372, 5, 0, 0),
(485, 'PRD-000029', 255, 374, 102.75, 0, 0),
(486, 'PRD-000029', 255, 375, 1.125, 0, 0),
(487, 'PRD-000029', 255, 412, 437.5, 0, 0),
(488, 'PRD-000029', 255, 426, 0.125, 0, 0),
(585, 'PRD-000030', 263, 234, 25, 0, 0),
(586, 'PRD-000030', 263, 240, 6.25, 0, 0),
(587, 'PRD-000030', 263, 241, 3.75, 0, 0),
(588, 'PRD-000030', 263, 243, 6.25, 0, 0),
(589, 'PRD-000030', 263, 247, 21.4375, 0, 0),
(590, 'PRD-000030', 263, 249, 17.5, 0, 0),
(591, 'PRD-000030', 263, 253, 24.75, 0, 0),
(592, 'PRD-000030', 263, 273, 10.625, 0, 0),
(593, 'PRD-000030', 263, 280, 5, 0, 0),
(594, 'PRD-000030', 263, 282, 2.5, 0, 0),
(595, 'PRD-000030', 263, 324, 0.125, 0, 0),
(596, 'PRD-000030', 263, 372, 0.104569, 0, 0),
(597, 'PRD-000030', 263, 374, 0.88785, 0, 0),
(598, 'PRD-000030', 263, 375, 0.069055, 0, 0),
(599, 'PRD-000030', 263, 412, 0.147975, 0, 0),
(600, 'PRD-000030', 263, 426, 0.125, 0, 0),
(601, 'PRD-000037', 263, 234, 40, 0, 0),
(602, 'PRD-000037', 263, 240, 10, 0, 0),
(603, 'PRD-000037', 263, 241, 6, 0, 0),
(604, 'PRD-000037', 263, 243, 10, 0, 0),
(605, 'PRD-000037', 263, 247, 34.3, 0, 0),
(606, 'PRD-000037', 263, 249, 28, 0, 0),
(607, 'PRD-000037', 263, 253, 39.6, 0, 0),
(608, 'PRD-000037', 263, 273, 17, 0, 0),
(609, 'PRD-000037', 263, 280, 8, 0, 0),
(610, 'PRD-000037', 263, 282, 4, 0, 0),
(611, 'PRD-000037', 263, 324, 0.2, 0, 0),
(612, 'PRD-000037', 263, 372, 0.209138, 0, 0),
(613, 'PRD-000037', 263, 374, 1.7757, 0, 0),
(614, 'PRD-000037', 263, 375, 0.13811, 0, 0),
(615, 'PRD-000037', 263, 412, 0.29595, 0, 0),
(616, 'PRD-000037', 263, 426, 0.2, 0, 0),
(778, 'PRD-000052', 272, 234, 40, 0, 0),
(779, 'PRD-000052', 272, 240, 10, 0, 0),
(780, 'PRD-000052', 272, 241, 6, 0, 0),
(781, 'PRD-000052', 272, 243, 10, 0, 0),
(782, 'PRD-000052', 272, 247, 34.3, 0, 0),
(783, 'PRD-000052', 272, 249, 28, 0, 0),
(784, 'PRD-000052', 272, 253, 39.6, 0, 0),
(785, 'PRD-000052', 272, 273, 17, 0, 0),
(786, 'PRD-000052', 272, 280, 8, 0, 0),
(787, 'PRD-000052', 272, 282, 4, 0, 0),
(788, 'PRD-000052', 272, 324, 0.2, 0, 0),
(789, 'PRD-000052', 272, 372, 0.2091, 0, 0),
(790, 'PRD-000052', 272, 374, 1.7757, 0.399532, 0),
(791, 'PRD-000052', 272, 375, 0.1381, 0.0172625, 0),
(792, 'PRD-000052', 272, 412, 0.296, 0.0222, 0),
(793, 'PRD-000052', 272, 426, 0.2, 0, 0),
(794, 'PRD-000054', 273, 241, 90, 0, 0),
(795, 'PRD-000054', 273, 247, 60, 0, 0),
(876, 'PRD-000059', 278, 234, 40, 0, 0),
(877, 'PRD-000059', 278, 240, 10, 0, 0),
(878, 'PRD-000059', 278, 241, 4, 0, 0),
(879, 'PRD-000059', 278, 243, 10, 0, 0),
(880, 'PRD-000059', 278, 247, 35.4, 0, 0),
(881, 'PRD-000059', 278, 249, 28, 0, 0),
(882, 'PRD-000059', 278, 253, 30.5, 0, 0),
(883, 'PRD-000059', 278, 262, 6, 0, 0),
(884, 'PRD-000059', 278, 273, 18, 0, 0),
(885, 'PRD-000059', 278, 280, 10, 0, 0),
(886, 'PRD-000059', 278, 282, 4, 0, 0),
(887, 'PRD-000059', 278, 285, 1, 0, 0),
(888, 'PRD-000059', 278, 324, 0.2, 0, 0),
(889, 'PRD-000059', 278, 372, 0.0333, 0, 0),
(890, 'PRD-000059', 278, 374, 0.582, 0.04365, 0),
(891, 'PRD-000059', 278, 375, 0.0191, 0.000955, 0),
(892, 'PRD-000059', 278, 412, 0.3749, 0.11247, 0),
(893, 'PRD-000059', 278, 426, 0.2, 0, 0),
(945, 'PRD-000063', 276, 233, 130, 0, 0),
(946, 'PRD-000063', 276, 235, 50, 0, 0),
(947, 'PRD-000063', 276, 241, 20, 0, 0),
(948, 'PRD-000063', 276, 243, 32.4, 0, 0),
(949, 'PRD-000063', 276, 247, 36, 11.63, 0),
(950, 'PRD-000063', 276, 250, 40, 0, 0),
(951, 'PRD-000063', 276, 256, 16, 0, 0),
(952, 'PRD-000063', 276, 273, 26, 0, 0),
(953, 'PRD-000063', 276, 282, 31.8, 0, 0),
(954, 'PRD-000063', 276, 285, 2, 0, 0),
(955, 'PRD-000063', 276, 324, 0.4, 0, 0),
(956, 'PRD-000063', 276, 325, 6.97, 0, 0),
(957, 'PRD-000063', 276, 328, 4.65, 0, 0),
(958, 'PRD-000063', 276, 375, 2.4724, 0, 0),
(959, 'PRD-000063', 276, 376, 2.8845, 0, 0),
(960, 'PRD-000001', 271, 234, 20, 0, 0),
(961, 'PRD-000001', 271, 240, 5, 0, 0),
(962, 'PRD-000001', 271, 241, 2, 0, 0),
(963, 'PRD-000001', 271, 243, 6.5, 0, 0),
(964, 'PRD-000001', 271, 247, 15.15, 0, 0),
(965, 'PRD-000001', 271, 249, 13, 0, 0),
(966, 'PRD-000001', 271, 253, 19.8, 0, 0),
(967, 'PRD-000001', 271, 262, 3, 0, 0),
(968, 'PRD-000001', 271, 273, 6, 0, 0),
(969, 'PRD-000001', 271, 280, 6, 0, 0),
(970, 'PRD-000001', 271, 282, 2, 0, 0),
(971, 'PRD-000001', 271, 324, 0.1, 0, 0),
(972, 'PRD-000001', 271, 372, 0.0039, 0.0012675, 0),
(973, 'PRD-000001', 271, 374, 0.0811, 0.01622, 0),
(974, 'PRD-000001', 271, 375, 0.0009, 0.00009, 0),
(975, 'PRD-000001', 271, 412, 0.3453, 0.06906, 0),
(976, 'PRD-000001', 271, 426, 0.1, 0, 0),
(977, 'PRD-000068', 280, 234, 20, 0, 0),
(978, 'PRD-000068', 280, 240, 5, 0, 0),
(979, 'PRD-000068', 280, 241, 2, 0, 0),
(980, 'PRD-000068', 280, 242, 5, 0, 0),
(981, 'PRD-000068', 280, 247, 17.9, 0, 0),
(982, 'PRD-000068', 280, 249, 14, 0, 0),
(983, 'PRD-000068', 280, 253, 16.55, 0, 0),
(984, 'PRD-000068', 280, 262, 3, 0, 0),
(985, 'PRD-000068', 280, 273, 8, 2.25, 0),
(986, 'PRD-000068', 280, 280, 5, 0, 0),
(987, 'PRD-000068', 280, 282, 2, 0, 0),
(988, 'PRD-000068', 280, 324, 0.1, 0, 0),
(989, 'PRD-000068', 280, 372, 0.0059, 0.0013275, 0),
(990, 'PRD-000068', 280, 374, 0.2368, 0.1776, 0),
(991, 'PRD-000068', 280, 375, 0.0007, 0.0007, 0),
(992, 'PRD-000068', 280, 412, 0.1973, 0.029595, 0),
(993, 'PRD-000068', 280, 426, 0.1, 0, 0),
(1007, 'PRD-000069', 281, 233, 100, 0, 0),
(1008, 'PRD-000069', 281, 234, 115, 0, 0),
(1009, 'PRD-000069', 281, 240, 115, 0, 0),
(1010, 'PRD-000069', 281, 241, 25, 0, 0),
(1011, 'PRD-000069', 281, 243, 91, 0, 0),
(1012, 'PRD-000069', 281, 247, 133.5, 0, 0),
(1013, 'PRD-000069', 281, 252, 130, 0, 0),
(1014, 'PRD-000069', 281, 271, 215, 0, 0),
(1015, 'PRD-000069', 281, 280, 60, 0, 0),
(1016, 'PRD-000069', 281, 282, 30, 0, 0),
(1017, 'PRD-000069', 281, 285, 5, 0, 0),
(1018, 'PRD-000069', 281, 324, 1, 0, 0),
(1019, 'PRD-000069', 281, 330, 0.005, 0, 0),
(1020, 'PRD-000071', 284, 235, 0.15, 0, 0),
(1021, 'PRD-000071', 284, 238, 0.25, 0, 0),
(1022, 'PRD-000071', 284, 244, 1.1, 0, 0);

--
-- Triggers `materialused`
--
DELIMITER $$
CREATE TRIGGER `afterdeletematerial` AFTER DELETE ON `materialused` FOR EACH ROW BEGIN


DECLARE kategori_material INT DEFAULT 0;

SET kategori_material = (SELECT kategori FROM materials WHERE id = OLD.id_material);

IF (kategori_material = 76) THEN
	
UPDATE materials SET stoK = stok + OLD.qty_material /100000  WHERE id = OLD.id_material; 

ELSE
	
UPDATE materials SET stoK = stok + OLD.qty_material WHERE id = OLD.id_material; 
 
END IF;

END
$$
DELIMITER ;
DELIMITER $$
CREATE TRIGGER `afterinsertmaterial` AFTER INSERT ON `materialused` FOR EACH ROW BEGIN

UPDATE materials SET stoK = stoK - NEW.qty_material WHERE id = NEW.id_material; 

END
$$
DELIMITER ;

-- --------------------------------------------------------

--
-- Table structure for table `material_adjustment`
--

CREATE TABLE `material_adjustment` (
  `id` int(11) NOT NULL,
  `prod_number` varchar(50) NOT NULL,
  `id_material` int(11) NOT NULL,
  `qty_adjust` float NOT NULL,
  `idbatch` int(11) NOT NULL,
  `persen` int(11) NOT NULL
) ENGINE=MyISAM DEFAULT CHARSET=latin1;

--
-- Dumping data for table `material_adjustment`
--

INSERT INTO `material_adjustment` (`id`, `prod_number`, `id_material`, `qty_adjust`, `idbatch`, `persen`) VALUES
(1, 'PRD-000023', 374, 44.25, 50, 15),
(2, 'PRD-000023', 375, 0.97, 50, 10),
(3, 'PRD-000023', 412, 114, 50, 60),
(4, 'PRD-000059', 374, 0.04365, 121, 15),
(5, 'PRD-000059', 375, 0.000955, 121, 10),
(6, 'PRD-000059', 412, 0.11247, 121, 60),
(7, 'PRD-000055', 247, 11.63, 116, 0),
(8, 'PRD-000063', 247, 11.63, 128, 0),
(14, 'PRD-000052', 412, 0.0222, 99, 15),
(13, 'PRD-000052', 375, 0.0172625, 99, 25),
(12, 'PRD-000052', 374, 0.399532, 99, 45),
(15, 'PRD-000001', 372, 0.0012675, 129, 33),
(16, 'PRD-000001', 374, 0.01622, 129, 20),
(17, 'PRD-000001', 375, 0.00009, 129, 10),
(18, 'PRD-000001', 412, 0.06906, 129, 20),
(19, 'PRD-000068', 273, 2.25, 130, 0),
(20, 'PRD-000068', 372, 0.0013275, 130, 23),
(21, 'PRD-000068', 374, 0.1776, 130, 75),
(22, 'PRD-000068', 375, 0.0007, 130, 100),
(23, 'PRD-000068', 412, 0.029595, 130, 15);

--
-- Triggers `material_adjustment`
--
DELIMITER $$
CREATE TRIGGER `hapus_adjust` AFTER DELETE ON `material_adjustment` FOR EACH ROW BEGIN
	UPDATE materials SET stok = stok + OLD.qty_adjust
    WHERE id = OLD.id_material; 
    
    UPDATE materialused SET adjustment = adjustment - OLD.qty_adjust
    WHERE id_material = OLD.id_material AND production_number = OLD.prod_number;

END
$$
DELIMITER ;
DELIMITER $$
CREATE TRIGGER `tambah_adjust` AFTER INSERT ON `material_adjustment` FOR EACH ROW BEGIN
	UPDATE materials SET stok = stok - NEW.qty_adjust
    WHERE id = NEW.id_material; 
    
    UPDATE materialused SET adjustment = adjustment + NEW.qty_adjust
    WHERE id_material = NEW.id_material AND production_number = NEW.prod_number;

END
$$
DELIMITER ;

-- --------------------------------------------------------

--
-- Table structure for table `migrations`
--

CREATE TABLE `migrations` (
  `id` int(10) UNSIGNED NOT NULL,
  `migration` varchar(255) COLLATE utf8mb4_unicode_ci NOT NULL,
  `batch` int(11) NOT NULL
) ENGINE=InnoDB DEFAULT CHARSET=utf8mb4 COLLATE=utf8mb4_unicode_ci;

--
-- Dumping data for table `migrations`
--

INSERT INTO `migrations` (`id`, `migration`, `batch`) VALUES
(1, '2019_06_24_155233_create_table_customers', 1),
(2, '2019_06_24_193043_create_table_job', 2),
(3, '2019_06_25_120708_create_table_biaya', 3),
(4, '2019_06_26_135907_create_table_service', 4),
(5, '2019_06_26_192242_create_table_goods', 5),
(6, '2019_06_26_212135_create_table_unit', 6),
(7, '2019_06_27_012155_create_table_expenses', 7),
(8, '2019_07_05_223514_create_table_transaksi', 8),
(9, '2019_07_08_051841_create_table_posting', 9),
(10, '2019_07_14_105938_create_table_kategori', 10),
(11, '2019_07_14_144937_create_table_supplier', 11),
(12, '2019_07_14_232839_create_table_purchase', 12),
(13, '2019_07_14_232954_create_table_purchase_detail', 12),
(14, '2019_07_14_234152_create_table_tmp_purchase', 12),
(15, '2019_07_14_234417_create_table_purchase_detail', 13),
(16, '2019_07_17_115119_create_table_profil', 14),
(17, '2019_07_18_111342_create_table_tterima', 15),
(18, '2019_07_19_192651_create_table_service', 16),
(19, '2019_07_19_193425_create_table_tmp_service', 17),
(20, '2019_07_19_193909_create_table_service_job', 17),
(21, '2019_07_19_194239_create_table_service_good', 18),
(22, '2019_07_31_042950_create_table_stock', 19),
(23, '2019_08_08_045003_create_table_payment_debt', 20),
(24, '2019_08_10_150458_create_table_custpay', 21),
(25, '2019_08_11_083721_create_table_sales', 22),
(26, '2019_08_11_083810_create_table_tmpsales', 22),
(27, '2019_08_11_083856_create_table_sales_item', 22),
(28, '2019_08_13_110955_create_table_salespay', 23),
(29, '2019_08_15_095551_create_table_quotes', 24),
(30, '2019_08_15_095705_create_table_quote_tmp', 24),
(31, '2019_08_15_095720_create_table_quote_item', 24),
(32, '2019_08_31_190657_create_table_cash', 25),
(33, '2019_09_01_114335_create_table_cash_flow', 26);

-- --------------------------------------------------------

--
-- Table structure for table `productions`
--

CREATE TABLE `productions` (
  `id` int(10) UNSIGNED NOT NULL,
  `production_number` varchar(255) COLLATE utf8mb4_unicode_ci NOT NULL,
  `description` varchar(255) COLLATE utf8mb4_unicode_ci NOT NULL,
  `user_id` varchar(255) COLLATE utf8mb4_unicode_ci NOT NULL,
  `total` int(11) NOT NULL DEFAULT 0,
  `status` int(11) NOT NULL DEFAULT 0,
  `batch` int(11) NOT NULL,
  `created_at` timestamp NULL DEFAULT NULL,
  `updated_at` timestamp NULL DEFAULT NULL,
  `id_customer` int(11) NOT NULL,
  `grade` varchar(255) COLLATE utf8mb4_unicode_ci NOT NULL,
  `colour` varchar(255) COLLATE utf8mb4_unicode_ci NOT NULL,
  `hardness` varchar(255) COLLATE utf8mb4_unicode_ci NOT NULL
) ENGINE=InnoDB DEFAULT CHARSET=utf8mb4 COLLATE=utf8mb4_unicode_ci;

--
-- Dumping data for table `productions`
--

INSERT INTO `productions` (`id`, `production_number`, `description`, `user_id`, `total`, `status`, `batch`, `created_at`, `updated_at`, `id_customer`, `grade`, `colour`, `hardness`) VALUES
(53, 'PRD-000052', '7417', '23', 0, 0, 1, '2022-07-05 08:18:11', '2022-07-05 08:18:11', 1258, 'M.8', 'L/ BROWN 1233', '60'),
(54, 'PRD-000054', '3411 + OIL 110', '23', 0, 0, 1, '2022-07-06 06:38:11', '2022-07-06 06:38:11', 1259, '3411', '+', 'OIL 110'),
(62, 'PRD-000059', '7415', '23', 0, 0, 1, '2022-07-07 04:08:29', '2022-07-07 04:08:29', 1258, 'M.8', 'L/ BROWN 1223', '55'),
(66, 'PRD-000063', '7401', '23', 0, 0, 1, '2022-07-12 03:10:33', '2022-07-12 03:10:33', 1258, 'TC.260', 'BLACK D', '70'),
(67, 'PRD-000001', '7420', '23', 0, 0, 1, '2022-07-12 03:13:24', '2022-07-12 03:13:24', 1256, 'M.8', 'CREAM 1402', '57'),
(68, 'PRD-000068', '7418', '23', 0, 0, 1, '2022-07-12 03:45:41', '2022-07-12 03:45:41', 1258, 'M.8', 'YELLOW 1038', '55'),
(70, 'PRD-000069', '7389', '23', 0, 0, 1, '2022-07-12 04:22:47', '2022-07-12 04:22:47', 1258, 'M.20', 'WHITE 0101 D', '65'),
(71, 'PRD-000071', 'contoh3', '23', 15000, 0, 1, '2022-08-28 02:07:15', '2022-08-28 02:07:15', 1252, 'ori', 'merah', 'tes');

-- --------------------------------------------------------

--
-- Table structure for table `production_batch`
--

CREATE TABLE `production_batch` (
  `id` int(10) UNSIGNED NOT NULL,
  `production_number` varchar(255) COLLATE utf8mb4_unicode_ci NOT NULL,
  `item_cd` int(11) NOT NULL,
  `quantity` int(11) NOT NULL DEFAULT 0,
  `item_unit` varchar(255) COLLATE utf8mb4_unicode_ci NOT NULL,
  `item_price` int(11) NOT NULL,
  `item_total` int(11) NOT NULL,
  `created_at` timestamp NULL DEFAULT current_timestamp(),
  `updated_at` timestamp NULL DEFAULT NULL,
  `batch` int(11) NOT NULL,
  `antrian` int(11) NOT NULL
) ENGINE=InnoDB DEFAULT CHARSET=utf8mb4 COLLATE=utf8mb4_unicode_ci;

--
-- Dumping data for table `production_batch`
--

INSERT INTO `production_batch` (`id`, `production_number`, `item_cd`, `quantity`, `item_unit`, `item_price`, `item_total`, `created_at`, `updated_at`, `batch`, `antrian`) VALUES
(98, 'PRD-000052', 272, 100, 'KG', 0, 0, '2022-07-05 08:18:12', NULL, 1, 2),
(99, 'PRD-000052', 272, 100, 'KG', 0, 0, '2022-07-05 08:18:12', NULL, 1, 3),
(100, 'PRD-000054', 273, 100, 'KG', 0, 0, '2022-07-06 06:38:11', NULL, 1, 4),
(120, 'PRD-000059', 278, 100, 'KG', 0, 0, '2022-07-07 04:08:29', NULL, 1, 9),
(121, 'PRD-000059', 278, 100, 'KG', 0, 0, '2022-07-07 04:08:29', NULL, 1, 10),
(125, 'PRD-000063', 276, 100, 'KG', 0, 0, '2022-07-12 03:10:33', NULL, 1, 11),
(126, 'PRD-000063', 276, 100, 'KG', 0, 0, '2022-07-12 03:10:33', NULL, 1, 12),
(127, 'PRD-000063', 276, 100, 'KG', 0, 0, '2022-07-12 03:10:33', NULL, 1, 13),
(128, 'PRD-000063', 276, 100, 'KG', 0, 0, '2022-07-12 03:10:33', NULL, 1, 14),
(129, 'PRD-000001', 271, 100, 'KG', 0, 0, '2022-07-12 03:13:25', NULL, 1, 15),
(130, 'PRD-000068', 280, 100, 'KG', 0, 0, '2022-07-12 03:45:41', NULL, 1, 16),
(141, 'PRD-000069', 281, 100, 'KG', 0, 0, '2022-07-12 04:22:47', NULL, 1, 17),
(142, 'PRD-000069', 281, 100, 'KG', 0, 0, '2022-07-12 04:22:47', NULL, 1, 18),
(143, 'PRD-000069', 281, 100, 'KG', 0, 0, '2022-07-12 04:22:47', NULL, 1, 19),
(144, 'PRD-000069', 281, 100, 'KG', 0, 0, '2022-07-12 04:22:47', NULL, 1, 20),
(145, 'PRD-000069', 281, 100, 'KG', 0, 0, '2022-07-12 04:22:47', NULL, 1, 21),
(146, 'PRD-000069', 281, 100, 'KG', 0, 0, '2022-07-12 04:22:47', NULL, 1, 22),
(147, 'PRD-000069', 281, 100, 'KG', 0, 0, '2022-07-12 04:22:47', NULL, 1, 23),
(148, 'PRD-000069', 281, 100, 'KG', 0, 0, '2022-07-12 04:22:47', NULL, 1, 24),
(149, 'PRD-000069', 281, 100, 'KG', 0, 0, '2022-07-12 04:22:47', NULL, 1, 25),
(150, 'PRD-000069', 281, 100, 'KG', 0, 0, '2022-07-12 04:22:48', NULL, 1, 26),
(151, 'PRD-000071', 284, 5, 'GRAM', 3000, 15000, '2022-08-28 02:07:15', NULL, 1, 27);

-- --------------------------------------------------------

--
-- Table structure for table `production_details`
--

CREATE TABLE `production_details` (
  `id` int(10) UNSIGNED NOT NULL,
  `production_number` varchar(255) COLLATE utf8mb4_unicode_ci NOT NULL,
  `item_cd` int(11) NOT NULL,
  `quantity` int(11) NOT NULL DEFAULT 0,
  `item_unit` varchar(255) COLLATE utf8mb4_unicode_ci NOT NULL,
  `item_price` int(11) NOT NULL,
  `item_total` int(11) NOT NULL,
  `created_at` timestamp NULL DEFAULT NULL,
  `updated_at` timestamp NULL DEFAULT NULL
) ENGINE=InnoDB DEFAULT CHARSET=utf8mb4 COLLATE=utf8mb4_unicode_ci;

--
-- Dumping data for table `production_details`
--

INSERT INTO `production_details` (`id`, `production_number`, `item_cd`, `quantity`, `item_unit`, `item_price`, `item_total`, `created_at`, `updated_at`) VALUES
(51, 'PRD-000052', 272, 200, 'KG', 0, 0, '2022-07-05 08:18:12', NULL),
(52, 'PRD-000054', 273, 100, 'KG', 0, 0, '2022-07-06 06:38:11', NULL),
(60, 'PRD-000059', 278, 200, 'KG', 0, 0, '2022-07-07 04:08:29', NULL),
(64, 'PRD-000063', 276, 400, 'KG', 0, 0, '2022-07-12 03:10:33', NULL),
(65, 'PRD-000001', 271, 100, 'KG', 0, 0, '2022-07-12 03:13:25', NULL),
(66, 'PRD-000068', 280, 100, 'KG', 0, 0, '2022-07-12 03:45:41', NULL),
(68, 'PRD-000069', 281, 1000, 'KG', 0, 0, '2022-07-12 04:22:47', NULL),
(69, 'PRD-000071', 284, 5, 'GRAM', 3000, 15000, '2022-08-28 02:07:15', NULL);

--
-- Triggers `production_details`
--
DELIMITER $$
CREATE TRIGGER `afterdeleteproduction` AFTER DELETE ON `production_details` FOR EACH ROW BEGIN

UPDATE goods SET stok = stok - OLD.quantity WHERE id = OLD.item_cd;

END
$$
DELIMITER ;
DELIMITER $$
CREATE TRIGGER `afterinsertproduction` AFTER INSERT ON `production_details` FOR EACH ROW BEGIN

UPDATE goods SET stok = stok + NEW.quantity WHERE id = NEW.item_cd;

END
$$
DELIMITER ;

-- --------------------------------------------------------

--
-- Table structure for table `production_tmp`
--

CREATE TABLE `production_tmp` (
  `id` int(10) UNSIGNED NOT NULL,
  `item_cd` int(11) NOT NULL,
  `item_unit` varchar(255) COLLATE utf8mb4_unicode_ci NOT NULL,
  `item_price` int(11) NOT NULL,
  `quantity` int(11) NOT NULL,
  `item_total` int(11) NOT NULL,
  `created_at` timestamp NULL DEFAULT NULL,
  `updated_at` timestamp NULL DEFAULT NULL
) ENGINE=InnoDB DEFAULT CHARSET=utf8mb4 COLLATE=utf8mb4_unicode_ci;

-- --------------------------------------------------------

--
-- Table structure for table `profils`
--

CREATE TABLE `profils` (
  `id` int(10) UNSIGNED NOT NULL,
  `company_name` varchar(255) COLLATE utf8mb4_unicode_ci NOT NULL,
  `company_address` text COLLATE utf8mb4_unicode_ci NOT NULL,
  `company_title` varchar(255) COLLATE utf8mb4_unicode_ci NOT NULL,
  `owner_name` varchar(255) COLLATE utf8mb4_unicode_ci NOT NULL,
  `owner_phone` varchar(255) COLLATE utf8mb4_unicode_ci NOT NULL,
  `fax` varchar(50) COLLATE utf8mb4_unicode_ci DEFAULT NULL,
  `email` varchar(50) COLLATE utf8mb4_unicode_ci DEFAULT NULL,
  `bank` varchar(50) COLLATE utf8mb4_unicode_ci DEFAULT NULL,
  `kcp` varchar(50) COLLATE utf8mb4_unicode_ci DEFAULT NULL,
  `norek` varchar(50) COLLATE utf8mb4_unicode_ci DEFAULT NULL,
  `created_at` timestamp NULL DEFAULT NULL,
  `updated_at` timestamp NULL DEFAULT NULL
) ENGINE=InnoDB DEFAULT CHARSET=utf8mb4 COLLATE=utf8mb4_unicode_ci;

--
-- Dumping data for table `profils`
--

INSERT INTO `profils` (`id`, `company_name`, `company_address`, `company_title`, `owner_name`, `owner_phone`, `fax`, `email`, `bank`, `kcp`, `norek`, `created_at`, `updated_at`) VALUES
(1, 'PT. SSB Logistics', 'Jl. Jeparis no 52/62', 'Shoes Development and Creation', 'Ahmad Taufiq', '085262480077', NULL, 'teknik.saudara@yahoo.com', 'Mandiri', 'Ahmad yani', '1060005421469', '2019-07-17 04:54:02', '2019-07-17 04:54:04');

-- --------------------------------------------------------

--
-- Table structure for table `purchases`
--

CREATE TABLE `purchases` (
  `id` int(10) UNSIGNED NOT NULL,
  `invoice` varchar(255) COLLATE utf8mb4_unicode_ci NOT NULL,
  `supplier_id` int(11) NOT NULL,
  `description` varchar(255) COLLATE utf8mb4_unicode_ci NOT NULL,
  `user_id` varchar(255) COLLATE utf8mb4_unicode_ci NOT NULL,
  `total` int(11) NOT NULL DEFAULT 0,
  `status` int(11) NOT NULL DEFAULT 0,
  `tipe` int(11) NOT NULL DEFAULT 0,
  `pembayaran` int(11) NOT NULL DEFAULT 0,
  `sisa` int(11) DEFAULT 0,
  `dp` int(11) DEFAULT 0,
  `due` timestamp NULL DEFAULT NULL,
  `hari` int(11) DEFAULT NULL,
  `created_at` timestamp NULL DEFAULT NULL,
  `updated_at` timestamp NULL DEFAULT NULL
) ENGINE=InnoDB DEFAULT CHARSET=utf8mb4 COLLATE=utf8mb4_unicode_ci;

--
-- Dumping data for table `purchases`
--

INSERT INTO `purchases` (`id`, `invoice`, `supplier_id`, `description`, `user_id`, `total`, `status`, `tipe`, `pembayaran`, `sisa`, `dp`, `due`, `hari`, `created_at`, `updated_at`) VALUES
(141, 'PCH-000001', 45, 'TPE', '23', 0, 1, 1, 0, 0, 0, NULL, NULL, '2022-06-30 06:30:17', '2022-06-30 06:30:17'),
(142, 'PCH-000142', 45, 'TPE COMBINE', '23', 0, 0, 1, 0, 0, 0, NULL, NULL, '2022-06-30 06:34:20', '2022-06-30 06:34:20'),
(143, 'PCH-000143', 45, 'OIL', '23', 0, 0, 1, 0, 0, 0, NULL, NULL, '2022-06-30 06:40:19', '2022-06-30 06:40:19'),
(144, 'PCH-000144', 45, 'KALSIUM', '23', 0, 0, 1, 0, 0, 0, NULL, NULL, '2022-06-30 06:41:50', '2022-06-30 06:41:50'),
(145, 'PCH-000145', 45, 'PLASTICIZER (HIPS)', '23', 0, 0, 1, 0, 0, 0, NULL, NULL, '2022-06-30 06:49:35', '2022-06-30 06:49:35'),
(146, 'PCH-000146', 45, 'PLASTICIZER (GPPS)', '23', 0, 0, 1, 0, 0, 0, NULL, NULL, '2022-06-30 06:52:14', '2022-06-30 06:52:14'),
(147, 'PCH-000147', 45, 'K RESIN', '23', 0, 0, 1, 0, 0, 0, NULL, NULL, '2022-06-30 06:53:48', '2022-06-30 06:53:48'),
(148, 'PCH-000148', 45, 'EVA', '23', 0, 0, 1, 0, 0, 0, NULL, NULL, '2022-06-30 06:54:45', '2022-06-30 06:54:45'),
(149, 'PCH-000149', 45, 'GILINGAN (TPR)', '23', 0, 0, 1, 0, 0, 0, NULL, NULL, '2022-06-30 06:57:35', '2022-06-30 06:57:35'),
(150, 'PCH-000150', 45, 'GILINGAN (GILINGAN SBS)', '23', 0, 0, 1, 0, 0, 0, NULL, NULL, '2022-06-30 06:58:52', '2022-06-30 06:58:52'),
(152, 'PCH-000151', 45, 'GILINGAN (HASIL LIMBAH EX)', '23', 0, 0, 1, 0, 0, 0, NULL, NULL, '2022-06-30 07:01:54', '2022-06-30 07:01:54'),
(153, 'PCH-000153', 45, 'PIGMEN (NON FOOD GRADE)', '23', 0, 0, 1, 0, 0, 0, NULL, NULL, '2022-06-30 07:09:48', '2022-06-30 07:09:48'),
(154, 'PCH-000154', 45, 'PIGMEN (FOOD GRADE)', '23', 0, 0, 1, 0, 0, 0, NULL, NULL, '2022-06-30 07:10:58', '2022-06-30 07:10:58'),
(155, 'PCH-000155', 45, 'ANTI OKSIDANT', '23', 0, 0, 1, 0, 0, 0, NULL, NULL, '2022-06-30 07:12:32', '2022-06-30 07:12:32'),
(156, 'PCH-000156', 45, 'BLOWING', '23', 0, 0, 1, 0, 0, 0, NULL, NULL, '2022-06-30 07:14:29', '2022-06-30 07:14:29'),
(157, 'PCH-000157', 45, 'ADDITIVE', '23', 0, 0, 1, 0, 0, 0, NULL, NULL, '2022-06-30 07:16:54', '2022-06-30 07:16:54'),
(158, 'PCH-000158', 45, 'LAIN-LAIN', '23', 0, 0, 1, 0, 0, 0, NULL, NULL, '2022-06-30 07:19:48', '2022-06-30 07:19:48'),
(160, 'PCH-000160', 36, '5-01-2022', '23', 0, 0, 1, 0, 0, 0, NULL, NULL, '2022-06-30 07:40:55', '2022-06-30 07:40:55'),
(161, 'PCH-000159', 35, '5-01-2022', '23', 0, 0, 1, 0, 0, 0, NULL, NULL, '2022-06-30 07:41:49', '2022-06-30 07:41:49'),
(162, 'PCH-000162', 36, '6-01-2022', '23', 0, 0, 1, 0, 0, 0, NULL, NULL, '2022-06-30 07:42:24', '2022-06-30 07:42:24'),
(163, 'PCH-000163', 35, '7-01-2022', '23', 0, 0, 1, 0, 0, 0, NULL, NULL, '2022-06-30 07:45:08', '2022-06-30 07:45:08'),
(164, 'PCH-000164', 36, '7-01-2022', '23', 0, 0, 1, 0, 0, 0, NULL, NULL, '2022-06-30 07:47:01', '2022-06-30 07:47:01'),
(166, 'PCH-000166', 35, '10-01-2022', '23', 0, 0, 1, 0, 0, 0, NULL, NULL, '2022-06-30 07:49:59', '2022-06-30 07:49:59'),
(167, 'PCH-000165', 36, '8-01-2022', '23', 0, 0, 1, 0, 0, 0, NULL, NULL, '2022-06-30 07:50:08', '2022-06-30 07:50:08'),
(168, 'PCH-000168', 38, '12-01-2022', '23', 0, 0, 1, 0, 0, 0, NULL, NULL, '2022-06-30 07:51:21', '2022-06-30 07:51:21'),
(169, 'PCH-000169', 39, '13-01-2022', '23', 0, 0, 1, 0, 0, 0, NULL, NULL, '2022-06-30 07:52:21', '2022-06-30 07:52:21'),
(170, 'PCH-000170', 40, '14-01-2022', '23', 0, 0, 1, 0, 0, 0, NULL, NULL, '2022-06-30 07:53:51', '2022-06-30 07:53:51'),
(171, 'PCH-000171', 35, '15-01-2022', '23', 0, 0, 1, 0, 0, 0, NULL, NULL, '2022-06-30 07:54:43', '2022-06-30 07:54:43'),
(172, 'PCH-000172', 41, '15-01-2022', '23', 0, 0, 1, 0, 0, 0, NULL, NULL, '2022-06-30 07:55:31', '2022-06-30 07:55:31'),
(173, 'PCH-000173', 35, '18-01-2022', '23', 0, 0, 1, 0, 0, 0, NULL, NULL, '2022-06-30 07:57:19', '2022-06-30 07:57:19'),
(174, 'PCH-000174', 41, '18-01-2022', '23', 0, 0, 1, 0, 0, 0, NULL, NULL, '2022-06-30 07:58:12', '2022-06-30 07:58:12'),
(175, 'PCH-000175', 42, '20-01-2022', '23', 0, 0, 1, 0, 0, 0, NULL, NULL, '2022-06-30 07:59:05', '2022-06-30 07:59:05'),
(176, 'PCH-000176', 35, '22-01-2022', '23', 0, 0, 1, 0, 0, 0, NULL, NULL, '2022-06-30 08:00:13', '2022-06-30 08:00:13'),
(177, 'PCH-000177', 35, '25-01-2022', '23', 0, 0, 1, 0, 0, 0, NULL, NULL, '2022-06-30 08:01:10', '2022-06-30 08:01:10'),
(178, 'PCH-000178', 46, '26-01-2022', '23', 0, 0, 1, 0, 0, 0, NULL, NULL, '2022-06-30 08:02:19', '2022-06-30 08:02:19'),
(179, 'PCH-000179', 35, '27-01-2022', '23', 0, 0, 1, 0, 0, 0, NULL, NULL, '2022-06-30 08:03:14', '2022-06-30 08:03:14'),
(180, 'PCH-000180', 35, '27-01-2022', '23', 0, 0, 1, 0, 0, 0, NULL, NULL, '2022-06-30 08:03:57', '2022-06-30 08:03:57'),
(181, 'PCH-000181', 38, '28-01-2022', '23', 0, 0, 1, 0, 0, 0, NULL, NULL, '2022-06-30 08:04:54', '2022-06-30 08:04:54'),
(182, 'PCH-000182', 43, '29-01-2022', '23', 0, 0, 1, 0, 0, 0, NULL, NULL, '2022-06-30 08:05:58', '2022-06-30 08:05:58'),
(183, 'PCH-000183', 45, '3411 + OIL 110', '23', 0, 0, 1, 0, 0, 0, NULL, NULL, '2022-07-06 06:39:05', '2022-07-06 06:39:05');

--
-- Triggers `purchases`
--
DELIMITER $$
CREATE TRIGGER `purchases_delete_kas` AFTER DELETE ON `purchases` FOR EACH ROW BEGIN

DELETE FROM cash_flows WHERE document = OLD.invoice;

END
$$
DELIMITER ;
DELIMITER $$
CREATE TRIGGER `purchases_insert_kas` AFTER INSERT ON `purchases` FOR EACH ROW BEGIN

DELETE FROM cash_flows WHERE document = NEW.invoice;

INSERT INTO cash_flows(type,document,incash,outcash,created_at,updated_at)VALUES('PURCHASE', NEW.invoice, 0, NEW.pembayaran, NEW.created_at, NEW.updated_at);

END
$$
DELIMITER ;

-- --------------------------------------------------------

--
-- Table structure for table `purchase_details`
--

CREATE TABLE `purchase_details` (
  `id` int(10) UNSIGNED NOT NULL,
  `invoice` varchar(255) COLLATE utf8mb4_unicode_ci NOT NULL,
  `item_cd` int(11) NOT NULL,
  `quantity` float NOT NULL DEFAULT 0,
  `item_unit` varchar(255) COLLATE utf8mb4_unicode_ci NOT NULL,
  `item_price` int(11) NOT NULL,
  `item_total` int(11) NOT NULL,
  `created_at` timestamp NULL DEFAULT NULL,
  `updated_at` timestamp NULL DEFAULT NULL,
  `qty_received` float NOT NULL DEFAULT 0
) ENGINE=InnoDB DEFAULT CHARSET=utf8mb4 COLLATE=utf8mb4_unicode_ci;

--
-- Dumping data for table `purchase_details`
--

INSERT INTO `purchase_details` (`id`, `invoice`, `item_cd`, `quantity`, `item_unit`, `item_price`, `item_total`, `created_at`, `updated_at`, `qty_received`) VALUES
(365, 'PCH-000001', 233, 20760, 'KG', 0, 0, '2022-06-30 06:30:17', NULL, 20760),
(366, 'PCH-000001', 234, 105370, 'KG', 0, 0, '2022-06-30 06:30:17', NULL, 105370),
(367, 'PCH-000001', 235, 200, 'KG', 0, 0, '2022-06-30 06:30:17', NULL, 200),
(368, 'PCH-000001', 236, 4720, 'KG', 0, 0, '2022-06-30 06:30:17', NULL, 4720),
(369, 'PCH-000001', 237, 3528, 'KG', 0, 0, '2022-06-30 06:30:17', NULL, 3528),
(370, 'PCH-000001', 238, 11633, 'KG', 0, 0, '2022-06-30 06:30:17', NULL, 11633),
(371, 'PCH-000001', 239, 2, 'KG', 0, 0, '2022-06-30 06:30:17', NULL, 2),
(372, 'PCH-000001', 240, 22146.5, 'KG', 0, 0, '2022-06-30 06:30:17', NULL, 22146.5),
(373, 'PCH-000001', 241, 3585, 'KG', 0, 0, '2022-06-30 06:30:17', NULL, 3585),
(374, 'PCH-000142', 242, 53, 'KG', 0, 0, '2022-06-30 06:34:20', NULL, 53),
(375, 'PCH-000142', 243, 39.5, 'KG', 0, 0, '2022-06-30 06:34:20', NULL, 39.5),
(376, 'PCH-000143', 244, 43.04, 'KG', 0, 0, '2022-06-30 06:40:19', NULL, 43.04),
(377, 'PCH-000143', 245, 19.88, 'KG', 0, 0, '2022-06-30 06:40:19', NULL, 19.88),
(378, 'PCH-000143', 246, 31.4, 'KG', 0, 0, '2022-06-30 06:40:19', NULL, 31.4),
(379, 'PCH-000143', 247, 30162, 'KG', 0, 0, '2022-06-30 06:40:19', NULL, 30162),
(380, 'PCH-000143', 248, 0.78, 'KG', 0, 0, '2022-06-30 06:40:19', NULL, 0.78),
(381, 'PCH-000144', 249, 4875, 'KG', 0, 0, '2022-06-30 06:41:50', NULL, 4875),
(382, 'PCH-000144', 250, 5250, 'KG', 0, 0, '2022-06-30 06:41:50', NULL, 5250),
(383, 'PCH-000144', 252, 1513, 'KG', 0, 0, '2022-06-30 06:41:50', NULL, 1513),
(384, 'PCH-000145', 253, 15050, 'KG', 0, 0, '2022-06-30 06:49:35', NULL, 15050),
(385, 'PCH-000145', 254, 833.9, 'KG', 0, 0, '2022-06-30 06:49:35', NULL, 833.9),
(386, 'PCH-000145', 255, 73.05, 'KG', 0, 0, '2022-06-30 06:49:35', NULL, 73.05),
(387, 'PCH-000145', 256, 617.99, 'KG', 0, 0, '2022-06-30 06:49:35', NULL, 617.99),
(388, 'PCH-000145', 260, 695.1, 'KG', 0, 0, '2022-06-30 06:49:36', NULL, 695.1),
(389, 'PCH-000145', 261, 1117.2, 'KG', 0, 0, '2022-06-30 06:49:36', NULL, 1117.2),
(390, 'PCH-000145', 262, 825, 'KG', 0, 0, '2022-06-30 06:49:36', NULL, 825),
(391, 'PCH-000145', 264, 17.25, 'KG', 0, 0, '2022-06-30 06:49:36', NULL, 17.25),
(392, 'PCH-000145', 265, 64.63, 'KG', 0, 0, '2022-06-30 06:49:36', NULL, 64.63),
(393, 'PCH-000145', 267, 3063.5, 'KG', 0, 0, '2022-06-30 06:49:36', NULL, 3063.5),
(394, 'PCH-000146', 270, 15325, 'KG', 0, 0, '2022-06-30 06:52:14', NULL, 15325),
(395, 'PCH-000146', 273, 6946, 'KG', 0, 0, '2022-06-30 06:52:14', NULL, 6946),
(396, 'PCH-000146', 277, 25, 'KG', 0, 0, '2022-06-30 06:52:14', NULL, 25),
(397, 'PCH-000146', 279, 19478.7, 'KG', 0, 0, '2022-06-30 06:52:14', NULL, 19478.7),
(398, 'PCH-000147', 280, 2345, 'KG', 0, 0, '2022-06-30 06:53:48', NULL, 2345),
(399, 'PCH-000147', 282, 3150, 'KG', 0, 0, '2022-06-30 06:53:48', NULL, 3150),
(400, 'PCH-000147', 283, 6498, 'KG', 0, 0, '2022-06-30 06:53:49', NULL, 6498),
(401, 'PCH-000148', 285, 5085, 'KG', 0, 0, '2022-06-30 06:54:45', NULL, 5085),
(402, 'PCH-000148', 286, 447.8, 'KG', 0, 0, '2022-06-30 06:54:45', NULL, 447.8),
(403, 'PCH-000149', 288, 3400, 'KG', 0, 0, '2022-06-30 06:57:35', NULL, 3400),
(404, 'PCH-000149', 291, 33.5, 'KG', 0, 0, '2022-06-30 06:57:35', NULL, 33.5),
(405, 'PCH-000149', 293, 587.5, 'KG', 0, 0, '2022-06-30 06:57:35', NULL, 587.5),
(406, 'PCH-000149', 294, 275, 'KG', 0, 0, '2022-06-30 06:57:35', NULL, 275),
(407, 'PCH-000150', 297, 1605, 'KG', 0, 0, '2022-06-30 06:58:52', NULL, 1605),
(408, 'PCH-000150', 298, 960, 'KG', 0, 0, '2022-06-30 06:58:52', NULL, 960),
(411, 'PCH-000151', 421, 4956.8, 'KG', 0, 0, '2022-06-30 07:01:55', NULL, 4956.8),
(412, 'PCH-000151', 422, 886.58, 'KG', 0, 0, '2022-06-30 07:01:55', NULL, 886.58),
(413, 'PCH-000151', 423, 532.56, 'KG', 0, 0, '2022-06-30 07:01:55', NULL, 532.56),
(414, 'PCH-000153', 372, 543.7, 'KG', 0, 0, '2022-06-30 07:09:48', NULL, 543.7),
(415, 'PCH-000153', 374, 552, 'KG', 0, 0, '2022-06-30 07:09:48', NULL, 552),
(416, 'PCH-000153', 375, 342.8, 'KG', 0, 0, '2022-06-30 07:09:48', NULL, 342.8),
(417, 'PCH-000153', 376, 375, 'KG', 0, 0, '2022-06-30 07:09:48', NULL, 375),
(418, 'PCH-000153', 377, 343.7, 'KG', 0, 0, '2022-06-30 07:09:48', NULL, 343.7),
(419, 'PCH-000153', 380, 171.7, 'KG', 0, 0, '2022-06-30 07:09:49', NULL, 171.7),
(420, 'PCH-000153', 382, 161, 'KG', 0, 0, '2022-06-30 07:09:49', NULL, 161),
(421, 'PCH-000153', 383, 134.6, 'KG', 0, 0, '2022-06-30 07:09:49', NULL, 134.6),
(422, 'PCH-000153', 390, 1.5, 'KG', 0, 0, '2022-06-30 07:09:49', NULL, 1.5),
(423, 'PCH-000153', 391, 250, 'KG', 0, 0, '2022-06-30 07:09:49', NULL, 250),
(424, 'PCH-000153', 393, 200, 'KG', 0, 0, '2022-06-30 07:09:49', NULL, 200),
(425, 'PCH-000153', 394, 0.45, 'KG', 0, 0, '2022-06-30 07:09:49', NULL, 0.45),
(426, 'PCH-000153', 395, 0.09, 'KG', 0, 0, '2022-06-30 07:09:49', NULL, 0.09),
(427, 'PCH-000153', 409, 0.18821, 'KG', 0, 0, '2022-06-30 07:09:49', NULL, 0.18821),
(428, 'PCH-000153', 410, 450, 'KG', 0, 0, '2022-06-30 07:09:49', NULL, 450),
(429, 'PCH-000153', 411, 0.11, 'KG', 0, 0, '2022-06-30 07:09:49', NULL, 0.11),
(430, 'PCH-000153', 412, 5000, 'KG', 0, 0, '2022-06-30 07:09:49', NULL, 5000),
(431, 'PCH-000153', 415, 24.015, 'KG', 0, 0, '2022-06-30 07:09:49', NULL, 24.015),
(432, 'PCH-000154', 418, 18.7, 'KG', 0, 0, '2022-06-30 07:10:58', NULL, 18.7),
(433, 'PCH-000155', 426, 384.5, 'KG', 0, 0, '2022-06-30 07:12:32', NULL, 384.5),
(434, 'PCH-000155', 324, 480, 'KG', 0, 0, '2022-06-30 07:12:32', NULL, 480),
(435, 'PCH-000156', 325, 566.9, 'KG', 0, 0, '2022-06-30 07:14:29', NULL, 566.9),
(436, 'PCH-000156', 326, 331.8, 'KG', 0, 0, '2022-06-30 07:14:30', NULL, 331.8),
(437, 'PCH-000156', 327, 1273.5, 'KG', 0, 0, '2022-06-30 07:14:30', NULL, 1273.5),
(438, 'PCH-000156', 328, 264, 'KG', 0, 0, '2022-06-30 07:14:30', NULL, 264),
(439, 'PCH-000157', 329, 537, 'KG', 0, 0, '2022-06-30 07:16:54', NULL, 537),
(440, 'PCH-000157', 330, 0.189, 'KG', 0, 0, '2022-06-30 07:16:54', NULL, 0.189),
(441, 'PCH-000157', 331, 125, 'KG', 0, 0, '2022-06-30 07:16:54', NULL, 125),
(442, 'PCH-000157', 332, 55.54, 'KG', 0, 0, '2022-06-30 07:16:54', NULL, 55.54),
(443, 'PCH-000157', 333, 338.5, 'KG', 0, 0, '2022-06-30 07:16:54', NULL, 338.5),
(444, 'PCH-000157', 334, 13.05, 'KG', 0, 0, '2022-06-30 07:16:55', NULL, 13.05),
(445, 'PCH-000157', 335, 145.75, 'KG', 0, 0, '2022-06-30 07:16:55', NULL, 145.75),
(446, 'PCH-000157', 336, 9.72, 'KG', 0, 0, '2022-06-30 07:16:55', NULL, 9.72),
(447, 'PCH-000157', 337, 0.79, 'KG', 0, 0, '2022-06-30 07:16:55', NULL, 0.79),
(448, 'PCH-000158', 339, 5900, 'LEMBAR', 0, 0, '2022-06-30 07:19:48', NULL, 5900),
(449, 'PCH-000158', 341, 16.98, 'KG', 0, 0, '2022-06-30 07:19:48', NULL, 16.98),
(450, 'PCH-000158', 342, 25, 'KG', 0, 0, '2022-06-30 07:19:48', NULL, 25),
(451, 'PCH-000158', 343, 4060, 'KG', 0, 0, '2022-06-30 07:19:48', NULL, 4060),
(454, 'PCH-000160', 275, 47.55, 'KG', 0, 0, '2022-06-30 07:40:56', NULL, 47.55),
(455, 'PCH-000159', 291, 1000, 'KG', 0, 0, '2022-06-30 07:41:49', NULL, 0),
(456, 'PCH-000159', 290, 1000, 'KG', 0, 0, '2022-06-30 07:41:49', NULL, 0),
(457, 'PCH-000162', 275, 2032.53, 'KG', 0, 0, '2022-06-30 07:42:24', NULL, 2032.53),
(458, 'PCH-000163', 291, 350, 'KG', 0, 0, '2022-06-30 07:45:08', NULL, 350),
(459, 'PCH-000163', 294, 525, 'KG', 0, 0, '2022-06-30 07:45:08', NULL, 525),
(460, 'PCH-000163', 290, 425, 'KG', 0, 0, '2022-06-30 07:45:08', NULL, 425),
(461, 'PCH-000164', 275, 716.59, 'KG', 0, 0, '2022-06-30 07:47:01', NULL, 716.59),
(463, 'PCH-000166', 294, 675, 'KG', 0, 0, '2022-06-30 07:49:59', NULL, 675),
(464, 'PCH-000166', 290, 825, 'KG', 0, 0, '2022-06-30 07:49:59', NULL, 825),
(465, 'PCH-000165', 275, 2379.83, 'KG', 0, 0, '2022-06-30 07:50:08', NULL, 0),
(466, 'PCH-000168', 249, 5000, 'KG', 0, 0, '2022-06-30 07:51:21', NULL, 5000),
(467, 'PCH-000169', 328, 300, 'KG', 0, 0, '2022-06-30 07:52:21', NULL, 300),
(468, 'PCH-000170', 337, 2, 'KG', 0, 0, '2022-06-30 07:53:51', NULL, 2),
(469, 'PCH-000171', 294, 925, 'KG', 0, 0, '2022-06-30 07:54:43', NULL, 925),
(470, 'PCH-000172', 275, 1086.38, 'KG', 0, 0, '2022-06-30 07:55:31', NULL, 1086.38),
(471, 'PCH-000173', 291, 1000, 'KG', 0, 0, '2022-06-30 07:57:19', NULL, 1000),
(472, 'PCH-000174', 275, 917, 'KG', 0, 0, '2022-06-30 07:58:12', NULL, 917),
(473, 'PCH-000175', 420, 13800, 'KG', 0, 0, '2022-06-30 07:59:05', NULL, 13800),
(474, 'PCH-000176', 275, 1273.2, 'KG', 0, 0, '2022-06-30 08:00:13', NULL, 1273.2),
(475, 'PCH-000176', 290, 325, 'KG', 0, 0, '2022-06-30 08:00:13', NULL, 325),
(476, 'PCH-000176', 291, 500, 'KG', 0, 0, '2022-06-30 08:00:13', NULL, 500),
(477, 'PCH-000177', 271, 1000, 'KG', 0, 0, '2022-06-30 08:01:10', NULL, 1000),
(478, 'PCH-000178', 424, 0.5, 'KG', 0, 0, '2022-06-30 08:02:19', NULL, 0.5),
(479, 'PCH-000179', 271, 293.42, 'KG', 0, 0, '2022-06-30 08:03:14', NULL, 293.42),
(480, 'PCH-000180', 271, 757.48, 'KG', 0, 0, '2022-06-30 08:03:57', NULL, 757.48),
(481, 'PCH-000181', 419, 5000, 'KG', 0, 0, '2022-06-30 08:04:54', NULL, 5000),
(482, 'PCH-000181', 251, 5000, 'KG', 0, 0, '2022-06-30 08:04:55', NULL, 5000),
(483, 'PCH-000182', 376, 600, 'KG', 0, 0, '2022-06-30 08:05:59', NULL, 600),
(484, 'PCH-000182', 375, 400, 'KG', 0, 0, '2022-06-30 08:05:59', NULL, 400),
(485, 'PCH-000183', 243, 150, 'KG', 0, 0, '2022-07-06 06:39:05', NULL, 150);

-- --------------------------------------------------------

--
-- Table structure for table `purchase_tmp`
--

CREATE TABLE `purchase_tmp` (
  `id` int(10) UNSIGNED NOT NULL,
  `item_cd` int(11) NOT NULL,
  `item_unit` varchar(255) COLLATE utf8mb4_unicode_ci NOT NULL,
  `item_price` int(11) NOT NULL,
  `quantity` float NOT NULL,
  `item_total` int(11) NOT NULL,
  `created_at` timestamp NULL DEFAULT NULL,
  `updated_at` timestamp NULL DEFAULT NULL
) ENGINE=InnoDB DEFAULT CHARSET=utf8mb4 COLLATE=utf8mb4_unicode_ci;

-- --------------------------------------------------------

--
-- Table structure for table `quotes`
--

CREATE TABLE `quotes` (
  `id` int(10) UNSIGNED NOT NULL,
  `quote_no` varchar(255) COLLATE utf8mb4_unicode_ci NOT NULL,
  `customer` varchar(255) COLLATE utf8mb4_unicode_ci NOT NULL,
  `attn` varchar(255) COLLATE utf8mb4_unicode_ci NOT NULL,
  `email` varchar(255) COLLATE utf8mb4_unicode_ci DEFAULT NULL,
  `fax` varchar(255) COLLATE utf8mb4_unicode_ci DEFAULT NULL,
  `dari` varchar(255) COLLATE utf8mb4_unicode_ci NOT NULL,
  `ref` varchar(255) COLLATE utf8mb4_unicode_ci DEFAULT NULL,
  `ref2` varchar(255) COLLATE utf8mb4_unicode_ci DEFAULT NULL,
  `total` int(11) DEFAULT NULL,
  `created_at` timestamp NULL DEFAULT NULL,
  `updated_at` timestamp NULL DEFAULT NULL
) ENGINE=InnoDB DEFAULT CHARSET=utf8mb4 COLLATE=utf8mb4_unicode_ci;

--
-- Dumping data for table `quotes`
--

INSERT INTO `quotes` (`id`, `quote_no`, `customer`, `attn`, `email`, `fax`, `dari`, `ref`, `ref2`, `total`, `created_at`, `updated_at`) VALUES
(2, 'QN-000002', '17', 'Bpk Jansen Siagian', 'indra.rahdian@gmail.com', '061-7947314', 'Indra rahdian', 'trtrtr45454', 'oke', 2120000, '2019-08-15 17:00:00', '2019-08-15 17:00:00'),
(3, 'QN-000003', '18', 'Indra Rahdian', 'indra.rahdian@gmail.com', '061-7947314', 'Singapura', 'RG-950994', NULL, 24750000, '2019-08-09 17:00:00', '2019-08-09 17:00:00'),
(7, 'QN-000004', '18', 'Bp Roni Hamdani', 'indra.rahdian@gmail.com', '061-7947314', 'Indra Rahdian', '0948BRJ', 'OKE', 2400000, '2019-08-14 17:00:00', '2019-08-14 17:00:00'),
(19, 'QN-000019', '24', 'Bp.Fendy', NULL, NULL, 'H.Fadlan', '191/Q/X/19', NULL, 6000000, '2019-09-30 17:00:00', '2019-09-30 17:00:00'),
(20, 'QN-000020', '24', 'Bp. Fendy', NULL, NULL, 'H.Fadlan', '192/Q/X/19', NULL, 4650000, '2019-09-30 17:00:00', '2019-09-30 17:00:00'),
(21, 'QN-000021', '31', 'Azizah', NULL, NULL, 'H.Fadlan', '193/Q/X/19', NULL, 25000000, '2019-10-01 17:00:00', '2019-10-01 17:00:00'),
(22, 'QN-000022', '31', 'Nia', NULL, NULL, 'H.Fadlan', '194/Q/X/19', NULL, 33000000, '2019-10-01 17:00:00', '2019-10-01 17:00:00'),
(25, 'QN-000023', '25', 'Bp. Loli', NULL, NULL, 'H. Fadlan', '195/Q/X/19', NULL, 650000, '2019-10-03 17:00:00', '2019-10-03 17:00:00'),
(27, 'QN-000026', '25', 'Bp. Loli', NULL, NULL, 'H. Fadlan', '196/Q/X/19', NULL, 640000, '2019-10-03 17:00:00', '2019-10-03 17:00:00'),
(28, 'QN-000028', '24', 'Bp.Edwin', NULL, NULL, 'M.Reza', '197/Q/X/19', NULL, 250904700, '2019-10-06 17:00:00', '2019-10-06 17:00:00'),
(30, 'QN-000029', '31', 'NIA', NULL, NULL, 'H.FADLAN', '198/Q/X/19', NULL, 18500000, '2019-10-06 17:00:00', '2019-10-06 17:00:00'),
(32, 'QN-000032', '31', 'Azizah', NULL, NULL, 'H.Fadlan', '200/Q/X/19', NULL, 1450000, '2019-10-07 17:00:00', '2019-10-07 17:00:00'),
(33, 'QN-000033', '31', 'Azizah', NULL, NULL, 'H.Fadlan', '201/Q/X/19', NULL, 38125000, '2019-10-07 17:00:00', '2019-10-07 17:00:00'),
(34, 'QN-000031', '25', 'Bp. Loly', NULL, NULL, 'H.Fadlan', '199/Q/X/19', NULL, 3750000, '2019-10-07 17:00:00', '2019-10-07 17:00:00'),
(36, 'QN-000035', '31', 'Azizah', NULL, NULL, 'H.Fadlan', '202/Q/X/19', NULL, 1700000, '2019-10-08 17:00:00', '2019-10-08 17:00:00'),
(40, 'QN-000039', '31', 'Nia', NULL, NULL, 'H.Fadlan', '204/Q/X/19', NULL, 3000000, '2019-10-09 17:00:00', '2019-10-09 17:00:00'),
(42, 'QN-000037', '31', 'Kak Nia', NULL, NULL, 'H. Fadlan', '203/Q/X/19', NULL, 17525000, '2019-10-09 17:00:00', '2019-10-09 17:00:00'),
(43, 'QN-000043', '24', 'Bp. Fendy', NULL, NULL, 'H.Fadlan', '205/Q/X/19', NULL, 10500000, '2019-10-14 17:00:00', '2019-10-14 17:00:00'),
(44, 'QN-000044', '24', 'Bp. Fendy', NULL, NULL, 'H.Fadlan', '206/Q/X/19', NULL, 9500000, '2019-10-14 17:00:00', '2019-10-14 17:00:00'),
(45, 'QN-000045', '24', 'Bp. Fendy', NULL, NULL, 'H.Fadlan', '207/Q/X/19', NULL, 1065000, '2019-10-15 17:00:00', '2019-10-15 17:00:00'),
(47, 'QN-000046', '24', 'Bp. Fendy', NULL, NULL, 'H. Fadlan', '208/Q/X/19', NULL, 580000, '2019-10-15 17:00:00', '2019-10-15 17:00:00'),
(48, 'QN-000048', '31', 'Azizah', NULL, NULL, 'H.Fadlan', '209/Q/X/19', NULL, 3500000, '2019-10-23 17:00:00', '2019-10-23 17:00:00'),
(49, 'QN-000049', '29', 'Bp.  Rizky', NULL, NULL, 'H.Fadlan', '210/Q/X/19', NULL, 1000000, '2019-10-23 17:00:00', '2019-10-23 17:00:00'),
(51, 'QN-000050', '30', 'Ibu Novita Sitanggang', NULL, NULL, 'H.Fadlan', '211/Q/X/19', NULL, 8000000, '2019-10-24 17:00:00', '2019-10-24 17:00:00'),
(54, 'QN-000052', '30', 'Ibu Novita Sitanggang', NULL, NULL, 'H.Fadlan', '212/Q/X/19', NULL, 16000000, '2019-10-24 17:00:00', '2019-10-24 17:00:00'),
(55, 'QN-000055', '31', 'Azizah', NULL, NULL, 'H.Fadlan', '213/Q/ X/19', NULL, 26300000, '2019-10-28 17:00:00', '2019-10-28 17:00:00'),
(56, 'QN-000056', '25', 'Bp. Loly', NULL, NULL, 'H.Fadlan', '214/Q/X/19', NULL, 130000, '2019-10-28 17:00:00', '2019-10-28 17:00:00'),
(58, 'QN-000057', '39', 'Ibu Nadya Intani', NULL, NULL, 'H. Fadlan', '215/Q/X/19', NULL, 189000000, '2019-10-29 17:00:00', '2019-10-29 17:00:00'),
(61, 'QN-000059', '31', 'Kak Azizah', NULL, NULL, 'H. Fadlan', '217/Q/X/19', NULL, 400000, '2019-10-29 17:00:00', '2019-10-29 17:00:00'),
(62, 'QN-000062', '31', 'Kak Azizah', NULL, NULL, 'H. Fadlan', '218/Q/X/19', NULL, 1400000, '2019-10-29 17:00:00', '2019-10-29 17:00:00'),
(63, 'QN-000063', '31', 'Kak Azizah', NULL, NULL, 'H. Fadlan', '219/Q/X/19', NULL, 2620000, '2019-10-29 17:00:00', '2019-10-29 17:00:00'),
(64, 'QN-000064', '31', 'Kak Azizah', NULL, NULL, 'H. Fadlan', '220/Q/X/19', NULL, 115000000, '2019-10-29 17:00:00', '2019-10-29 17:00:00'),
(66, 'QN-000065', '31', 'Kak Azizah', NULL, NULL, 'H. Fadlan', '221/Q/X/19', NULL, 7000000, '2019-10-30 17:00:00', '2019-10-30 17:00:00'),
(67, 'QN-000067', '29', 'Bp. Rizqi', NULL, NULL, 'H. Fadlan', '222/Q/XI/19', NULL, 3500000, '2019-10-31 17:00:00', '2019-10-31 17:00:00'),
(68, 'QN-000068', '31', 'Azizah', NULL, NULL, 'H.Fadlan', '223/Q/X/19', NULL, 2500000, '2019-11-05 17:00:00', '2019-11-05 17:00:00'),
(69, 'QN-000069', '31', 'Nia', NULL, NULL, 'H.fadlan', '224/Q/XI/19', NULL, 1550000, '2019-11-12 17:00:00', '2019-11-12 17:00:00'),
(70, 'QN-000070', '31', 'Azizah', NULL, NULL, 'H.Fadlan', '225/Q/XI/19', NULL, 18000000, '2019-11-12 17:00:00', '2019-11-12 17:00:00'),
(71, 'QN-000071', '31', 'Azizah', NULL, NULL, 'H.Fadlan', '226/Q/XI/19', NULL, 8000000, '2019-11-12 17:00:00', '2019-11-12 17:00:00'),
(72, 'QN-000072', '31', 'Azizah', NULL, NULL, 'H.Fadlan', '227/Q/XI/19', NULL, 20575000, '2019-11-12 17:00:00', '2019-11-12 17:00:00'),
(73, 'QN-000073', '31', 'Nia', NULL, NULL, 'H.Fadlan', '228/Q/XI/19', NULL, 3575000, '2019-11-12 17:00:00', '2019-11-12 17:00:00'),
(74, 'QN-000074', '30', 'Bp. Tagor', NULL, NULL, 'H.Fadlan', '229/Q/XI/19', NULL, 795000, '2019-11-12 17:00:00', '2019-11-12 17:00:00'),
(75, 'QN-000075', '31', 'Nia', NULL, NULL, 'H.Fadlan', '230/Q/XI/19', NULL, 220000000, '2019-11-17 17:00:00', '2019-11-17 17:00:00'),
(77, 'QN-000076', '31', 'Azizah', NULL, NULL, 'Putri', '231/Q/XI/19', NULL, 8935000, '2019-12-02 17:00:00', '2019-12-02 17:00:00'),
(78, 'QN-000078', '24', 'Bp. Fendy', NULL, NULL, 'Putri', '237/Q/XII/19', NULL, 1000000, '2019-12-08 17:00:00', '2019-12-08 17:00:00'),
(79, 'QN-000079', '31', 'Azizah', NULL, NULL, 'Putri', '238/Q/XII/19', NULL, 60000000, '2019-12-10 17:00:00', '2019-12-10 17:00:00'),
(80, 'QN-000080', '31', 'Azizah', NULL, NULL, 'Putri', '239/Q/XII/19', NULL, 12400000, '2019-12-10 17:00:00', '2019-12-10 17:00:00'),
(81, 'QN-000081', '41', 'juni', 'tekni.saudara@yahoo.com', '00021636', 'taufik', 'dayat', 'taufiq', 850000, '2020-01-21 17:00:00', '2020-01-21 17:00:00'),
(82, 'QN-000082', '42', 'juni', 'teknik.saudara.@yahoo.com', NULL, 'Saudara teknik', 'Dayat', 'Taufiq', 2500000, '2020-01-21 17:00:00', '2020-01-21 17:00:00');

-- --------------------------------------------------------

--
-- Table structure for table `quote_item`
--

CREATE TABLE `quote_item` (
  `id` int(10) UNSIGNED NOT NULL,
  `quote_no` varchar(255) COLLATE utf8mb4_unicode_ci NOT NULL,
  `description` varchar(255) COLLATE utf8mb4_unicode_ci NOT NULL,
  `quantity` int(11) NOT NULL,
  `uom` varchar(255) COLLATE utf8mb4_unicode_ci NOT NULL,
  `price` int(11) NOT NULL,
  `total` int(11) NOT NULL,
  `created_at` timestamp NULL DEFAULT NULL,
  `updated_at` timestamp NULL DEFAULT NULL
) ENGINE=InnoDB DEFAULT CHARSET=utf8mb4 COLLATE=utf8mb4_unicode_ci;

--
-- Dumping data for table `quote_item`
--

INSERT INTO `quote_item` (`id`, `quote_no`, `description`, `quantity`, `uom`, `price`, `total`, `created_at`, `updated_at`) VALUES
(4, 'QN-000002', 'OKE', 2, 'Unit', 340000, 680000, '2019-08-29 03:38:42', '2019-08-29 03:38:42'),
(5, 'QN-000002', 'OKE Watt', 12, 'Watt', 120000, 1440000, '2019-08-29 03:38:42', '2019-08-29 03:38:42'),
(6, 'QN-000003', 'PEKERJAAN PEMASANGAN ATAP', 55, 'Liter', 450000, 24750000, '2019-08-29 03:56:34', '2019-08-29 03:56:34'),
(11, 'QN-000004', 'PEMASANGAN KARPET MESJID', 20, 'Unit', 120000, 2400000, '2019-08-29 10:12:16', '2019-08-29 10:12:16'),
(17, 'QN-000019', 'Reparasi Roda dan Bak glue', 1, 'Pc', 1200000, 1200000, '2019-10-01 06:55:35', '2019-10-01 06:55:35'),
(18, 'QN-000019', 'plat scrapper kuningan', 2, 'Pcs', 1500000, 3000000, '2019-10-01 06:55:35', '2019-10-01 06:55:35'),
(19, 'QN-000019', 'Roda Gap Mesin Chong Yong', 6, 'Pcs', 300000, 1800000, '2019-10-01 06:55:35', '2019-10-01 06:55:35'),
(20, 'QN-000020', 'Rep.Feed Roll', 1, 'Pc', 2000000, 2000000, '2019-10-01 07:04:07', '2019-10-01 07:04:07'),
(21, 'QN-000020', 'TEflon Putih', 1, 'Pc', 1000000, 1000000, '2019-10-01 07:04:07', '2019-10-01 07:04:07'),
(22, 'QN-000020', 'Pneumatik Press Roll', 1, 'Pc', 550000, 550000, '2019-10-01 07:04:07', '2019-10-01 07:04:07'),
(23, 'QN-000020', 'Rell Pisau Sliter', 5, 'Pcs', 220000, 1100000, '2019-10-01 07:04:07', '2019-10-01 07:04:07'),
(24, 'QN-000021', 'Assy Actuat 125 x 165 x8 Mc 542420', 2, 'Unit', 12500000, 25000000, '2019-10-02 07:00:18', '2019-10-02 07:00:18'),
(25, 'QN-000022', 'Hydraulik Cyliner Top Press Unitizer SK. 871-39-319', 1, 'Unit', 13500000, 13500000, '2019-10-02 08:39:00', '2019-10-02 08:39:00'),
(26, 'QN-000022', 'HYD Cylinder Of 1st Press Of Press Section  SK. 851.39-455', 1, 'Unit', 19500000, 19500000, '2019-10-02 08:39:00', '2019-10-02 08:39:00'),
(27, 'QN-000023', 'FLEXIBLE HOSE 3/8\" X 89 + FTG + LAS ( CONNECTION FULL SS 304 )', 1, 'Pc', 650000, 650000, '2019-10-04 07:17:29', '2019-10-04 07:17:29'),
(29, 'QN-000026', 'SEAL OD 50 ID 39,5 TEBAL 3,2 MM', 20, 'Pcs', 32000, 640000, '2019-10-04 07:21:46', '2019-10-04 07:21:46'),
(30, 'QN-000028', 'Bongkar Pasang tutup parit (Plat besi)', 1, 'Lot', 5646000, 5646000, '2019-10-07 03:15:50', '2019-10-07 03:15:50'),
(31, 'QN-000028', 'Bongkar pasang tutup paret kabel plat', 1, 'Lot', 320000, 320000, '2019-10-07 03:15:50', '2019-10-07 03:15:50'),
(32, 'QN-000028', 'Bongkar dan cor lantai beton tebal', 1, 'Lot', 33255600, 33255600, '2019-10-07 03:15:50', '2019-10-07 03:15:50'),
(33, 'QN-000028', 'Bongkar dan pasang paving Blok', 1, 'Lot', 82800, 82800, '2019-10-07 03:15:50', '2019-10-07 03:15:50'),
(34, 'QN-000028', 'Bongkar dan Pasang bak kontrol', 1, 'Lot', 300300, 300300, '2019-10-07 03:15:50', '2019-10-07 03:15:50'),
(35, 'QN-000028', 'Buat elevasi jalan', 1, 'Lot', 17000000, 17000000, '2019-10-07 03:15:50', '2019-10-07 03:15:50'),
(36, 'QN-000028', 'aspal badan jalan', 1, 'Lot', 192000000, 192000000, '2019-10-07 03:15:50', '2019-10-07 03:15:50'),
(37, 'QN-000028', 'coring beton', 1, 'Lot', 2300000, 2300000, '2019-10-07 03:15:50', '2019-10-07 03:15:50'),
(40, 'QN-000029', 'HYD CYL OF SHEARING MACHIN', 1, 'Unit', 8500000, 8500000, '2019-10-07 03:35:25', '2019-10-07 03:35:25'),
(41, 'QN-000029', 'HYD CYL EVENER DIVECE UNITIZER', 1, 'Unit', 10000000, 10000000, '2019-10-07 03:35:25', '2019-10-07 03:35:25'),
(43, 'QN-000032', 'Seal 6,5 x  78 x 90 mm (NBR 65-70)', 10, 'Pcs', 145000, 1450000, '2019-10-08 07:19:58', '2019-10-08 07:19:58'),
(44, 'QN-000033', 'Hydr Cylinder +- 1800 st. Scope : 1. Recrome as dia 180mm p. 3250mm . 2. Horning  3. Ganti Sealkit', 1, 'Unit', 38125000, 38125000, '2019-10-08 07:30:42', '2019-10-08 07:30:42'),
(45, 'QN-000031', 'Activity Splint', 1, 'Pc', 1975000, 1975000, '2019-10-09 03:44:21', '2019-10-09 03:44:21'),
(46, 'QN-000031', 'Fixing Splint', 1, 'Pc', 1775000, 1775000, '2019-10-09 03:44:21', '2019-10-09 03:44:21'),
(48, 'QN-000035', 'Bottom Rubber Chip Screen', 1, 'Pc', 1700000, 1700000, '2019-10-09 04:06:47', '2019-10-09 04:06:47'),
(54, 'QN-000039', 'Jasa Reparasi Spindle', 1, 'Pc', 1500000, 1500000, '2019-10-10 08:20:34', '2019-10-10 08:20:34'),
(55, 'QN-000039', 'Material Spindle (Ije)', 1, 'Pc', 1500000, 1500000, '2019-10-10 08:20:34', '2019-10-10 08:20:34'),
(58, 'QN-000037', 'BRACKET WATER FAN (MIN ORDER:3PCS)', 3, 'PC', 5600000, 16800000, '2019-10-10 09:25:12', '2019-10-10 09:25:12'),
(59, 'QN-000037', 'BRACKET ROLLER', 1, 'Pc', 725000, 725000, '2019-10-10 09:25:12', '2019-10-10 09:25:12'),
(60, 'QN-000043', 'Buat Baru Bak Tangki Oli', 1, 'Unit', 7500000, 7500000, '2019-10-15 02:50:49', '2019-10-15 02:50:49'),
(61, 'QN-000043', 'Teflon Ukuran 12mm x 132mm x 250mm', 1, 'Pc', 1000000, 1000000, '2019-10-15 02:50:49', '2019-10-15 02:50:49'),
(62, 'QN-000043', 'Sambungan As Patah Feed Roll', 1, 'Pc', 2000000, 2000000, '2019-10-15 02:50:49', '2019-10-15 02:50:49'),
(63, 'QN-000044', 'Buat Baru Feedroll', 1, 'Unit', 9500000, 9500000, '2019-10-15 05:08:33', '2019-10-15 05:08:33'),
(64, 'QN-000045', 'Bushing pengunci unit glue cf  uk. dia 33mm x p. 28mm', 6, 'Pcs', 85000, 510000, '2019-10-16 03:42:52', '2019-10-16 03:42:52'),
(65, 'QN-000045', 'Bushing Pengunci unit glue cf uk dia 50 mm p. 30mm', 2, 'Pc', 87500, 175000, '2019-10-16 03:42:52', '2019-10-16 03:42:52'),
(66, 'QN-000045', 'Bushing Pengunci unit glue cf uk. 30mm p. 65mm', 2, 'Pcs', 90000, 180000, '2019-10-16 03:42:52', '2019-10-16 03:42:52'),
(67, 'QN-000045', 'Bushing Pengunci unit glue cf uk. 30mm p. 100', 2, 'Pcs', 100000, 200000, '2019-10-16 03:42:52', '2019-10-16 03:42:52'),
(69, 'QN-000046', 'KEPALA SAMBUNGAN RANTAI', 1, 'Pc', 580000, 580000, '2019-10-16 08:18:49', '2019-10-16 08:18:49'),
(70, 'QN-000048', 'Conveyor slide bar (Hard teflon)', 1, 'Pc', 3500000, 3500000, '2019-10-24 07:18:32', '2019-10-24 07:18:32'),
(71, 'QN-000049', 'Roda drum sieve', 1, 'Pc', 1000000, 1000000, '2019-10-24 08:41:03', '2019-10-24 08:41:03'),
(75, 'QN-000050', 'Joint Belt Conveyor Lebar 60 cm', 2, 'Line', 4000000, 8000000, '2019-10-25 07:13:57', '2019-10-25 07:13:57'),
(84, 'QN-000052', 'Material Perbaikan /Rek Gear Pump Sigma ZPG 6', 1, 'Pc', 2550000, 2550000, '2019-10-25 07:38:20', '2019-10-25 07:38:20'),
(85, 'QN-000052', 'Jasa Perbaikkan /Rek Gear Pump sigma Zpg 6', 1, 'Pc', 4450000, 4450000, '2019-10-25 07:38:20', '2019-10-25 07:38:20'),
(86, 'QN-000052', 'Material Perbaikkan /Rek Gear Pump Sigma ZPG 8', 1, 'Pc', 5000000, 5000000, '2019-10-25 07:38:20', '2019-10-25 07:38:20'),
(87, 'QN-000052', 'Jasa Perbaikkan /Rek Gear Pump Sigma ZPG 8', 1, 'Pc', 4000000, 4000000, '2019-10-25 07:38:20', '2019-10-25 07:38:20'),
(88, 'QN-000055', 'Trisula Hole Punch', 1, 'Pc', 650000, 650000, '2019-10-29 07:22:44', '2019-10-29 07:22:44'),
(89, 'QN-000055', 'Pin Jaw Grapple', 1, 'Pc', 4500000, 4500000, '2019-10-29 07:22:44', '2019-10-29 07:22:44'),
(90, 'QN-000055', 'Repair tilting cylinder  ( Ganti Rod, Ganti tube, Sealkit,Bearing, Pin & Hole dan Painting )', 1, 'Pc', 20800000, 20800000, '2019-10-29 07:22:44', '2019-10-29 07:22:44'),
(91, 'QN-000055', 'pengait Tray Bibit', 1, 'Pc', 350000, 350000, '2019-10-29 07:22:44', '2019-10-29 07:22:44'),
(92, 'QN-000056', 'Hose 1/2 inc RI x 45 cm x FTG - 1/2 \" Ri x 45 + FTG', 1, 'Pc', 130000, 130000, '2019-10-29 08:00:22', '2019-10-29 08:00:22'),
(95, 'QN-000057', 'Side Rubber 12 x 297 x 380 mm                                    Material : Food Grade Warna Putih', 60, 'Unit', 1500000, 90000000, '2019-10-30 03:20:21', '2019-10-30 03:20:21'),
(96, 'QN-000057', 'Side Rubber 12 x 297 x 380 mm Material : Teflon', 60, 'Unit', 1650000, 99000000, '2019-10-30 03:20:21', '2019-10-30 03:20:21'),
(99, 'QN-000059', 'BEARING SLEEVE UK. 61X68X30MM', 1, 'Pc', 400000, 400000, '2019-10-30 07:23:23', '2019-10-30 07:23:23'),
(100, 'QN-000062', 'SPROCKET WHEEL', 1, 'Pc', 1400000, 1400000, '2019-10-30 07:25:52', '2019-10-30 07:25:52'),
(101, 'QN-000063', 'FLANGE WHEEL', 1, 'Pc', 2620000, 2620000, '2019-10-30 07:30:04', '2019-10-30 07:30:04'),
(102, 'QN-000064', 'SERVICE OF CHERRY PICKER/OPERATOR CRANE TRUCK Nb : Harga Dari Wakinara', 1, 'Lot', 115000000, 115000000, '2019-10-30 09:00:03', '2019-10-30 09:00:03'),
(104, 'QN-000065', 'DIAPHRAM', 10, 'Pcs', 700000, 7000000, '2019-10-31 07:54:05', '2019-10-31 07:54:05'),
(105, 'QN-000067', 'NYLON DIA 180 MM P. 50 CM', 1, 'Pc', 3500000, 3500000, '2019-11-01 08:20:50', '2019-11-01 08:20:50'),
(106, 'QN-000068', 'Krisbow lothe machine Gear', 2, 'Pc', 1250000, 2500000, '2019-11-06 02:45:31', '2019-11-06 02:45:31'),
(107, 'QN-000069', 'Roller Conveyor (Material : CS)', 1, 'Pc', 1550000, 1550000, '2019-11-13 03:02:21', '2019-11-13 03:02:21'),
(108, 'QN-000070', 'Cylinder Distribution Flap', 1, 'Unit', 18000000, 18000000, '2019-11-13 03:21:10', '2019-11-13 03:21:10'),
(109, 'QN-000071', 'Cylinder Pin Sewing Conveyor', 1, 'Pc', 8000000, 8000000, '2019-11-13 07:21:54', '2019-11-13 07:21:54'),
(110, 'QN-000072', 'Reapir Gear Box (Material CS)', 1, 'Pc', 11375000, 11375000, '2019-11-13 07:32:06', '2019-11-13 07:32:06'),
(111, 'QN-000072', 'Repair Gear Box (Matedrial MS)', 1, 'Pc', 9200000, 9200000, '2019-11-13 07:32:06', '2019-11-13 07:32:06'),
(112, 'QN-000073', 'Worm Gear (Material Bronze) Nb. Harus Ada Pasangan Ulir Untuk Worm Gearnya.jika tdk ada tdk bisa dibuat', 1, 'Pc', 3575000, 3575000, '2019-11-13 07:36:06', '2019-11-13 07:36:06'),
(113, 'QN-000074', 'Conveyorbelt Roha tebal 7.8mm  3 layer  x 600mm (Made in Korea)', 1, 'Meter', 460000, 460000, '2019-11-13 07:43:55', '2019-11-13 07:43:55'),
(114, 'QN-000074', 'Conveyorbelt Roha tebal 6mm x 600mm 2 Layer  (Made In KOrea)', 1, 'Meter', 335000, 335000, '2019-11-13 07:43:55', '2019-11-13 07:43:55'),
(115, 'QN-000075', 'spindel buat baru', 20, 'Pc', 11000000, 220000000, '2019-11-18 07:27:24', '2019-11-18 07:27:24'),
(118, 'QN-000076', 'side Washer Bronze', 12, 'Pc', 675000, 8100000, '2019-12-03 07:46:44', '2019-12-03 07:46:44'),
(119, 'QN-000076', 'Bushes Sleeve Bronze', 1, 'Pc', 835000, 835000, '2019-12-03 07:46:44', '2019-12-03 07:46:44'),
(120, 'QN-000078', 'Block Doctor Roll (Dikerjain Minggu 8/12/19)', 1, 'Pc', 600000, 600000, '2019-12-09 07:21:28', '2019-12-09 07:21:28'),
(121, 'QN-000078', 'Roll Kanvas Atas Bubut las tambah daging dudukkan bearing ( Minggu 8/12/19)', 1, 'Pc', 400000, 400000, '2019-12-09 07:21:28', '2019-12-09 07:21:28'),
(122, 'QN-000079', 'Hook Wrapping Cutting Tow (Material Blade TRS 400  Hardness Binnel 360 - 420 ) Minimal Order 50 Pc', 50, 'Pc', 1200000, 60000000, '2019-12-11 06:47:17', '2019-12-11 06:47:17'),
(123, 'QN-000080', 'Clamp Bar (3-321-M-0496) Material ST37/ Mildsteel', 1, 'Pc', 6500000, 6500000, '2019-12-11 07:53:08', '2019-12-11 07:53:08'),
(124, 'QN-000080', 'Clamp Bar (3-321-M) Material ST37/ Mild steel', 1, 'Pc', 5900000, 5900000, '2019-12-11 07:53:08', '2019-12-11 07:53:08'),
(125, 'QN-000081', 'jasa boring', 1, 'Unit', 350000, 350000, '2020-01-22 09:02:40', '2020-01-22 09:02:40'),
(126, 'QN-000081', 'Bubut as', 1, 'Unit', 500000, 500000, '2020-01-22 09:02:40', '2020-01-22 09:02:40'),
(127, 'QN-000082', 'perbaikan deksel', 1, 'Unit', 2500000, 2500000, '2020-01-22 09:07:40', '2020-01-22 09:07:40');

-- --------------------------------------------------------

--
-- Table structure for table `quote_tmp`
--

CREATE TABLE `quote_tmp` (
  `id` int(10) UNSIGNED NOT NULL,
  `description` varchar(255) COLLATE utf8mb4_unicode_ci NOT NULL,
  `quantity` int(11) NOT NULL,
  `uom` varchar(255) COLLATE utf8mb4_unicode_ci NOT NULL,
  `price` int(11) NOT NULL,
  `total` int(11) NOT NULL,
  `created_at` timestamp NULL DEFAULT NULL,
  `updated_at` timestamp NULL DEFAULT NULL
) ENGINE=InnoDB DEFAULT CHARSET=utf8mb4 COLLATE=utf8mb4_unicode_ci;

-- --------------------------------------------------------

--
-- Table structure for table `retur`
--

CREATE TABLE `retur` (
  `id` int(10) UNSIGNED NOT NULL,
  `invoice` varchar(255) COLLATE utf8mb4_unicode_ci NOT NULL,
  `cust_id` int(11) NOT NULL,
  `user_id` int(11) NOT NULL,
  `note` varchar(255) COLLATE utf8mb4_unicode_ci DEFAULT NULL,
  `total` int(11) NOT NULL,
  `status` int(11) NOT NULL DEFAULT 0,
  `created_at` timestamp NULL DEFAULT NULL,
  `updated_at` timestamp NULL DEFAULT NULL
) ENGINE=InnoDB DEFAULT CHARSET=utf8mb4 COLLATE=utf8mb4_unicode_ci;

--
-- Dumping data for table `retur`
--

INSERT INTO `retur` (`id`, `invoice`, `cust_id`, `user_id`, `note`, `total`, `status`, `created_at`, `updated_at`) VALUES
(5, 'RT-000001', 41, 2, 'rusak', 1350000, 0, '2020-01-25 17:00:00', '2020-01-25 17:00:00'),
(6, 'RT-000006', 42, 2, 'salah', 3220000, 0, '2020-01-26 17:00:00', '2020-01-26 17:00:00');

--
-- Triggers `retur`
--
DELIMITER $$
CREATE TRIGGER `decrease_sales` AFTER INSERT ON `retur` FOR EACH ROW BEGIN 
	INSERT INTO sales(invoice, cust_id, user_id, tipe, note, total, dp, pembayaran, sisa, due, created_at, updated_at)VALUES(NEW.invoice, NEW.cust_id, NEW.user_id, 1, NEW.note, NEW.total * -1, 0, 0, NEW.total * -1, 0, NEW.created_at, NEW.updated_at);

END
$$
DELIMITER ;
DELIMITER $$
CREATE TRIGGER `increase_sales` AFTER DELETE ON `retur` FOR EACH ROW BEGIN 
	DELETE FROM sales  
	WHERE invoice = old.invoice;
    
    DELETE FROM sales_item  
	WHERE invoice = old.invoice;
    
    DELETE FROM stocks 
    WHERE document = old.invoice;
END
$$
DELIMITER ;

-- --------------------------------------------------------

--
-- Table structure for table `retur_item`
--

CREATE TABLE `retur_item` (
  `id` int(10) UNSIGNED NOT NULL,
  `invoice` varchar(255) COLLATE utf8mb4_unicode_ci NOT NULL,
  `kategori` int(11) NOT NULL,
  `item_cd` int(11) NOT NULL,
  `uom` varchar(255) COLLATE utf8mb4_unicode_ci NOT NULL,
  `quantity` int(11) NOT NULL,
  `price` int(11) NOT NULL,
  `total` int(11) NOT NULL,
  `created_at` timestamp NULL DEFAULT NULL,
  `updated_at` timestamp NULL DEFAULT NULL
) ENGINE=InnoDB DEFAULT CHARSET=utf8mb4 COLLATE=utf8mb4_unicode_ci;

--
-- Dumping data for table `retur_item`
--

INSERT INTO `retur_item` (`id`, `invoice`, `kategori`, `item_cd`, `uom`, `quantity`, `price`, `total`, `created_at`, `updated_at`) VALUES
(6, 'RT-000001', 2, 12, 'Set', 1, 1350000, 1350000, '2020-01-25 17:00:00', '2020-01-25 17:00:00'),
(7, 'RT-000006', 2, 12, 'Set', 1, 1350000, 1350000, '2020-01-26 17:00:00', '2020-01-26 17:00:00'),
(8, 'RT-000006', 2, 13, 'Set', 1, 1150000, 1150000, '2020-01-26 17:00:00', '2020-01-26 17:00:00'),
(9, 'RT-000006', 2, 14, 'SET', 1, 720000, 720000, '2020-01-26 17:00:00', '2020-01-26 17:00:00');

--
-- Triggers `retur_item`
--
DELIMITER $$
CREATE TRIGGER `retur_process` AFTER INSERT ON `retur_item` FOR EACH ROW BEGIN 
	     
INSERT INTO sales_item(invoice, kategori, item_cd, uom, quantity, price, total, created_at, updated_at )VALUES(NEW.invoice, 2, NEW.item_cd, NEW.uom, NEW.quantity* -1, NEW.price, NEW.total*-1, NEW.created_at, NEW.updated_at);
	
END
$$
DELIMITER ;

-- --------------------------------------------------------

--
-- Table structure for table `retur_tmp`
--

CREATE TABLE `retur_tmp` (
  `id` int(10) UNSIGNED NOT NULL,
  `kategori` int(11) NOT NULL,
  `item_cd` int(11) NOT NULL,
  `uom` varchar(255) COLLATE utf8mb4_unicode_ci NOT NULL,
  `quantity` int(11) NOT NULL,
  `price` int(11) NOT NULL,
  `total` int(11) NOT NULL,
  `user` int(11) DEFAULT NULL,
  `created_at` timestamp NULL DEFAULT NULL,
  `updated_at` timestamp NULL DEFAULT NULL
) ENGINE=InnoDB DEFAULT CHARSET=utf8mb4 COLLATE=utf8mb4_unicode_ci;

-- --------------------------------------------------------

--
-- Table structure for table `sales`
--

CREATE TABLE `sales` (
  `id` int(10) UNSIGNED NOT NULL,
  `invoice` varchar(255) COLLATE utf8mb4_unicode_ci NOT NULL,
  `cust_id` int(11) NOT NULL,
  `user_id` int(11) NOT NULL,
  `tipe` int(11) NOT NULL,
  `note` varchar(255) COLLATE utf8mb4_unicode_ci DEFAULT NULL,
  `total` int(11) NOT NULL,
  `dp` int(11) DEFAULT NULL,
  `pembayaran` int(11) NOT NULL DEFAULT 0,
  `sisa` int(11) NOT NULL DEFAULT 0,
  `status` int(11) NOT NULL DEFAULT 0,
  `due` int(11) DEFAULT NULL,
  `created_at` timestamp NULL DEFAULT NULL,
  `updated_at` timestamp NULL DEFAULT NULL
) ENGINE=InnoDB DEFAULT CHARSET=utf8mb4 COLLATE=utf8mb4_unicode_ci;

--
-- Dumping data for table `sales`
--

INSERT INTO `sales` (`id`, `invoice`, `cust_id`, `user_id`, `tipe`, `note`, `total`, `dp`, `pembayaran`, `sisa`, `status`, `due`, `created_at`, `updated_at`) VALUES
(1, 'SL-000001', 53, 2, 1, '0', 12012000, NULL, 12012000, 0, 1, NULL, '2021-10-03 17:00:00', '2021-10-03 17:00:00'),
(2, 'SL-000002', 56, 2, 1, NULL, 43440000, 0, 43440000, 0, 1, NULL, '2021-10-03 17:00:00', '2021-10-03 17:00:00'),
(4, 'SL-000003', 54, 2, 1, 'TES', 12000, NULL, 12000, 0, 1, NULL, '2021-10-03 17:00:00', '2021-10-03 17:00:00'),
(5, 'SL-000005', 1246, 2, 1, 'segera', 0, NULL, 0, 0, 1, NULL, '2021-11-24 17:00:00', '2021-11-24 17:00:00'),
(6, 'SL-000006', 1246, 2, 1, 'po smid', 0, 0, 0, 0, 1, NULL, '2021-11-25 17:00:00', '2021-11-25 17:00:00'),
(8, 'SL-000007', 1246, 2, 1, 'po snid', 0, 0, 0, 0, 1, NULL, '2021-11-25 17:00:00', '2021-11-25 17:00:00'),
(9, 'SL-000009', 1246, 2, 1, NULL, 0, NULL, 0, 0, 1, NULL, '2021-12-08 17:00:00', '2021-12-08 17:00:00'),
(11, 'SL-000010', 1247, 2, 1, 'M50-65-BLUE', 0, NULL, 0, 0, 1, NULL, '2021-12-10 17:00:00', '2021-12-10 17:00:00');

--
-- Triggers `sales`
--
DELIMITER $$
CREATE TRIGGER `sales_after_delete_kas` AFTER DELETE ON `sales` FOR EACH ROW BEGIN

DELETE FROM cash_flows WHERE document = OLD.invoice;

END
$$
DELIMITER ;
DELIMITER $$
CREATE TRIGGER `sales_after_insert_kas` AFTER INSERT ON `sales` FOR EACH ROW BEGIN

DELETE FROM cash_flows WHERE document = NEW.invoice;
INSERT INTO cash_flows (type, document, incash, outcash, created_at, updated_at) VALUES('SALES', NEW.invoice, NEW.pembayaran, 0, NEW.created_at, NEW.updated_at);

END
$$
DELIMITER ;

-- --------------------------------------------------------

--
-- Table structure for table `salespay`
--

CREATE TABLE `salespay` (
  `id` int(10) UNSIGNED NOT NULL,
  `payment_no` varchar(255) COLLATE utf8mb4_unicode_ci NOT NULL,
  `sales_id` varchar(255) COLLATE utf8mb4_unicode_ci NOT NULL,
  `customer_id` int(11) NOT NULL,
  `customer_name` varchar(255) COLLATE utf8mb4_unicode_ci NOT NULL,
  `nilai_pembayaran` int(11) NOT NULL,
  `description` text COLLATE utf8mb4_unicode_ci DEFAULT NULL,
  `status` int(11) NOT NULL DEFAULT 0,
  `created_at` timestamp NULL DEFAULT NULL,
  `updated_at` timestamp NULL DEFAULT NULL
) ENGINE=InnoDB DEFAULT CHARSET=utf8mb4 COLLATE=utf8mb4_unicode_ci;

--
-- Triggers `salespay`
--
DELIMITER $$
CREATE TRIGGER `salespay_in` AFTER INSERT ON `salespay` FOR EACH ROW BEGIN 
	UPDATE sales SET pembayaran=pembayaran+NEW.nilai_pembayaran,
	sisa = sisa - NEW.nilai_pembayaran
	WHERE invoice = NEW.sales_id;
	
	INSERT INTO cash_flows(type,document,incash,outcash,created_at,updated_at)VALUES('SPAY', NEW.payment_no, NEW.nilai_pembayaran, 0, NEW.created_at, NEW.updated_at);

END
$$
DELIMITER ;
DELIMITER $$
CREATE TRIGGER `salespay_out` AFTER DELETE ON `salespay` FOR EACH ROW BEGIN 
	UPDATE sales SET pembayaran=pembayaran-old.nilai_pembayaran,
	sisa = sisa + old.nilai_pembayaran
	WHERE invoice = old.sales_id;
	
	DELETE FROM cash_flows WHERE document = OLD.payment_no;
END
$$
DELIMITER ;
DELIMITER $$
CREATE TRIGGER `salespay_update_kas` AFTER UPDATE ON `salespay` FOR EACH ROW BEGIN

UPDATE cash_flows SET incash = NEW.nilai_pembayaran WHERE document = NEW.payment_no;

END
$$
DELIMITER ;

-- --------------------------------------------------------

--
-- Table structure for table `sales_item`
--

CREATE TABLE `sales_item` (
  `id` int(10) UNSIGNED NOT NULL,
  `invoice` varchar(255) COLLATE utf8mb4_unicode_ci NOT NULL,
  `kategori` int(11) NOT NULL,
  `item_cd` int(11) NOT NULL,
  `uom` varchar(255) COLLATE utf8mb4_unicode_ci NOT NULL,
  `quantity` int(11) NOT NULL,
  `price` int(11) NOT NULL,
  `total` int(11) NOT NULL,
  `created_at` timestamp NULL DEFAULT NULL,
  `updated_at` timestamp NULL DEFAULT NULL
) ENGINE=InnoDB DEFAULT CHARSET=utf8mb4 COLLATE=utf8mb4_unicode_ci;

--
-- Dumping data for table `sales_item`
--

INSERT INTO `sales_item` (`id`, `invoice`, `kategori`, `item_cd`, `uom`, `quantity`, `price`, `total`, `created_at`, `updated_at`) VALUES
(1, 'SL-000001', 2, 1, 'PCS', 1, 12000, 12000, '2021-10-03 17:00:00', '2021-10-03 17:00:00'),
(2, 'SL-000001', 2, 2, 'PCS', 2, 6000000, 12000000, '2021-10-03 17:00:00', '2021-10-03 17:00:00'),
(3, 'SL-000002', 2, 1, 'PCS', 20, 12000, 240000, '2021-10-03 17:00:00', '2021-10-03 17:00:00'),
(4, 'SL-000002', 2, 2, 'PCS', 7, 6000000, 42000000, '2021-10-03 17:00:00', '2021-10-03 17:00:00'),
(5, 'SL-000002', 2, 5, 'PCS', 10, 120000, 1200000, '2021-10-03 17:00:00', '2021-10-03 17:00:00'),
(6, 'SL-000003', 2, 1, 'KG', 1, 12000, 12000, '2021-10-03 17:00:00', '2021-10-03 17:00:00'),
(7, 'SL-000005', 2, 18, 'KG', 300, 0, 0, '2021-11-24 17:00:00', '2021-11-24 17:00:00'),
(8, 'SL-000006', 2, 18, 'KG', 300, 0, 0, '2021-11-25 17:00:00', '2021-11-25 17:00:00'),
(10, 'SL-000007', 2, 19, 'KG', 1000, 0, 0, '2021-11-25 17:00:00', '2021-11-25 17:00:00'),
(11, 'SL-000009', 2, 21, 'KG', 100, 0, 0, '2021-12-08 17:00:00', '2021-12-08 17:00:00'),
(13, 'SL-000010', 2, 23, 'KG', 300, 0, 0, '2021-12-10 17:00:00', '2021-12-10 17:00:00');

--
-- Triggers `sales_item`
--
DELIMITER $$
CREATE TRIGGER `sales_process` AFTER INSERT ON `sales_item` FOR EACH ROW BEGIN 
	UPDATE goods SET stok=stok-NEW.quantity
	WHERE id = NEW.item_cd;
END
$$
DELIMITER ;
DELIMITER $$
CREATE TRIGGER `sales_return` AFTER DELETE ON `sales_item` FOR EACH ROW BEGIN 
	UPDATE goods SET stok=stok+old.quantity
	WHERE id = old.item_cd;
END
$$
DELIMITER ;

-- --------------------------------------------------------

--
-- Table structure for table `sales_tmp`
--

CREATE TABLE `sales_tmp` (
  `id` int(10) UNSIGNED NOT NULL,
  `kategori` int(11) NOT NULL,
  `item_cd` int(11) NOT NULL,
  `uom` varchar(255) COLLATE utf8mb4_unicode_ci NOT NULL,
  `quantity` int(11) NOT NULL,
  `price` int(11) NOT NULL,
  `total` int(11) NOT NULL,
  `user` int(11) DEFAULT NULL,
  `created_at` timestamp NULL DEFAULT NULL,
  `updated_at` timestamp NULL DEFAULT NULL
) ENGINE=InnoDB DEFAULT CHARSET=utf8mb4 COLLATE=utf8mb4_unicode_ci;

-- --------------------------------------------------------

--
-- Table structure for table `services`
--

CREATE TABLE `services` (
  `id` int(10) UNSIGNED NOT NULL,
  `invoice` varchar(255) COLLATE utf8mb4_unicode_ci NOT NULL,
  `ttno` varchar(255) COLLATE utf8mb4_unicode_ci NOT NULL,
  `cust_id` int(11) NOT NULL,
  `tech_id` int(11) NOT NULL,
  `note` varchar(255) COLLATE utf8mb4_unicode_ci NOT NULL,
  `fak_no` varchar(50) COLLATE utf8mb4_unicode_ci NOT NULL,
  `do_no` varchar(50) COLLATE utf8mb4_unicode_ci NOT NULL,
  `po_no` varchar(50) COLLATE utf8mb4_unicode_ci NOT NULL,
  `total` int(11) NOT NULL DEFAULT 0,
  `dp` int(11) NOT NULL DEFAULT 0,
  `pembayaran` int(11) NOT NULL DEFAULT 0,
  `sisa` int(11) NOT NULL DEFAULT 0,
  `status` int(11) NOT NULL DEFAULT 0,
  `created_at` timestamp NULL DEFAULT NULL,
  `updated_at` timestamp NULL DEFAULT NULL,
  `direct` tinyint(4) NOT NULL
) ENGINE=InnoDB DEFAULT CHARSET=utf8mb4 COLLATE=utf8mb4_unicode_ci;

--
-- Dumping data for table `services`
--

INSERT INTO `services` (`id`, `invoice`, `ttno`, `cust_id`, `tech_id`, `note`, `fak_no`, `do_no`, `po_no`, `total`, `dp`, `pembayaran`, `sisa`, `status`, `created_at`, `updated_at`, `direct`) VALUES
(1, 'SV-000001', 'RN-000001', 23, 44, 'beres', '', '', '', 1040000, 0, 1040000, 0, 1, '2019-09-03 17:00:00', '2019-09-04 07:15:59', 0),
(2, 'SV-000002', 'RN-000002', 24, 45, 'bagus', '', '', '', 2000000, 0, 2000000, 0, 1, '2019-09-17 17:00:00', '2019-09-18 09:18:20', 0),
(3, 'SV-000003', 'RN-000003', 24, 44, 'proses', '', '', '', 700000, 0, 0, 700000, 1, '2019-09-24 17:00:00', '2019-09-25 07:41:44', 0),
(4, 'SV-000004', 'RN-000004', 24, 44, 'proses', '', '', '', 1050000, 0, 0, 1050000, 1, '2019-09-24 17:00:00', '2019-09-25 08:02:12', 0),
(5, 'SV-000005', 'RN-000005', 24, 44, 'reparasi', '', '', '', 1275000, 0, 0, 1275000, 1, '2019-09-24 17:00:00', '2019-09-25 08:41:09', 0),
(6, 'SV-000006', 'RN-000006', 25, 44, 'buat baru', '', '', '', 2850000, 0, 0, 2850000, 1, '2019-09-24 17:00:00', '2019-09-25 09:05:06', 0),
(7, 'SV-000007', 'RN-000007', 25, 44, 'BUat Baru', '', '', '', 2850000, 0, 0, 2850000, 1, '2019-09-26 17:00:00', '2019-09-27 04:30:11', 0),
(8, 'SV-000008', 'RN-000010', 24, 44, 'reparasi', '-', '-', '-', 1275000, 0, 0, 1275000, 1, '2019-09-29 17:00:00', '2019-09-30 09:11:32', 0),
(9, 'SV-000009', 'RN-000009', 24, 44, 'Selesai dengn baik', '123', '565', '5655', 250000, 0, 0, 250000, 1, '2019-10-15 17:00:00', '2019-10-16 04:24:51', 0),
(10, 'SV-000010', 'RN-000019', 40, 46, 'bagus', '0', '0', '0', 520000, 0, 0, 520000, 1, '2020-01-21 17:00:00', '2020-01-22 07:08:34', 0),
(11, 'SV-000011', 'RN-000020', 40, 46, 'oke', '0', '0', '0', 520000, 0, 0, 520000, 1, '2020-01-21 17:00:00', '2020-01-22 07:57:55', 0),
(12, 'SV-000012', 'RN-000021', 40, 46, 'ojke', '0', '0', '0', 1400000, 0, 0, 1400000, 1, '2020-01-21 17:00:00', '2020-01-22 08:34:06', 0),
(13, 'SV-000013', 'RN-000022', 41, 46, 'oke', '0', '00', '0', 1600000, 0, 0, 1600000, 1, '2020-01-21 17:00:00', '2020-01-22 08:56:09', 0),
(14, 'SV-000014', 'RN-000023', 41, 46, 'oke', '0', '0', '0', 760000, 0, 0, 360000, 1, '2020-01-21 17:00:00', '2020-01-22 09:37:58', 0),
(15, 'SV-000015', 'RN-000025', 41, 46, 'oke', '0', '0', '0', 790000, 0, 0, 520000, 1, '2020-01-21 17:00:00', '2020-01-22 10:30:16', 0),
(16, 'SV-000016', 'RN-000024', 43, 46, 'oke', '0', '00', '0', 1200000, 100000, 100000, 1100000, 1, '2020-01-21 17:00:00', '2020-01-22 10:38:31', 0),
(17, 'SV-000017', 'RN-000026', 41, 46, 'oke', '0', '0', '0', 1200000, 100000, 100000, 1100000, 1, '2020-01-21 17:00:00', '2020-01-22 10:39:21', 0),
(18, 'SV-000018', 'RN-000027', 43, 46, 'Oke', '12', '1212', '1212', 10800000, 100000, 100000, 10700000, 1, '2020-01-22 17:00:00', '2020-01-23 02:48:49', 0),
(19, 'SV-000019', 'RN-000028', 42, 46, 'oke', '12', '121', '12', 14360000, 1000000, 1000000, 13360000, 1, '2020-01-22 17:00:00', '2020-01-23 05:55:27', 0),
(20, 'SV-000020', 'RN-000030', 43, 46, '0', '0', '0', '0', 1600000, 0, 0, 1600000, 1, '2020-01-22 17:00:00', '2020-01-23 10:17:16', 0),
(21, 'SV-000021', 'RN-000031', 44, 46, '0', '0', '00', '0', 2550000, 0, 0, 2550000, 1, '2020-01-30 17:00:00', '2020-01-31 10:22:51', 0),
(24, 'SV-000022', 'RN-000033', 41, 46, '9090', '909', '8980', '0909', 2550000, 0, 0, 2550000, 1, '2020-02-07 17:00:00', '2020-02-10 08:40:37', 1),
(26, 'SV-000025', 'RN-000036', 44, 46, 'oke', '0', '0', '0', 855000, 0, 0, 855000, 1, '2020-02-09 17:00:00', '2020-02-10 09:39:05', 1),
(27, 'SV-000027', 'RN-000039', 54, 46, 'oke', '01', '02', '002', 3310000, 1, 1, 3309999, 1, '2020-03-02 17:00:00', '2020-03-03 10:44:37', 0),
(28, 'SV-000028', 'RN-000040', 53, 46, 'oke', '0', '0', '0', 4315000, 0, 0, 4315000, 1, '2020-03-04 17:00:00', '2020-03-05 06:13:44', 1),
(29, 'SV-000029', 'RN-000041', 54, 47, 'oke', '1', '11', '1', 7655000, 0, 0, 7655000, 1, '2020-03-04 17:00:00', '2020-03-05 10:02:26', 1),
(30, 'SV-000030', 'RN-000042', 59, 46, 'oke', '0', '0', '0', 4005000, 0, 0, 4005000, 1, '2020-03-04 17:00:00', '2020-03-05 10:27:35', 1),
(31, 'SV-000031', 'RN-000046', 61, 46, 'oke', '0', '0', '0', 548000, 0, 0, 548000, 0, '2020-03-15 17:00:00', '2020-03-16 03:10:46', 1),
(32, 'SV-000032', 'RN-000047', 68, 46, 'Block kroas', '0', '0', '0', 625000, 0, 0, 625000, 1, '2020-03-15 17:00:00', '2020-03-16 03:57:30', 1);

-- --------------------------------------------------------

--
-- Table structure for table `service_item_good`
--

CREATE TABLE `service_item_good` (
  `id` int(10) UNSIGNED NOT NULL,
  `invoice` varchar(255) COLLATE utf8mb4_unicode_ci NOT NULL,
  `kategori` int(11) NOT NULL,
  `item_cd` int(11) NOT NULL,
  `item_name` varchar(255) COLLATE utf8mb4_unicode_ci NOT NULL DEFAULT '',
  `uom` varchar(255) COLLATE utf8mb4_unicode_ci NOT NULL,
  `quantity` int(11) NOT NULL,
  `price` int(11) NOT NULL,
  `total` int(11) NOT NULL,
  `created_at` timestamp NULL DEFAULT NULL,
  `updated_at` timestamp NULL DEFAULT NULL
) ENGINE=InnoDB DEFAULT CHARSET=utf8mb4 COLLATE=utf8mb4_unicode_ci;

--
-- Dumping data for table `service_item_good`
--

INSERT INTO `service_item_good` (`id`, `invoice`, `kategori`, `item_cd`, `item_name`, `uom`, `quantity`, `price`, `total`, `created_at`, `updated_at`) VALUES
(1, 'SV-000001', 2, 66, 'Tepung racun api', 'Kilogram', 1, 40000, 40000, '2019-09-03 17:00:00', NULL),
(2, 'SV-000002', 2, 67, 'Vcn 150', 'Pcs', 1, 1000000, 1000000, '2019-09-17 17:00:00', NULL),
(3, 'SV-000003', 2, 1, 'spur gear  z30 w 60', 'Pcs', 1, 250000, 250000, '2019-09-24 17:00:00', NULL),
(4, 'SV-000004', 2, 2, 'teflon uk. 11mm x 260 x 280', 'Pcs', 1, 875000, 875000, '2019-09-24 17:00:00', NULL),
(5, 'SV-000005', 2, 3, 'navotek 10 mm x 220 x 220', 'Pcs', 1, 150000, 150000, '2019-09-24 17:00:00', NULL),
(6, 'SV-000005', 2, 4, 'Pe Blue 22mm x 210mm x 220 mm', 'Pcs', 1, 137500, 137500, '2019-09-24 17:00:00', NULL),
(7, 'SV-000005', 2, 5, 'Pe Blue 80 p. 75mm', 'Pcs', 1, 100000, 100000, '2019-09-24 17:00:00', NULL),
(8, 'SV-000005', 2, 6, 'bearing id 20 od 37 tebal 9mm', 'Pcs', 1, 187500, 187500, '2019-09-24 17:00:00', NULL),
(9, 'SV-000006', 2, 7, 'Packing karet kaca tahan panas bw 22 x 22mm', 'Meter', 10, 285000, 2850000, '2019-09-24 17:00:00', NULL),
(10, 'SV-000007', 2, 7, 'Packing karet kaca tahan panas bw 22 x 22mm', 'Meter', 10, 285000, 2850000, '2019-09-26 17:00:00', NULL),
(11, 'SV-000008', 2, 4, 'Pe Blue 22mm x 210mm x 220 mm', 'Pcs', 1, 137500, 137500, '2019-09-29 17:00:00', NULL),
(12, 'SV-000008', 2, 5, 'Pe Blue 80 p. 75mm', 'Pcs', 1, 100000, 100000, '2019-09-29 17:00:00', NULL),
(13, 'SV-000008', 2, 3, 'navotek 10 mm x 220 x 220', 'Pcs', 1, 150000, 150000, '2019-09-29 17:00:00', NULL),
(14, 'SV-000008', 2, 6, 'bearing id 20 od 37 tebal 9mm', 'Pcs', 1, 187500, 187500, '2019-09-29 17:00:00', NULL),
(15, 'SV-000009', 2, 1, 'spur gear  z30 w 60', 'Pcs', 1, 250000, 250000, '2019-10-15 17:00:00', NULL),
(16, 'SV-000010', 2, 8, 'mentalan raun+duduk', 'Pcs', 1, 400000, 400000, '2020-01-21 17:00:00', NULL),
(17, 'SV-000011', 2, 8, 'mentalan raun+duduk', 'Pcs', 1, 400000, 400000, '2020-01-21 17:00:00', NULL),
(18, 'SV-000013', 2, 8, 'mentalan raun+duduk', 'Pcs', 1, 400000, 400000, '2020-01-21 17:00:00', NULL),
(20, 'SV-000014', 2, 8, 'mentalan raun+duduk', 'Pcs', 1, 400000, 400000, '2020-01-21 17:00:00', NULL),
(22, 'SV-000015', 2, 8, 'mentalan raun+duduk', 'Pcs', 1, 400000, 400000, '2020-01-21 17:00:00', NULL),
(23, 'SV-000018', 2, 8, 'mentalan raun+duduk', 'Pcs', 27, 400000, 10800000, '2020-01-22 17:00:00', NULL),
(24, 'SV-000019', 2, 8, 'mentalan raun+duduk', 'Pcs', 2, 400000, 800000, '2020-01-22 17:00:00', NULL),
(25, 'SV-000019', 2, 9, 'Bumper Mobil Depan', 'Unit', 2, 120000, 240000, '2020-01-22 17:00:00', NULL),
(26, 'SV-000019', 2, 10, 'Ban Mobil Ukuran 30 Inch', 'Unit', 6, 1600000, 9600000, '2020-01-22 17:00:00', NULL),
(27, 'SV-000020', 2, 8, 'mentalan raun+duduk', 'Pcs', 1, 400000, 400000, '2020-01-22 17:00:00', NULL),
(28, 'SV-000021', 2, 12, 'PISTON L300 D', 'Set', 1, 1350000, 1350000, '2020-01-30 17:00:00', NULL),
(31, 'SV-000022', 2, 12, 'PISTON L300 D', 'Set', 1, 1350000, 1350000, '2020-02-07 17:00:00', NULL),
(32, 'SV-000025', 2, 21, 'TEMING BELT PANJANG L300 D', 'PCS', 1, 675000, 675000, '2020-02-09 17:00:00', NULL),
(33, 'SV-000027', 2, 12, 'PISTON L300 D', 'Set', 1, 1350000, 1350000, '2020-03-02 17:00:00', NULL),
(34, 'SV-000027', 2, 15, 'MENTALAN RAUND L300 D', 'SET', 2, 320000, 640000, '2020-03-02 17:00:00', NULL),
(35, 'SV-000027', 2, 14, 'FORING L300 D', 'SET', 1, 720000, 720000, '2020-03-02 17:00:00', NULL),
(36, 'SV-000028', 2, 12, 'PISTON L300 D', 'Set', 1, 1350000, 1350000, '2020-03-04 17:00:00', NULL),
(37, 'SV-000028', 2, 13, 'RING PISTON L300 D', 'Set', 1, 1150000, 1150000, '2020-03-04 17:00:00', NULL),
(38, 'SV-000028', 2, 14, 'FORING L300 D', 'SET', 1, 720000, 720000, '2020-03-04 17:00:00', NULL),
(39, 'SV-000028', 2, 15, 'MENTALAN RAUND L300 D', 'SET', 1, 320000, 320000, '2020-03-04 17:00:00', NULL),
(40, 'SV-000028', 2, 16, 'MENTALAN DUDUK L300 D', 'SET', 1, 575000, 575000, '2020-03-04 17:00:00', NULL),
(41, 'SV-000029', 2, 18, 'PAKING KOMPLIT L300 D', 'SET', 1, 2650000, 2650000, '2020-03-04 17:00:00', NULL),
(42, 'SV-000029', 2, 15, 'MENTALAN RAUND L300 D', 'SET', 1, 320000, 320000, '2020-03-04 17:00:00', NULL),
(43, 'SV-000029', 2, 16, 'MENTALAN DUDUK L300 D', 'SET', 1, 575000, 575000, '2020-03-04 17:00:00', NULL),
(44, 'SV-000029', 2, 17, 'MENTALAN BULAN L300 D', 'SET', 1, 145000, 145000, '2020-03-04 17:00:00', NULL),
(45, 'SV-000029', 2, 12, 'PISTON L300 D', 'Set', 1, 1350000, 1350000, '2020-03-04 17:00:00', NULL),
(46, 'SV-000029', 2, 13, 'RING PISTON L300 D', 'Set', 1, 1150000, 1150000, '2020-03-04 17:00:00', NULL),
(47, 'SV-000029', 2, 20, 'FILTER SOLAR L300 D', 'PCS', 1, 90000, 90000, '2020-03-04 17:00:00', NULL),
(48, 'SV-000029', 2, 21, 'TEMING BELT PANJANG L300 D', 'PCS', 1, 675000, 675000, '2020-03-04 17:00:00', NULL),
(49, 'SV-000029', 2, 27, 'PAKING DEKSEL L300 D', 'PCS', 1, 265000, 265000, '2020-03-04 17:00:00', NULL),
(50, 'SV-000029', 2, 24, 'LAHAR TEMING BELT KECIL L300 D', 'PCS', 1, 0, 0, '2020-03-04 17:00:00', NULL),
(51, 'SV-000029', 2, 28, 'PAKING TUTUP KLEP L300 D', 'PCS', 1, 165000, 165000, '2020-03-04 17:00:00', NULL),
(52, 'SV-000030', 2, 12, 'PISTON L300 D', 'Set', 1, 1350000, 1350000, '2020-03-04 17:00:00', NULL),
(53, 'SV-000030', 2, 13, 'RING PISTON L300 D', 'Set', 1, 1150000, 1150000, '2020-03-04 17:00:00', NULL),
(54, 'SV-000030', 2, 30, 'PAKING EJOS API L300 D', 'PCS', 1, 0, 0, '2020-03-04 17:00:00', NULL),
(55, 'SV-000030', 2, 28, 'PAKING TUTUP KLEP L300 D', 'PCS', 1, 165000, 165000, '2020-03-04 17:00:00', NULL),
(56, 'SV-000030', 2, 29, 'SEAL KLEP L300 D', 'SET', 1, 200000, 200000, '2020-03-04 17:00:00', NULL),
(57, 'SV-000030', 2, 14, 'FORING L300 D', 'SET', 1, 720000, 720000, '2020-03-04 17:00:00', NULL),
(58, 'SV-000030', 2, 23, 'LAHAR TEMING BELT BESAR L300 D', 'PCS', 1, 0, 0, '2020-03-04 17:00:00', NULL),
(59, 'SV-000030', 2, 26, 'BANGKU MESIN KANAN L300 D', 'PCS', 1, 420000, 420000, '2020-03-04 17:00:00', NULL);

--
-- Triggers `service_item_good`
--
DELIMITER $$
CREATE TRIGGER `sales_deleted` AFTER DELETE ON `service_item_good` FOR EACH ROW BEGIN 
	UPDATE goods SET stok=stok+old.quantity
	WHERE id = old.item_cd;
END
$$
DELIMITER ;
DELIMITER $$
CREATE TRIGGER `sales_out` AFTER INSERT ON `service_item_good` FOR EACH ROW BEGIN 
	UPDATE goods SET stok=stok-NEW.quantity
	WHERE id = NEW.item_cd;
END
$$
DELIMITER ;

-- --------------------------------------------------------

--
-- Table structure for table `service_item_job`
--

CREATE TABLE `service_item_job` (
  `id` int(10) UNSIGNED NOT NULL,
  `invoice` varchar(255) COLLATE utf8mb4_unicode_ci NOT NULL,
  `kategori` int(11) NOT NULL,
  `item_cd` int(11) NOT NULL,
  `item_name` varchar(255) COLLATE utf8mb4_unicode_ci NOT NULL DEFAULT '',
  `uom` varchar(255) COLLATE utf8mb4_unicode_ci NOT NULL,
  `quantity` int(11) NOT NULL,
  `price` int(11) NOT NULL,
  `total` int(11) NOT NULL,
  `created_at` timestamp NULL DEFAULT NULL,
  `updated_at` timestamp NULL DEFAULT NULL
) ENGINE=InnoDB DEFAULT CHARSET=utf8mb4 COLLATE=utf8mb4_unicode_ci;

--
-- Dumping data for table `service_item_job`
--

INSERT INTO `service_item_job` (`id`, `invoice`, `kategori`, `item_cd`, `item_name`, `uom`, `quantity`, `price`, `total`, `created_at`, `updated_at`) VALUES
(1, 'SV-000001', 1, 11, 'Pekerjaan bubutan', 'Unit', 1, 1000000, 1000000, '2019-09-03 17:00:00', NULL),
(2, 'SV-000002', 1, 12, 'Buat Gear Z 40', 'Pcs', 1, 1000000, 1000000, '2019-09-17 17:00:00', NULL),
(3, 'SV-000003', 1, 11, 'Pekerjaan bubutan', 'Unit', 1, 350000, 350000, '2019-09-24 17:00:00', NULL),
(4, 'SV-000003', 1, 14, 'buat gigi z30 w 60', 'Pcs', 1, 100000, 100000, '2019-09-24 17:00:00', NULL),
(5, 'SV-000004', 1, 15, 'pekerjaan teflon uk. 11mm x 260 x 280', 'Pcs', 1, 175000, 175000, '2019-09-24 17:00:00', NULL),
(6, 'SV-000005', 1, 11, 'Pekerjaan bubutan', 'Unit', 2, 350000, 700000, '2019-09-24 17:00:00', NULL),
(7, 'SV-000008', 1, 11, 'Pekerjaan bubutan', 'Unit', 2, 350000, 700000, '2019-09-29 17:00:00', NULL),
(8, 'SV-000010', 1, 17, 'ngepas mentalan', 'Unit', 1, 120000, 120000, '2020-01-21 17:00:00', NULL),
(9, 'SV-000011', 1, 17, 'ngepas mentalan', 'Unit', 1, 120000, 120000, '2020-01-21 17:00:00', NULL),
(10, 'SV-000012', 1, 16, 'scrap', 'Unit', 1, 1200000, 1200000, '2020-01-21 17:00:00', NULL),
(11, 'SV-000012', 1, 19, 'boring sanggup jaya', 'Unit', 1, 200000, 200000, '2020-01-21 17:00:00', NULL),
(12, 'SV-000013', 1, 16, 'Jasa scrap', 'Unit', 1, 1200000, 1200000, '2020-01-21 17:00:00', NULL),
(15, 'SV-000014', 1, 18, 'boring avanza 1.3 vvti', 'Unit', 1, 360000, 360000, '2020-01-21 17:00:00', NULL),
(17, 'SV-000015', 1, 17, 'ngepas mentalan', 'Unit', 1, 120000, 120000, '2020-01-21 17:00:00', NULL),
(18, 'SV-000015', 1, 20, 'kurg as', 'Unit', 1, 270000, 270000, '2020-01-21 17:00:00', NULL),
(19, 'SV-000016', 1, 16, 'Jasa scrap', 'Unit', 1, 1200000, 1200000, '2020-01-21 17:00:00', NULL),
(20, 'SV-000017', 1, 16, 'Jasa scrap', 'Unit', 1, 1200000, 1200000, '2020-01-21 17:00:00', NULL),
(21, 'SV-000019', 1, 16, 'Jasa scrap', 'Unit', 2, 1200000, 2400000, '2020-01-22 17:00:00', NULL),
(22, 'SV-000019', 1, 17, 'Jasa ngepas mentalan', 'Unit', 2, 120000, 240000, '2020-01-22 17:00:00', NULL),
(23, 'SV-000019', 1, 18, 'Jasa boring avanza 1.3 vvti', 'Unit', 3, 360000, 1080000, '2020-01-22 17:00:00', NULL),
(24, 'SV-000020', 1, 16, 'Jasa scrap', 'Unit', 1, 1200000, 1200000, '2020-01-22 17:00:00', NULL),
(25, 'SV-000021', 1, 16, 'Jasa scrap', 'Unit', 1, 1200000, 1200000, '2020-01-30 17:00:00', NULL),
(28, 'SV-000022', 1, 20, 'kurg as', 'Unit', 1, 270000, 270000, '2020-02-07 17:00:00', NULL),
(29, 'SV-000022', 1, 19, 'boring sanggup jaya', 'Unit', 1, 200000, 200000, '2020-02-07 17:00:00', NULL),
(30, 'SV-000025', 1, 24, 'Block boring Bensin', 'PCS', 1, 180000, 180000, '2020-02-09 17:00:00', NULL),
(31, 'SV-000027', 1, 187, 'Deksel las skrap Bensin', 'Unit', 1, 200000, 200000, '2020-03-02 17:00:00', NULL),
(32, 'SV-000027', 1, 188, 'boring', 'Unit', 2, 200000, 400000, '2020-03-02 17:00:00', NULL),
(33, 'SV-000028', 1, 189, 'Deksel las skrap Bensin', 'Unit', 1, 200000, 200000, '2020-03-04 17:00:00', NULL),
(34, 'SV-000029', 1, 190, 'kur as bubut raun duduk', 'Unit', 1, 270000, 270000, '2020-03-04 17:00:00', NULL),
(35, 'SV-000031', 1, 198, 'Deksel las skrap Bensin', 'Unit', 1, 98000, 98000, '2020-03-15 17:00:00', NULL),
(36, 'SV-000031', 1, 199, 'Block center cup 5mata Bensin', 'unit', 1, 450000, 450000, '2020-03-15 17:00:00', NULL),
(37, 'SV-000032', 1, 200, 'Block boring 4 lbng', 'unit', 1, 200000, 200000, '2020-03-15 17:00:00', NULL),
(38, 'SV-000032', 1, 202, 'kroas bubut raund duduk 9mata', 'unit', 1, 425000, 425000, '2020-03-15 17:00:00', NULL);

-- --------------------------------------------------------

--
-- Table structure for table `service_tmp`
--

CREATE TABLE `service_tmp` (
  `id` int(10) UNSIGNED NOT NULL,
  `kategori` int(11) NOT NULL,
  `item_cd` int(11) NOT NULL,
  `item_name` varchar(255) COLLATE utf8mb4_unicode_ci NOT NULL DEFAULT '',
  `uom` varchar(255) COLLATE utf8mb4_unicode_ci NOT NULL,
  `quantity` int(11) NOT NULL,
  `price` int(11) NOT NULL,
  `total` int(11) NOT NULL,
  `created_at` timestamp NULL DEFAULT NULL,
  `updated_at` timestamp NULL DEFAULT NULL
) ENGINE=InnoDB DEFAULT CHARSET=utf8mb4 COLLATE=utf8mb4_unicode_ci;

-- --------------------------------------------------------

--
-- Table structure for table `setting_stok`
--

CREATE TABLE `setting_stok` (
  `manage` int(11) DEFAULT NULL,
  `unmanaged` int(11) DEFAULT NULL
) ENGINE=InnoDB DEFAULT CHARSET=latin1;

--
-- Dumping data for table `setting_stok`
--

INSERT INTO `setting_stok` (`manage`, `unmanaged`) VALUES
(0, 1);

-- --------------------------------------------------------

--
-- Table structure for table `stocks`
--

CREATE TABLE `stocks` (
  `id` int(10) UNSIGNED NOT NULL,
  `id_good` int(11) NOT NULL,
  `type` varchar(255) COLLATE utf8mb4_unicode_ci NOT NULL,
  `document` varchar(255) COLLATE utf8mb4_unicode_ci NOT NULL,
  `in` int(11) NOT NULL,
  `out` int(11) NOT NULL,
  `created_at` timestamp NULL DEFAULT NULL,
  `updated_at` timestamp NULL DEFAULT NULL
) ENGINE=InnoDB DEFAULT CHARSET=utf8mb4 COLLATE=utf8mb4_unicode_ci;

--
-- Dumping data for table `stocks`
--

INSERT INTO `stocks` (`id`, `id_good`, `type`, `document`, `in`, `out`, `created_at`, `updated_at`) VALUES
(6, 12, 'Sales', 'SL-000001', 0, 1, '2020-01-25 17:00:00', NULL),
(7, 13, 'Sales', 'SL-000001', 0, 1, '2020-01-25 17:00:00', NULL),
(8, 14, 'Sales', 'SL-000001', 0, 1, '2020-01-25 17:00:00', NULL),
(9, 15, 'Sales', 'SL-000001', 0, 1, '2020-01-25 17:00:00', NULL),
(10, 16, 'Sales', 'SL-000001', 0, 1, '2020-01-25 17:00:00', NULL),
(16, 12, 'Sales', 'RT-000001', 1, 0, '2020-01-25 17:00:00', NULL),
(17, 12, 'Retur', 'RT-000006', 1, 0, '2020-01-26 17:00:00', NULL),
(18, 13, 'Retur', 'RT-000006', 1, 0, '2020-01-26 17:00:00', NULL),
(19, 14, 'Retur', 'RT-000006', 1, 0, '2020-01-26 17:00:00', NULL),
(20, 12, 'sales', 'SV-000021', 0, 1, '2020-01-30 17:00:00', NULL),
(23, 12, 'sales', 'SV-000022', 0, 1, '2020-02-07 17:00:00', NULL),
(24, 21, 'sales', 'SV-000025', 0, 1, '2020-02-09 17:00:00', NULL),
(25, 12, 'sales', 'SV-000027', 0, 1, '2020-03-02 17:00:00', NULL),
(26, 15, 'sales', 'SV-000027', 0, 2, '2020-03-02 17:00:00', NULL),
(27, 14, 'sales', 'SV-000027', 0, 1, '2020-03-02 17:00:00', NULL),
(28, 12, 'sales', 'SV-000028', 0, 1, '2020-03-04 17:00:00', NULL),
(29, 13, 'sales', 'SV-000028', 0, 1, '2020-03-04 17:00:00', NULL),
(30, 14, 'sales', 'SV-000028', 0, 1, '2020-03-04 17:00:00', NULL),
(31, 15, 'sales', 'SV-000028', 0, 1, '2020-03-04 17:00:00', NULL),
(32, 16, 'sales', 'SV-000028', 0, 1, '2020-03-04 17:00:00', NULL),
(33, 18, 'sales', 'SV-000029', 0, 1, '2020-03-04 17:00:00', NULL),
(34, 15, 'sales', 'SV-000029', 0, 1, '2020-03-04 17:00:00', NULL),
(35, 16, 'sales', 'SV-000029', 0, 1, '2020-03-04 17:00:00', NULL),
(36, 17, 'sales', 'SV-000029', 0, 1, '2020-03-04 17:00:00', NULL),
(37, 12, 'sales', 'SV-000029', 0, 1, '2020-03-04 17:00:00', NULL),
(38, 13, 'sales', 'SV-000029', 0, 1, '2020-03-04 17:00:00', NULL),
(39, 20, 'sales', 'SV-000029', 0, 1, '2020-03-04 17:00:00', NULL),
(40, 21, 'sales', 'SV-000029', 0, 1, '2020-03-04 17:00:00', NULL),
(41, 27, 'sales', 'SV-000029', 0, 1, '2020-03-04 17:00:00', NULL),
(42, 24, 'sales', 'SV-000029', 0, 1, '2020-03-04 17:00:00', NULL),
(43, 28, 'sales', 'SV-000029', 0, 1, '2020-03-04 17:00:00', NULL),
(44, 12, 'sales', 'SV-000030', 0, 1, '2020-03-04 17:00:00', NULL),
(45, 13, 'sales', 'SV-000030', 0, 1, '2020-03-04 17:00:00', NULL),
(46, 30, 'sales', 'SV-000030', 0, 1, '2020-03-04 17:00:00', NULL),
(47, 28, 'sales', 'SV-000030', 0, 1, '2020-03-04 17:00:00', NULL),
(48, 29, 'sales', 'SV-000030', 0, 1, '2020-03-04 17:00:00', NULL),
(49, 14, 'sales', 'SV-000030', 0, 1, '2020-03-04 17:00:00', NULL),
(50, 23, 'sales', 'SV-000030', 0, 1, '2020-03-04 17:00:00', NULL),
(51, 26, 'sales', 'SV-000030', 0, 1, '2020-03-04 17:00:00', NULL),
(122, 1, 'Sales', 'SL-000001', 0, 1, '2021-10-03 17:00:00', NULL),
(123, 2, 'Sales', 'SL-000001', 0, 2, '2021-10-03 17:00:00', NULL),
(124, 1, 'Sales', 'SL-000002', 0, 20, '2021-10-03 17:00:00', NULL),
(125, 2, 'Sales', 'SL-000002', 0, 7, '2021-10-03 17:00:00', NULL),
(126, 5, 'Sales', 'SL-000002', 0, 10, '2021-10-03 17:00:00', NULL),
(141, 1, 'Sales', 'SL-000003', 0, 1, '2021-10-03 17:00:00', NULL),
(192, 18, 'Sales', 'SL-000005', 0, 300, '2021-11-24 17:00:00', NULL),
(193, 18, 'Sales', 'SL-000006', 0, 300, '2021-11-25 17:00:00', NULL),
(197, 19, 'Sales', 'SL-000007', 0, 1000, '2021-11-25 17:00:00', NULL),
(213, 10, 'production', 'PRD-000013', 35, 0, '2021-12-08 04:13:57', NULL),
(216, 21, 'Sales', 'SL-000009', 0, 100, '2021-12-08 17:00:00', NULL),
(217, 18, 'production', 'PRD-000017', 325, 0, '2021-12-08 07:54:13', NULL),
(222, 18, 'production', 'PRD-000019', 500, 0, '2021-12-10 15:44:27', NULL),
(226, 23, 'Sales', 'SL-000010', 0, 300, '2021-12-10 17:00:00', NULL),
(355, 6, 'production', 'PRD-000006', 200, 0, '2022-02-12 03:14:51', NULL),
(356, 2, 'production', 'PRD-000008', 300, 0, '2022-02-12 03:22:09', NULL),
(359, 9, 'production', 'PRD-000009', 500, 0, '2022-02-14 07:41:03', NULL),
(368, 221, 'production', 'PRD-000012', 125, 0, '2022-03-11 03:07:21', NULL),
(372, 221, 'production', 'PRD-000021', 125, 0, '2022-03-16 08:13:28', NULL),
(373, 233, 'production', 'PRD-000021', 100, 0, '2022-03-16 08:13:28', NULL),
(390, 242, 'production', 'PRD-000011', 250, 0, '2022-04-12 06:51:46', NULL),
(391, 249, 'production', 'PRD-000013', 300, 0, '2022-04-12 07:16:25', NULL),
(392, 250, 'production', 'PRD-000014', 250, 0, '2022-04-12 07:19:42', NULL),
(393, 251, 'production', 'PRD-000015', 400, 0, '2022-04-12 07:23:13', NULL),
(394, 253, 'production', 'PRD-000016', 50, 0, '2022-04-12 07:30:00', NULL),
(395, 254, 'production', 'PRD-000017', 100, 0, '2022-04-12 07:34:25', NULL),
(396, 255, 'production', 'PRD-000018', 125, 0, '2022-04-12 07:39:53', NULL),
(397, 252, 'production', 'PRD-000019', 550, 0, '2022-04-20 05:21:30', NULL),
(398, 243, 'production', 'PRD-000020', 200, 0, '2022-04-20 05:49:08', NULL),
(399, 256, 'production', 'PRD-000021', 200, 0, '2022-04-20 06:02:10', NULL),
(400, 256, 'production', 'PRD-000022', 200, 0, '2022-04-20 06:10:04', NULL),
(401, 256, 'production', 'PRD-000023', 200, 0, '2022-04-20 06:17:22', NULL),
(403, 257, 'production', 'PRD-000025', 200, 0, '2022-04-20 06:27:54', NULL),
(404, 258, 'production', 'PRD-000026', 200, 0, '2022-04-20 06:38:23', NULL),
(405, 259, 'production', 'PRD-000027', 200, 0, '2022-04-20 06:45:55', NULL),
(406, 256, 'production', 'PRD-000028', 200, 0, '2022-04-21 01:50:02', NULL),
(407, 260, 'production', 'PRD-000029', 200, 0, '2022-04-21 01:53:42', NULL),
(410, 256, 'production', 'PRD-000031', 200, 0, '2022-04-21 01:58:17', NULL),
(411, 261, 'production', 'PRD-000033', 200, 0, '2022-04-21 02:00:59', NULL),
(412, 261, 'production', 'PRD-000034', 300, 0, '2022-04-21 02:16:22', NULL),
(429, 290, 'purchase', 'PCH-000102', 1000, 0, '2022-04-21 04:52:01', NULL),
(430, 275, 'purchase', 'PCH-000103', 48, 0, '2022-04-21 04:52:13', NULL),
(431, 291, 'purchase', 'PCH-000107', 350, 0, '2022-04-21 04:55:48', NULL),
(433, 291, 'purchase', 'PCH-000127', 500, 0, '2022-04-21 05:22:28', NULL),
(434, 419, 'purchase', 'PCH-000133', 5000, 0, '2022-04-21 05:38:09', NULL),
(440, 243, 'production', 'PRD-000002', 200, 0, '2022-04-22 04:16:45', NULL),
(442, 264, 'production', 'PRD-000007', 200, 0, '2022-04-22 06:26:12', NULL),
(443, 263, 'production', 'PRD-000009', 200, 0, '2022-05-10 03:58:24', NULL),
(445, 254, 'production', 'PRD-000010', 100, 0, '2022-05-11 02:44:33', NULL),
(446, 255, 'production', 'PRD-000012', 125, 0, '2022-05-21 03:26:57', NULL),
(447, 243, 'production', 'PRD-000013', 200, 0, '2022-05-21 03:49:15', NULL),
(448, 243, 'production', 'PRD-000014', 100, 0, '2022-05-21 04:13:36', NULL),
(449, 243, 'production', 'PRD-000015', 100, 0, '2022-05-21 04:15:32', NULL),
(450, 243, 'production', 'PRD-000016', 100, 0, '2022-05-21 04:17:26', NULL),
(451, 243, 'production', 'PRD-000017', 100, 0, '2022-05-21 04:20:30', NULL),
(452, 243, 'production', 'PRD-000018', 100, 0, '2022-05-21 04:23:29', NULL),
(453, 243, 'production', 'PRD-000019', 100, 0, '2022-05-21 04:24:32', NULL),
(454, 243, 'production', 'PRD-000020', 100, 0, '2022-05-21 04:25:24', NULL),
(455, 252, 'production', 'PRD-000021', 550, 0, '2022-05-21 04:52:28', NULL),
(456, 255, 'production', 'PRD-000022', 125, 0, '2022-05-21 05:05:39', NULL),
(457, 243, 'production', 'PRD-000023', 200, 0, '2022-05-25 08:09:33', NULL),
(459, 266, 'production', 'PRD-000024', 100, 0, '2022-06-10 07:50:39', NULL),
(460, 243, 'production', 'PRD-000026', 200, 0, '2022-06-10 08:01:46', NULL),
(461, 263, 'production', 'PRD-000027', 200, 0, '2022-06-10 08:39:19', NULL),
(462, 254, 'production', 'PRD-000028', 100, 0, '2022-06-20 07:48:18', NULL),
(463, 255, 'production', 'PRD-000029', 125, 0, '2022-06-20 08:17:18', NULL),
(470, 263, 'production', 'PRD-000030', 125, 0, '2022-06-22 10:12:48', NULL),
(471, 263, 'production', 'PRD-000037', 200, 0, '2022-06-24 03:34:51', NULL),
(472, 291, 'purchase', 'PCH-000159', 1000, 0, '2022-06-30 07:41:49', NULL),
(473, 290, 'purchase', 'PCH-000159', 1000, 0, '2022-06-30 07:41:49', NULL),
(474, 275, 'purchase', 'PCH-000165', 2380, 0, '2022-06-30 07:50:08', NULL),
(488, 272, 'production', 'PRD-000052', 200, 0, '2022-07-05 08:18:12', NULL),
(489, 273, 'production', 'PRD-000054', 100, 0, '2022-07-06 06:38:11', NULL),
(497, 278, 'production', 'PRD-000059', 200, 0, '2022-07-07 04:08:29', NULL),
(501, 276, 'production', 'PRD-000063', 400, 0, '2022-07-12 03:10:33', NULL),
(502, 271, 'production', 'PRD-000001', 100, 0, '2022-07-12 03:13:25', NULL),
(503, 280, 'production', 'PRD-000068', 100, 0, '2022-07-12 03:45:41', NULL),
(505, 281, 'production', 'PRD-000069', 1000, 0, '2022-07-12 04:22:47', NULL),
(506, 284, 'production', 'PRD-000071', 5, 0, '2022-08-28 02:07:15', NULL);

-- --------------------------------------------------------

--
-- Table structure for table `suppliers`
--

CREATE TABLE `suppliers` (
  `id` int(10) UNSIGNED NOT NULL,
  `supplier_name` varchar(255) COLLATE utf8mb4_unicode_ci NOT NULL,
  `supplier_contact` varchar(255) COLLATE utf8mb4_unicode_ci DEFAULT NULL,
  `supplier_address` varchar(255) COLLATE utf8mb4_unicode_ci NOT NULL,
  `supplier_city` varchar(255) COLLATE utf8mb4_unicode_ci DEFAULT NULL,
  `supplier_phone` varchar(20) COLLATE utf8mb4_unicode_ci NOT NULL,
  `supplier_email` varchar(255) COLLATE utf8mb4_unicode_ci DEFAULT NULL,
  `supplier_fax` varchar(255) COLLATE utf8mb4_unicode_ci DEFAULT NULL,
  `created_at` timestamp NULL DEFAULT NULL,
  `updated_at` timestamp NULL DEFAULT NULL
) ENGINE=InnoDB DEFAULT CHARSET=utf8mb4 COLLATE=utf8mb4_unicode_ci;

--
-- Dumping data for table `suppliers`
--

INSERT INTO `suppliers` (`id`, `supplier_name`, `supplier_contact`, `supplier_address`, `supplier_city`, `supplier_phone`, `supplier_email`, `supplier_fax`, `created_at`, `updated_at`) VALUES
(32, 'PT. Holland Colours', 'Pak Steven', 'Jl. Industri III/ 88 Blok A1-3 \r\nKomp. Industri Facto Jatake\r\nTanggerang 15136', 'TANGGERANG', '087881708899', NULL, NULL, '2022-02-17 10:34:43', '2022-02-17 10:34:43'),
(33, 'PT. Holland Colours  Asia', 'Ibu Ratna', 'Jl. Berbek Industri II/ 2 (Surabaya Industrial Estate Rungkut)\r\nSidoarjo 61256 Surabaya', 'Surabaya', '0318493939', NULL, NULL, '2022-02-17 10:36:11', '2022-02-17 10:36:11'),
(34, 'PT. Holland Colours  Asia', 'Pak Steven', 'Taman Palem Lestari Blok A2 No. 68 \r\nJakarta Barat 11740', 'Jakarta', '087881708899', NULL, NULL, '2022-02-17 10:37:14', '2022-02-17 10:37:14'),
(35, 'JEREMY', 'Ko Jeremy', 'Bandung', 'BANDUNG', '022', NULL, NULL, '2022-03-07 09:38:38', '2022-03-07 09:38:38'),
(36, 'IRA SUHARTI', 'Bu ira', 'Bandung', 'BANDUNG', '0122', NULL, NULL, '2022-03-07 09:39:03', '2022-03-07 09:39:03'),
(38, 'Kurnia Artha Pratiwi PT', NULL, 'Bandung', 'BANDUNG', '022', NULL, NULL, '2022-03-07 09:53:54', '2022-03-07 09:53:54'),
(39, 'Dunia Kimia Jaya PT', NULL, 'Bandung', 'BANDUNG', '022', NULL, NULL, '2022-03-07 09:54:36', '2022-03-07 09:54:36'),
(40, 'Wadah Makmur Kencana PT', NULL, 'Bandung', 'BANDUNG', '022', NULL, NULL, '2022-03-07 09:55:21', '2022-03-07 09:55:21'),
(41, 'DERA HARDIYANTI', NULL, 'BANDUNG', 'BANDUNG', '022', NULL, NULL, '2022-03-07 09:56:00', '2022-03-07 09:56:00'),
(42, 'SADIKUN CHEMICAL PT', NULL, 'Bandung', 'BANDUNG', '022', NULL, NULL, '2022-03-07 09:56:45', '2022-03-07 09:56:45'),
(43, 'Murni Kusuma Jaya PT', NULL, 'Bandung', 'BANDUNG', '022', NULL, NULL, '2022-03-07 10:12:41', '2022-03-07 10:12:41'),
(44, 'SHIDIQ AHMALUDIN', 'Pak Shidiq', 'Bandung', 'BANDUNG', '022', NULL, NULL, '2022-03-16 03:41:43', '2022-03-16 03:41:43'),
(45, 'STOK AKHIR', NULL, 'STOK AKHIR SBS BULAN DESEMBER 2022', NULL, '022', NULL, NULL, '2022-04-06 07:38:00', '2022-04-06 07:38:00'),
(46, 'PAK AVE', NULL, 'BANDUNG', NULL, '022', NULL, NULL, '2022-04-07 07:23:26', '2022-04-07 07:23:26');

-- --------------------------------------------------------

--
-- Table structure for table `tanda_terima`
--

CREATE TABLE `tanda_terima` (
  `id` int(10) UNSIGNED NOT NULL,
  `ttno` varchar(50) COLLATE utf8mb4_unicode_ci NOT NULL DEFAULT '',
  `cust_id` int(11) NOT NULL,
  `item_name` varchar(255) COLLATE utf8mb4_unicode_ci NOT NULL,
  `tipe` varchar(255) COLLATE utf8mb4_unicode_ci NOT NULL,
  `sn` varchar(255) COLLATE utf8mb4_unicode_ci NOT NULL,
  `keterangan` varchar(255) COLLATE utf8mb4_unicode_ci NOT NULL,
  `keluhan` varchar(255) COLLATE utf8mb4_unicode_ci NOT NULL,
  `kelengkapan` varchar(255) COLLATE utf8mb4_unicode_ci NOT NULL,
  `estimasi_selesai` int(11) NOT NULL,
  `dp` int(11) NOT NULL DEFAULT 0,
  `status` tinyint(4) NOT NULL DEFAULT 0,
  `foto` varchar(255) COLLATE utf8mb4_unicode_ci DEFAULT NULL,
  `created_at` timestamp NULL DEFAULT NULL,
  `updated_at` timestamp NULL DEFAULT NULL
) ENGINE=InnoDB DEFAULT CHARSET=utf8mb4 COLLATE=utf8mb4_unicode_ci;

--
-- Dumping data for table `tanda_terima`
--

INSERT INTO `tanda_terima` (`id`, `ttno`, `cust_id`, `item_name`, `tipe`, `sn`, `keterangan`, `keluhan`, `kelengkapan`, `estimasi_selesai`, `dp`, `status`, `foto`, `created_at`, `updated_at`) VALUES
(1, 'RN-000001', 23, 'Gear', '0', '0', 'Perbaiakn gear nanas', 'Pecah', 'Gear\r\nas', 9, 0, 2, NULL, '2019-09-04 07:11:33', '2019-09-04 07:11:33'),
(2, 'RN-000002', 24, 'BUAT GEAR Z40', '40', '0', 'Buat baru', 'Tidak ada', 'Contoh gear z 40 pcs', 30, 0, 2, NULL, '2019-09-18 09:14:05', '2019-09-18 09:14:05'),
(3, 'RN-000003', 24, 'buat gear z30 w 60', '0', '0', 'dp 0', 'Buat Baru', 'contoh gear nya', 6, 0, 2, NULL, '2019-09-25 07:36:37', '2019-09-25 07:36:37'),
(4, 'RN-000004', 24, 'teflon uk. 11mm x 260 x 280', '0', '0', 'buat baru', 'buat baru', 'contoh barang', 1, 0, 2, NULL, '2019-09-25 07:59:07', '2019-09-25 07:59:07'),
(5, 'RN-000005', 24, 'Reparasi bak dan roda glue', '0', '0', 'Reparasi', 'Reparasi', 'Bak dan roda glue', 1, 0, 2, NULL, '2019-09-25 08:19:05', '2019-09-25 08:19:05'),
(6, 'RN-000006', 25, 'Packing Karet kaca tahan panas Bw Uk 22 x 22mm', '0', '0', 'Packing Karet kaca tahan panas Bw Uk 22 x 22mm', 'Buat baru', '0', 5, 0, 2, NULL, '2019-09-25 08:58:29', '2019-09-25 08:58:29'),
(7, 'RN-000007', 25, 'Packing Karet kaca tahan panas Bw Uk 22 x 22mm |', '0', '0', 'Buat Baru', 'Buat Baru', 'Sample', 3, 0, 2, NULL, '2019-09-27 04:28:30', '2019-09-27 04:28:30'),
(9, 'RN-000009', 24, 'Plat nama kkm', '0', '0', 'Buat baru', 'Buat baru', 'Sample', 5, 0, 2, NULL, '2019-09-28 00:11:59', '2019-09-28 00:11:59'),
(11, 'RN-000010', 24, 'reparasi bak dan roda glue', '0', '0', 'Reparasi', '-', 'Barang', 1, 0, 2, NULL, '2019-09-30 09:08:03', '2019-09-30 09:08:03'),
(12, 'RN-000012', 37, 'Piston Cooklid', '0', '0', 'Buat Baru', 'Buat baru', '-', 5, 0, 1, NULL, '2019-10-08 02:33:31', '2019-10-08 02:33:31'),
(13, 'RN-000013', 31, 'PIpa Connection  Type S', '0', '0', 'Buat baru', 'Buat Baru', '0', 5, 0, 1, NULL, '2019-10-08 07:11:11', '2019-10-08 07:11:11'),
(14, 'RN-000014', 25, 'seal dia 50mm x 39,5 mm tebal 3,2 mm', '0', '0', 'Buat baru', 'buat baru-', '-', 3, 0, 1, NULL, '2019-10-09 03:17:17', '2019-10-09 03:17:17'),
(15, 'RN-000015', 24, 'Spur gear', '0', '08080', '1234567', 'no', 'no', 3, 0, 1, NULL, '2019-10-16 04:19:17', '2019-10-16 04:19:17'),
(16, 'RN-000016', 24, 'Buat Baru Feedroll', '0', '0', 'Buat Baru', '0', '0', 0, 0, 1, NULL, '2019-10-16 04:29:00', '2019-10-16 04:29:00'),
(17, 'RN-000017', 26, 'Garpu Forklif', '0', '0', 'Buat baru', '0', '0', 0, 0, 1, NULL, '2019-10-16 07:01:11', '2019-10-16 07:01:11'),
(18, 'RN-000018', 26, 'press roll', '0', '0', '0', '0', '0', 3, 0, 1, NULL, '2019-10-29 03:25:30', '2019-10-29 03:25:30'),
(19, 'RN-000019', 40, 'kur as', 'aveo', '0', 'pasang mentalan', 'aus', 'kur as\r\nbaut\r\npacking', 3, 0, 2, NULL, '2020-01-22 07:06:10', '2020-01-22 07:06:10'),
(20, 'RN-000020', 40, 'kur as', 'kijang', '4646', 'ganti mentalan', 'aus', 'kur as\r\nmentalan', 3, 0, 2, NULL, '2020-01-22 07:26:48', '2020-01-22 07:26:48'),
(21, 'RN-000021', 40, 'boring', 'kijang', '0', 'boring', 'boring', 'as', 3, 0, 2, NULL, '2020-01-22 08:02:00', '2020-01-22 08:02:00'),
(22, 'RN-000022', 41, 'boring', 'avnza', '0', 'boring', 'aus', 'deksel', 2, 0, 2, NULL, '2020-01-22 08:44:54', '2020-01-22 08:44:54'),
(23, 'RN-000023', 41, 'boring', 'avanza', '01', 'boring', 'aua', 'deksel', 5, 0, 2, NULL, '2020-01-22 09:36:54', '2020-01-22 09:36:54'),
(24, 'RN-000024', 43, 'Blok boring', 'Avanza', '0', 'blok boring avanza tahun 2017', 'rusak', 'mesin\r\ndeksel\r\nblok', 3, 100000, 2, NULL, '2020-01-22 10:22:22', '2020-01-22 10:22:22'),
(25, 'RN-000025', 41, 'pasang mentalan', 'aveo', '0', 'pasang menatalan', 'aus', 'kur as', 3, 0, 2, NULL, '2020-01-22 10:29:08', '2020-01-22 10:29:08'),
(26, 'RN-000026', 41, 'kurg as', 'Avanza', '0', 'kurs as', 'rusak', 'klurg as', 3, 100000, 2, NULL, '2020-01-22 10:37:00', '2020-01-22 10:37:00'),
(27, 'RN-000027', 43, 'jasa boring', 'Avanza', '0', 'Jasa boring', 'rusa', 'kurg as', 2, 100000, 2, NULL, '2020-01-22 10:37:47', '2020-01-22 10:37:47'),
(28, 'RN-000028', 42, 'Perbaikan Mobil Merk Mitsubishi Expander', 'expander', '1313131', 'Rusak Body Habis Tabrakan', 'Lecet Body', 'mobil 1 unit', 10, 1000000, 2, 'perbaikan - mobil - merk - mitsubishi - expander.jpg', '2020-01-23 05:49:04', '2020-01-23 05:49:04'),
(29, 'RN-000029', 41, 'ngepas mentalan', 'aveo', '0021', 'ngepas mentalan', 'rusak', 'kurg as\r\nmentalan set', 3, 100000, 1, NULL, '2020-01-23 09:45:29', '2020-01-23 09:45:29'),
(30, 'RN-000030', 43, 'Blok ganti liner 4 lobang', 'ps 100', '43d1', 'blok ganti liner rekondisi', 'rusak', 'blok, kor as, sokar, piston ring', 3, 0, 2, NULL, '2020-01-23 10:12:43', '2020-01-23 10:12:43'),
(31, 'RN-000031', 44, 'Blok kijang diesel', 'kijang diesel', '0', 'blok klijang diesel', 'rusak', 'blok kijang diesel\r\nkurg as\r\nsokar\r\ndeksel', 2, 0, 2, NULL, '2020-01-31 09:55:44', '2020-01-31 09:55:44'),
(32, 'RN-000032', 44, 'blok kijang diesel', 'kijang diesel', '0', 'boring blok diesel', 'rusak', 'blok\r\nkur as\r\ndeksel', 2, 0, 1, NULL, '2020-01-31 10:08:26', '2020-01-31 10:08:26'),
(35, 'RN-000033', 41, '12121', '23232', '23232', '3323', '213232', '1221323', 10, 0, 2, NULL, '2020-02-10 08:40:37', NULL),
(37, 'RN-000036', 44, 'Block , kroas , deksel', 't120ss', 't120ss', 'block boring\nkroas bubut RD 9mata\ndeksel cuci sitting', 'rusak', 'block , kroas , deksel', 3, 0, 2, NULL, '2020-02-10 09:39:05', NULL),
(38, 'RN-000038', 41, 'blok', 'kijang innova', '0', 'boring blok', 'rusak', 'blok\r\ndeksel\r\nsokar', 3, 0, 1, NULL, '2020-02-10 09:45:52', '2020-02-10 09:45:52'),
(39, 'RN-000039', 54, 'Kor\'as', 'avanza', '123', 'Bubut Raun Duduk', 'oversize 0,50', 'Kor\'as', 2, 1, 2, NULL, '2020-02-26 04:52:41', '2020-02-26 04:52:41'),
(40, 'RN-000040', 53, 'deksel', 'kijang', 'kijang', 'scrap deksel', 'rusak', 'deksel, piston dan ring', 2, 0, 2, NULL, '2020-03-05 06:13:44', NULL),
(41, 'RN-000041', 54, 'deksel', 'beat', 'beat', 'rusak', 'rusak', 'as', 3, 0, 2, NULL, '2020-03-05 10:02:26', NULL),
(43, 'RN-000042', 59, 'deksel', 'kijang innova', 'kijang innova', 'rusak', 'rusak', 'gak ada', 2, 0, 2, NULL, '2020-03-05 10:27:35', NULL),
(44, 'RN-000044', 53, 'sokar', 'avanza', '678', 'rusak', 'rusak', 'yuju', 1, 3, 1, NULL, '2020-03-07 07:24:19', '2020-03-07 07:24:19'),
(45, 'RN-000045', 56, 'Blok L300D', '23', '678', 'seken', 'rusak', 'piston', 1, 3, 1, NULL, '2020-03-07 07:38:07', '2020-03-07 07:38:07'),
(46, 'RN-000046', 61, 'deksel', '0', '0', 'rusak', 'rusak', 'deksel aja', 3, 0, 2, NULL, '2020-03-16 03:10:46', NULL),
(47, 'RN-000047', 68, 'block kroas', 'avanza', 'avanza', 'rusak', 'rusak', 'block kroas', 3, 0, 2, NULL, '2020-03-16 03:57:30', NULL);

--
-- Triggers `tanda_terima`
--
DELIMITER $$
CREATE TRIGGER `tanda_terima_after_delete_kas` AFTER DELETE ON `tanda_terima` FOR EACH ROW BEGIN


DELETE FROM cash_flows WHERE document = OLD.ttno;
END
$$
DELIMITER ;
DELIMITER $$
CREATE TRIGGER `tanda_terima_after_insert_kas` AFTER INSERT ON `tanda_terima` FOR EACH ROW BEGIN

INSERT INTO cash_flows(type,document,incash,outcash,created_at,updated_at)VALUES('T.TERIMA', NEW.ttno, NEW.dp, 0, NEW.created_at, NEW.updated_at);

END
$$
DELIMITER ;
DELIMITER $$
CREATE TRIGGER `tanda_terima_after_update_kas` AFTER UPDATE ON `tanda_terima` FOR EACH ROW BEGIN

UPDATE cash_flows SET incash = NEW.dp WHERE document = NEW.ttno;
END
$$
DELIMITER ;

-- --------------------------------------------------------

--
-- Table structure for table `teknisi`
--

CREATE TABLE `teknisi` (
  `id` int(10) UNSIGNED NOT NULL,
  `nama` varchar(255) COLLATE utf8mb4_unicode_ci NOT NULL,
  `alamat` varchar(255) COLLATE utf8mb4_unicode_ci NOT NULL,
  `jenis_kelamin` varchar(255) COLLATE utf8mb4_unicode_ci NOT NULL,
  `tgl_lahir` date NOT NULL,
  `hp` varchar(15) COLLATE utf8mb4_unicode_ci NOT NULL,
  `no_ktp` varchar(255) COLLATE utf8mb4_unicode_ci NOT NULL,
  `password` varchar(255) COLLATE utf8mb4_unicode_ci NOT NULL,
  `foto` varchar(255) COLLATE utf8mb4_unicode_ci DEFAULT NULL,
  `token` varchar(255) COLLATE utf8mb4_unicode_ci DEFAULT NULL,
  `created_at` timestamp NULL DEFAULT NULL,
  `updated_at` timestamp NULL DEFAULT NULL
) ENGINE=InnoDB DEFAULT CHARSET=utf8mb4 COLLATE=utf8mb4_unicode_ci;

--
-- Dumping data for table `teknisi`
--

INSERT INTO `teknisi` (`id`, `nama`, `alamat`, `jenis_kelamin`, `tgl_lahir`, `hp`, `no_ktp`, `password`, `foto`, `token`, `created_at`, `updated_at`) VALUES
(46, 'wak narsu', 'mabar', 'Laki-Laki', '2020-01-05', '6566', '66265622', 'admin', NULL, NULL, '2020-01-22 06:55:51', '2020-01-22 06:55:51'),
(47, 'ANGGA', 'JL. T. Morawa', 'Laki-Laki', '2015-05-05', '085362318917', '615656156156161', '0', NULL, NULL, '2020-02-10 08:51:04', '2020-02-10 08:51:04'),
(48, 'leli', 'Jl. Delitua', 'Perempuan', '1996-02-03', '081361684921', '615656156156161', '0', NULL, NULL, '2020-02-10 08:52:58', '2020-02-10 08:52:58');

-- --------------------------------------------------------

--
-- Table structure for table `token`
--

CREATE TABLE `token` (
  `id` int(11) DEFAULT NULL,
  `token` varchar(255) DEFAULT NULL
) ENGINE=InnoDB DEFAULT CHARSET=latin1;

--
-- Dumping data for table `token`
--

INSERT INTO `token` (`id`, `token`) VALUES
(1, 'fUMWY5RALfQ:APA91bHNWMO4Yb-b7RfjH_15ZB1M60Ptjbj7al9UYZDSzgvTIZ7bmqOeuu5Dj4FD7Oq-ZmSVX3n1T5AeIQZWhL0W96IBsmCcbZtrN-PochRxK1cGuYXmTbhraW1ptjw6oW5MZ9kZJwfr'),
(2, 'dfpmEh6JQIU:APA91bFpH6ty9vuLABgR2v1JfdZT5p35An_KtpyWN4WgHy1FsB5TgKCuDlGClNFAGVsO2HAvxpRXQSLk9N4C8rpNNKnDibXzUkEQMkdZqkhyPR_PaFPb6VsTuCz0KEsOs4pg8m0GZ5By');

-- --------------------------------------------------------

--
-- Table structure for table `units`
--

CREATE TABLE `units` (
  `id` int(10) UNSIGNED NOT NULL,
  `unit` varchar(255) COLLATE utf8mb4_unicode_ci NOT NULL,
  `created_at` timestamp NULL DEFAULT NULL,
  `updated_at` timestamp NULL DEFAULT NULL
) ENGINE=InnoDB DEFAULT CHARSET=utf8mb4 COLLATE=utf8mb4_unicode_ci;

--
-- Dumping data for table `units`
--

INSERT INTO `units` (`id`, `unit`, `created_at`, `updated_at`) VALUES
(19, 'KG', '2021-10-04 04:54:46', '2021-10-04 04:54:46'),
(21, 'GRAM', '2021-10-04 08:57:00', '2021-10-04 08:57:00'),
(30, 'LEMBAR', '2022-02-18 09:20:40', '2022-02-18 09:20:40');

-- --------------------------------------------------------

--
-- Table structure for table `users`
--

CREATE TABLE `users` (
  `id` int(10) UNSIGNED NOT NULL,
  `name` varchar(255) COLLATE utf8mb4_unicode_ci NOT NULL,
  `email` varchar(255) COLLATE utf8mb4_unicode_ci NOT NULL,
  `password` varchar(255) COLLATE utf8mb4_unicode_ci NOT NULL,
  `remember_token` varchar(100) COLLATE utf8mb4_unicode_ci DEFAULT NULL,
  `level` varchar(255) COLLATE utf8mb4_unicode_ci DEFAULT NULL,
  `created_at` timestamp NULL DEFAULT NULL,
  `updated_at` timestamp NULL DEFAULT NULL
) ENGINE=InnoDB DEFAULT CHARSET=utf8mb4 COLLATE=utf8mb4_unicode_ci;

--
-- Dumping data for table `users`
--

INSERT INTO `users` (`id`, `name`, `email`, `password`, `remember_token`, `level`, `created_at`, `updated_at`) VALUES
(3, 'Joni', 'aryadhanadippa@gmail.com', '$2y$10$8QlMzzzb4bt5VCIai8YLeOmpK8ILAwtSsu6zKQ4pcAo1/G2BmgMxG', 'KXfZKOwlm22IA1JyV75Tb1S0YwpHK44c6pNDKrStn41XGxwIFN5EOnEFKHnV', 'ADMIN', '2019-09-03 01:42:03', '2020-01-22 06:53:43'),
(9, 'Rita', 'rita@gmail.com', '$2y$10$P4eWnRv8BBO9oOd5eNd/Oua2AjLsjRrY2zJM1eozgO12s8o0CZCGm', 'j4kkv1dKhb9xokkFT3RwVxPmOPyxDTKnjhga3DQaNC3EfUgaqK2FdHp3jdif', 'ADMIN', '2020-01-22 09:40:30', '2020-01-23 09:18:32'),
(11, 'Ian Ikhwanul Ardhian', 'ian@mail.com', '$2y$10$7REttXcRwmyp6oRPM07Sse5QrsBrO.cgLcZRqeE3qs5k9p/AM0dVy', 'XxMiwI7FpRH5K1BiRCacPkIOohNm8HcNrRJrd95nr6YMfk2YX5PJNH2lBg5N', 'BARANG', '2020-01-23 02:55:27', '2020-01-23 02:55:27'),
(12, 'Inka Mahira Diana', 'iin@mail.com', '$2y$10$jurhNu3oHFnO4X5jxADNvej/1kRmr2ZgK0bf4u7EYbhpWgiSnhOLS', 'lwsQrrYXdIfbis9ZgTcGCIqHUBX5qmWFXVqwpYx83AZtsj3TRNkrZfCJTW8d', 'ADMIN', '2020-01-23 02:56:03', '2020-01-23 02:56:03'),
(13, 'Jhonny Andrean', 'joni@mail.com', '$2y$10$rjpCw8uzi4RUIbl0BWML4.bLGWh83Ti0/rz3bivoY1fK4nN9Fv/OS', 'k33geisQmX1jpgqYUgEjE1ruPjcv2b0y1ppQV89ivtIK1C8Fsz1XNvLJIuzf', 'GUEST', '2020-01-23 05:27:16', '2020-01-23 05:27:16'),
(14, 'Riko', 'riko@gmail.com', '$2y$10$jVryF3DjE2NEGdVG8ACtVO0vSgSCFW/blQfCxQ/LBICvTOIoMQ6uK', 'QXhksPHFR9VpigZIzcMXMro9YOJ3sEELafD8M29EqkAV1JeZ213MYGQJduDI', 'BARANG', '2020-01-23 09:16:41', '2020-01-23 09:16:41'),
(15, 'jajang', 'jajang@gmail.com', '$2y$10$I0soy.xBkAghHlgQjUikD.QDtQod/dkv6V0d6N5TlKSS17.zXwJse', NULL, 'BARANG', '2020-01-23 09:17:05', '2020-01-23 09:17:05'),
(16, 'Apeh', 'apeh@gmail.com', '$2y$10$9ywoHNyPi5DtsTWZ3nHB2O7bMzC0Su3ql1hcg67BjYcU.PDgHr9.y', NULL, 'ADMIN', '2020-01-23 09:17:52', '2020-01-23 09:17:52'),
(23, 'Fiorensza sallyna', 'Fiorenszasallyna@gmail.com', '$2y$10$K1Fgp218eOoGQ/Yju35IVuAx2wh1QsqQnH0KfStMSLxt4F0GW6tRu', 'r55nz9teqHu4q9e5bQwlY9Drn765xdK98bGu9FPLcS2I17HIK3d1JAc86gI9', 'ADMIN', '2022-02-11 11:08:13', '2022-02-11 11:08:13'),
(24, 'tes', 'tes@gmail.com', '$2y$10$zQIphoELwWRMfhhhVE2GluYGgrxORlTZTCak/TCwFZ953xkxVUEsS', 'u1ymkVS2kz7NZavuvVfo94ZGIcWc5OzEdpFiXbFiZimaDvLHMJR7B3x6EDxP', 'ADMIN', '2022-08-28 02:34:56', '2022-08-28 02:34:56'),
(25, 'tes1', 'tes1@gmail.com', '$2y$10$unEKTf08vraGKbyoblxkgeC60U.EWI9l5X5ucYewGL6NyCFH15G1e', 'denPZanDLw3fT9rHamuWE02DMdln48mJKAyqvkK8KQepUGb8KTncvUA1uDix', 'OPERATOR', '2022-08-28 02:58:24', '2022-08-28 02:58:24'),
(26, 'kepala produksi', 'kp@gmail.com', '$2y$10$u.N4v6w9u4JkhMh4dpyoeu1tHcnR9oFe1OJn5Nrq44yZo3YDhFqzO', NULL, 'KEPALA PRODUKSI', '2022-08-28 03:24:46', '2022-08-28 03:24:46'),
(27, 'admin bahan baku', 'abb@gmail.com', '$2y$10$GAbYZfGsJwXWN26KrhW0Xe95Q.n2dYvk0oeaZRXyiUmbw6cZC0a3m', NULL, 'ADMIN BAHAN BAKU', '2022-08-28 03:25:12', '2022-08-28 03:25:12'),
(28, 'admin produksi', 'ap@gmail.com', '$2y$10$cBiQb.B081PgAGAguxjcc.quZEgY3Y8R0YzZ4qmSmaFvCAYyhkNYy', NULL, 'ADMIN PRODUKSI', '2022-08-28 03:25:45', '2022-08-28 03:25:45'),
(29, 'staff produksi', 'sp@gmail.com', '$2y$10$aJdu7xz0LOw2BkCsgCwSq.TG5a/M8fDj2256BnKAE4d4dE6v.OJwa', NULL, 'STAFF PRODUKSI', '2022-08-28 03:26:11', '2022-08-28 03:26:11');

--
-- Indexes for dumped tables
--

--
-- Indexes for table `antrian`
--
ALTER TABLE `antrian`
  ADD PRIMARY KEY (`id`);

--
-- Indexes for table `cashes`
--
ALTER TABLE `cashes`
  ADD PRIMARY KEY (`id`);

--
-- Indexes for table `cash_flows`
--
ALTER TABLE `cash_flows`
  ADD PRIMARY KEY (`id`);

--
-- Indexes for table `categories`
--
ALTER TABLE `categories`
  ADD PRIMARY KEY (`id`);

--
-- Indexes for table `costs`
--
ALTER TABLE `costs`
  ADD PRIMARY KEY (`id`);

--
-- Indexes for table `customers`
--
ALTER TABLE `customers`
  ADD PRIMARY KEY (`id`);

--
-- Indexes for table `custpays`
--
ALTER TABLE `custpays`
  ADD PRIMARY KEY (`id`);

--
-- Indexes for table `debts`
--
ALTER TABLE `debts`
  ADD PRIMARY KEY (`id`);

--
-- Indexes for table `expenses`
--
ALTER TABLE `expenses`
  ADD PRIMARY KEY (`id`);

--
-- Indexes for table `goodreceipt`
--
ALTER TABLE `goodreceipt`
  ADD PRIMARY KEY (`id`);

--
-- Indexes for table `goodreceipt_details`
--
ALTER TABLE `goodreceipt_details`
  ADD PRIMARY KEY (`id`);

--
-- Indexes for table `goods`
--
ALTER TABLE `goods`
  ADD PRIMARY KEY (`id`);

--
-- Indexes for table `jobs`
--
ALTER TABLE `jobs`
  ADD PRIMARY KEY (`id`);

--
-- Indexes for table `kasir`
--
ALTER TABLE `kasir`
  ADD PRIMARY KEY (`id`);

--
-- Indexes for table `materialcombines`
--
ALTER TABLE `materialcombines`
  ADD PRIMARY KEY (`id`),
  ADD KEY `id_product` (`id_product`);

--
-- Indexes for table `materialconsume`
--
ALTER TABLE `materialconsume`
  ADD PRIMARY KEY (`id`);

--
-- Indexes for table `materials`
--
ALTER TABLE `materials`
  ADD PRIMARY KEY (`id`);

--
-- Indexes for table `materialsold_new`
--
ALTER TABLE `materialsold_new`
  ADD PRIMARY KEY (`id`);

--
-- Indexes for table `materials_old`
--
ALTER TABLE `materials_old`
  ADD PRIMARY KEY (`id`);

--
-- Indexes for table `materialused`
--
ALTER TABLE `materialused`
  ADD PRIMARY KEY (`id`);

--
-- Indexes for table `material_adjustment`
--
ALTER TABLE `material_adjustment`
  ADD PRIMARY KEY (`id`);

--
-- Indexes for table `migrations`
--
ALTER TABLE `migrations`
  ADD PRIMARY KEY (`id`);

--
-- Indexes for table `productions`
--
ALTER TABLE `productions`
  ADD PRIMARY KEY (`id`);

--
-- Indexes for table `production_batch`
--
ALTER TABLE `production_batch`
  ADD PRIMARY KEY (`id`);

--
-- Indexes for table `production_details`
--
ALTER TABLE `production_details`
  ADD PRIMARY KEY (`id`);

--
-- Indexes for table `production_tmp`
--
ALTER TABLE `production_tmp`
  ADD PRIMARY KEY (`id`);

--
-- Indexes for table `profils`
--
ALTER TABLE `profils`
  ADD PRIMARY KEY (`id`);

--
-- Indexes for table `purchases`
--
ALTER TABLE `purchases`
  ADD PRIMARY KEY (`id`);

--
-- Indexes for table `purchase_details`
--
ALTER TABLE `purchase_details`
  ADD PRIMARY KEY (`id`);

--
-- Indexes for table `purchase_tmp`
--
ALTER TABLE `purchase_tmp`
  ADD PRIMARY KEY (`id`);

--
-- Indexes for table `quotes`
--
ALTER TABLE `quotes`
  ADD PRIMARY KEY (`id`);

--
-- Indexes for table `quote_item`
--
ALTER TABLE `quote_item`
  ADD PRIMARY KEY (`id`);

--
-- Indexes for table `quote_tmp`
--
ALTER TABLE `quote_tmp`
  ADD PRIMARY KEY (`id`);

--
-- Indexes for table `retur`
--
ALTER TABLE `retur`
  ADD PRIMARY KEY (`id`);

--
-- Indexes for table `retur_item`
--
ALTER TABLE `retur_item`
  ADD PRIMARY KEY (`id`);

--
-- Indexes for table `retur_tmp`
--
ALTER TABLE `retur_tmp`
  ADD PRIMARY KEY (`id`);

--
-- Indexes for table `sales`
--
ALTER TABLE `sales`
  ADD PRIMARY KEY (`id`);

--
-- Indexes for table `salespay`
--
ALTER TABLE `salespay`
  ADD PRIMARY KEY (`id`);

--
-- Indexes for table `sales_item`
--
ALTER TABLE `sales_item`
  ADD PRIMARY KEY (`id`);

--
-- Indexes for table `sales_tmp`
--
ALTER TABLE `sales_tmp`
  ADD PRIMARY KEY (`id`);

--
-- Indexes for table `services`
--
ALTER TABLE `services`
  ADD PRIMARY KEY (`id`);

--
-- Indexes for table `service_item_good`
--
ALTER TABLE `service_item_good`
  ADD PRIMARY KEY (`id`);

--
-- Indexes for table `service_item_job`
--
ALTER TABLE `service_item_job`
  ADD PRIMARY KEY (`id`);

--
-- Indexes for table `service_tmp`
--
ALTER TABLE `service_tmp`
  ADD PRIMARY KEY (`id`);

--
-- Indexes for table `stocks`
--
ALTER TABLE `stocks`
  ADD PRIMARY KEY (`id`);

--
-- Indexes for table `suppliers`
--
ALTER TABLE `suppliers`
  ADD PRIMARY KEY (`id`);

--
-- Indexes for table `tanda_terima`
--
ALTER TABLE `tanda_terima`
  ADD PRIMARY KEY (`id`);

--
-- Indexes for table `teknisi`
--
ALTER TABLE `teknisi`
  ADD PRIMARY KEY (`id`),
  ADD UNIQUE KEY `hp` (`hp`);

--
-- Indexes for table `units`
--
ALTER TABLE `units`
  ADD PRIMARY KEY (`id`);

--
-- Indexes for table `users`
--
ALTER TABLE `users`
  ADD PRIMARY KEY (`id`);

--
-- AUTO_INCREMENT for dumped tables
--

--
-- AUTO_INCREMENT for table `antrian`
--
ALTER TABLE `antrian`
  MODIFY `id` int(11) NOT NULL AUTO_INCREMENT, AUTO_INCREMENT=4;

--
-- AUTO_INCREMENT for table `cashes`
--
ALTER TABLE `cashes`
  MODIFY `id` int(10) UNSIGNED NOT NULL AUTO_INCREMENT, AUTO_INCREMENT=496;

--
-- AUTO_INCREMENT for table `cash_flows`
--
ALTER TABLE `cash_flows`
  MODIFY `id` int(10) UNSIGNED NOT NULL AUTO_INCREMENT, AUTO_INCREMENT=857;

--
-- AUTO_INCREMENT for table `categories`
--
ALTER TABLE `categories`
  MODIFY `id` int(10) UNSIGNED NOT NULL AUTO_INCREMENT, AUTO_INCREMENT=78;

--
-- AUTO_INCREMENT for table `costs`
--
ALTER TABLE `costs`
  MODIFY `id` int(10) UNSIGNED NOT NULL AUTO_INCREMENT, AUTO_INCREMENT=9;

--
-- AUTO_INCREMENT for table `customers`
--
ALTER TABLE `customers`
  MODIFY `id` int(10) UNSIGNED NOT NULL AUTO_INCREMENT, AUTO_INCREMENT=1260;

--
-- AUTO_INCREMENT for table `custpays`
--
ALTER TABLE `custpays`
  MODIFY `id` int(10) UNSIGNED NOT NULL AUTO_INCREMENT, AUTO_INCREMENT=3;

--
-- AUTO_INCREMENT for table `debts`
--
ALTER TABLE `debts`
  MODIFY `id` int(10) UNSIGNED NOT NULL AUTO_INCREMENT, AUTO_INCREMENT=5;

--
-- AUTO_INCREMENT for table `expenses`
--
ALTER TABLE `expenses`
  MODIFY `id` int(10) UNSIGNED NOT NULL AUTO_INCREMENT, AUTO_INCREMENT=3;

--
-- AUTO_INCREMENT for table `goodreceipt`
--
ALTER TABLE `goodreceipt`
  MODIFY `id` int(10) UNSIGNED NOT NULL AUTO_INCREMENT, AUTO_INCREMENT=165;

--
-- AUTO_INCREMENT for table `goodreceipt_details`
--
ALTER TABLE `goodreceipt_details`
  MODIFY `id` int(10) UNSIGNED NOT NULL AUTO_INCREMENT, AUTO_INCREMENT=446;

--
-- AUTO_INCREMENT for table `goods`
--
ALTER TABLE `goods`
  MODIFY `id` int(10) NOT NULL AUTO_INCREMENT, AUTO_INCREMENT=292;

--
-- AUTO_INCREMENT for table `jobs`
--
ALTER TABLE `jobs`
  MODIFY `id` int(10) UNSIGNED NOT NULL AUTO_INCREMENT, AUTO_INCREMENT=203;

--
-- AUTO_INCREMENT for table `kasir`
--
ALTER TABLE `kasir`
  MODIFY `id` int(11) NOT NULL AUTO_INCREMENT, AUTO_INCREMENT=2;

--
-- AUTO_INCREMENT for table `materialcombines`
--
ALTER TABLE `materialcombines`
  MODIFY `id` int(11) NOT NULL AUTO_INCREMENT, AUTO_INCREMENT=2841;

--
-- AUTO_INCREMENT for table `materialconsume`
--
ALTER TABLE `materialconsume`
  MODIFY `id` int(11) NOT NULL AUTO_INCREMENT, AUTO_INCREMENT=1489;

--
-- AUTO_INCREMENT for table `materials`
--
ALTER TABLE `materials`
  MODIFY `id` int(10) UNSIGNED NOT NULL AUTO_INCREMENT, AUTO_INCREMENT=431;

--
-- AUTO_INCREMENT for table `materialsold_new`
--
ALTER TABLE `materialsold_new`
  MODIFY `id` int(10) UNSIGNED NOT NULL AUTO_INCREMENT, AUTO_INCREMENT=431;

--
-- AUTO_INCREMENT for table `materials_old`
--
ALTER TABLE `materials_old`
  MODIFY `id` int(10) UNSIGNED NOT NULL AUTO_INCREMENT, AUTO_INCREMENT=431;

--
-- AUTO_INCREMENT for table `materialused`
--
ALTER TABLE `materialused`
  MODIFY `id` int(11) NOT NULL AUTO_INCREMENT, AUTO_INCREMENT=1023;

--
-- AUTO_INCREMENT for table `material_adjustment`
--
ALTER TABLE `material_adjustment`
  MODIFY `id` int(11) NOT NULL AUTO_INCREMENT, AUTO_INCREMENT=24;

--
-- AUTO_INCREMENT for table `migrations`
--
ALTER TABLE `migrations`
  MODIFY `id` int(10) UNSIGNED NOT NULL AUTO_INCREMENT, AUTO_INCREMENT=34;

--
-- AUTO_INCREMENT for table `productions`
--
ALTER TABLE `productions`
  MODIFY `id` int(10) UNSIGNED NOT NULL AUTO_INCREMENT, AUTO_INCREMENT=72;

--
-- AUTO_INCREMENT for table `production_batch`
--
ALTER TABLE `production_batch`
  MODIFY `id` int(10) UNSIGNED NOT NULL AUTO_INCREMENT, AUTO_INCREMENT=152;

--
-- AUTO_INCREMENT for table `production_details`
--
ALTER TABLE `production_details`
  MODIFY `id` int(10) UNSIGNED NOT NULL AUTO_INCREMENT, AUTO_INCREMENT=70;

--
-- AUTO_INCREMENT for table `production_tmp`
--
ALTER TABLE `production_tmp`
  MODIFY `id` int(10) UNSIGNED NOT NULL AUTO_INCREMENT;

--
-- AUTO_INCREMENT for table `profils`
--
ALTER TABLE `profils`
  MODIFY `id` int(10) UNSIGNED NOT NULL AUTO_INCREMENT, AUTO_INCREMENT=2;

--
-- AUTO_INCREMENT for table `purchases`
--
ALTER TABLE `purchases`
  MODIFY `id` int(10) UNSIGNED NOT NULL AUTO_INCREMENT, AUTO_INCREMENT=184;

--
-- AUTO_INCREMENT for table `purchase_details`
--
ALTER TABLE `purchase_details`
  MODIFY `id` int(10) UNSIGNED NOT NULL AUTO_INCREMENT, AUTO_INCREMENT=486;

--
-- AUTO_INCREMENT for table `purchase_tmp`
--
ALTER TABLE `purchase_tmp`
  MODIFY `id` int(10) UNSIGNED NOT NULL AUTO_INCREMENT, AUTO_INCREMENT=735;

--
-- AUTO_INCREMENT for table `quotes`
--
ALTER TABLE `quotes`
  MODIFY `id` int(10) UNSIGNED NOT NULL AUTO_INCREMENT, AUTO_INCREMENT=83;

--
-- AUTO_INCREMENT for table `quote_item`
--
ALTER TABLE `quote_item`
  MODIFY `id` int(10) UNSIGNED NOT NULL AUTO_INCREMENT, AUTO_INCREMENT=128;

--
-- AUTO_INCREMENT for table `quote_tmp`
--
ALTER TABLE `quote_tmp`
  MODIFY `id` int(10) UNSIGNED NOT NULL AUTO_INCREMENT;

--
-- AUTO_INCREMENT for table `retur`
--
ALTER TABLE `retur`
  MODIFY `id` int(10) UNSIGNED NOT NULL AUTO_INCREMENT, AUTO_INCREMENT=7;

--
-- AUTO_INCREMENT for table `retur_item`
--
ALTER TABLE `retur_item`
  MODIFY `id` int(10) UNSIGNED NOT NULL AUTO_INCREMENT, AUTO_INCREMENT=10;

--
-- AUTO_INCREMENT for table `retur_tmp`
--
ALTER TABLE `retur_tmp`
  MODIFY `id` int(10) UNSIGNED NOT NULL AUTO_INCREMENT;

--
-- AUTO_INCREMENT for table `sales`
--
ALTER TABLE `sales`
  MODIFY `id` int(10) UNSIGNED NOT NULL AUTO_INCREMENT, AUTO_INCREMENT=12;

--
-- AUTO_INCREMENT for table `salespay`
--
ALTER TABLE `salespay`
  MODIFY `id` int(10) UNSIGNED NOT NULL AUTO_INCREMENT;

--
-- AUTO_INCREMENT for table `sales_item`
--
ALTER TABLE `sales_item`
  MODIFY `id` int(10) UNSIGNED NOT NULL AUTO_INCREMENT, AUTO_INCREMENT=14;

--
-- AUTO_INCREMENT for table `sales_tmp`
--
ALTER TABLE `sales_tmp`
  MODIFY `id` int(10) UNSIGNED NOT NULL AUTO_INCREMENT, AUTO_INCREMENT=20;

--
-- AUTO_INCREMENT for table `services`
--
ALTER TABLE `services`
  MODIFY `id` int(10) UNSIGNED NOT NULL AUTO_INCREMENT, AUTO_INCREMENT=33;

--
-- AUTO_INCREMENT for table `service_item_good`
--
ALTER TABLE `service_item_good`
  MODIFY `id` int(10) UNSIGNED NOT NULL AUTO_INCREMENT, AUTO_INCREMENT=60;

--
-- AUTO_INCREMENT for table `service_item_job`
--
ALTER TABLE `service_item_job`
  MODIFY `id` int(10) UNSIGNED NOT NULL AUTO_INCREMENT, AUTO_INCREMENT=39;

--
-- AUTO_INCREMENT for table `service_tmp`
--
ALTER TABLE `service_tmp`
  MODIFY `id` int(10) UNSIGNED NOT NULL AUTO_INCREMENT;

--
-- AUTO_INCREMENT for table `stocks`
--
ALTER TABLE `stocks`
  MODIFY `id` int(10) UNSIGNED NOT NULL AUTO_INCREMENT, AUTO_INCREMENT=507;

--
-- AUTO_INCREMENT for table `suppliers`
--
ALTER TABLE `suppliers`
  MODIFY `id` int(10) UNSIGNED NOT NULL AUTO_INCREMENT, AUTO_INCREMENT=47;

--
-- AUTO_INCREMENT for table `tanda_terima`
--
ALTER TABLE `tanda_terima`
  MODIFY `id` int(10) UNSIGNED NOT NULL AUTO_INCREMENT, AUTO_INCREMENT=48;

--
-- AUTO_INCREMENT for table `teknisi`
--
ALTER TABLE `teknisi`
  MODIFY `id` int(10) UNSIGNED NOT NULL AUTO_INCREMENT, AUTO_INCREMENT=49;

--
-- AUTO_INCREMENT for table `units`
--
ALTER TABLE `units`
  MODIFY `id` int(10) UNSIGNED NOT NULL AUTO_INCREMENT, AUTO_INCREMENT=31;

--
-- AUTO_INCREMENT for table `users`
--
ALTER TABLE `users`
  MODIFY `id` int(10) UNSIGNED NOT NULL AUTO_INCREMENT, AUTO_INCREMENT=30;

--
-- Constraints for dumped tables
--

--
-- Constraints for table `materialcombines`
--
ALTER TABLE `materialcombines`
  ADD CONSTRAINT `materialcombines_ibfk_1` FOREIGN KEY (`id_product`) REFERENCES `goods` (`id`) ON DELETE CASCADE ON UPDATE CASCADE;
COMMIT;

/*!40101 SET CHARACTER_SET_CLIENT=@OLD_CHARACTER_SET_CLIENT */;
/*!40101 SET CHARACTER_SET_RESULTS=@OLD_CHARACTER_SET_RESULTS */;
/*!40101 SET COLLATION_CONNECTION=@OLD_COLLATION_CONNECTION */;
